#VRML V2.0 utf8
# 3D model generated by easyeda2kicad.py (https://github.com/uPesy/easyeda2kicad.py)

Shape{
    appearance Appearance {
        material  Material 	{
            diffuseColor 0.7529411764705882 0.7529411764705882 0.7529411764705882
            specularColor 0.3764705882352941 0.3764705882352941 0.3764705882352941
            ambientIntensity 0.2
            transparency 0
            shininess 0.5
        }
    }
    geometry IndexedFaceSet {
        ccw TRUE
        solid FALSE
        coord DEF co Coordinate {
            point [
                -3.2087 1.3583 2.4213, -3.1969 1.3583 2.3928, -3.311 1.3583 2.3622, -3.1929 1.3583 2.3622, -3.1969 1.3583 2.3316, -3.2805 1.3583 2.4763, -3.252 1.3583 2.4645, -3.2275 1.3583 2.4457, -3.3701 1.3583 2.4645, -3.3416 1.3583 2.4763, -3.311 1.3583 2.4803, -3.4251 1.3583 2.3928, -3.4133 1.3583 2.4213, -3.3945 1.3583 2.4457, -3.4133 1.3583 2.3031, -3.4251 1.3583 2.3316, -3.4291 1.3583 2.3622, -3.3416 1.3583 2.2481, -3.3701 1.3583 2.2599, -3.3945 1.3583 2.2787, -3.252 1.3583 2.2599, -3.2805 1.3583 2.2481, -3.311 1.3583 2.2441, -3.2087 1.3583 2.3031, -3.2275 1.3583 2.2787, -3.2087 -1.9291 0.1969, -3.1969 -1.9576 0.1969, -3.311 -1.9882 0.1969, -3.1929 -1.9882 0.1969, -3.1969 -2.0188 0.1969, -3.2805 -1.8741 0.1969, -3.252 -1.8859 0.1969, -3.2275 -1.9047 0.1969, -3.3701 -1.8859 0.1969, -3.3416 -1.8741 0.1969, -3.311 -1.8701 0.1969, -3.4251 -1.9576 0.1969, -3.4133 -1.9291 0.1969, -3.3945 -1.9047 0.1969, -3.4133 -2.0472 0.1969, -3.4251 -2.0188 0.1969, -3.4291 -1.9882 0.1969, -3.3416 -2.1023 0.1969, -3.3701 -2.0905 0.1969, -3.3945 -2.0717 0.1969, -3.252 -2.0905 0.1969, -3.2805 -2.1023 0.1969, -3.311 -2.1063 0.1969, -3.2087 -2.0472 0.1969, -3.2275 -2.0717 0.1969, -3.1929 0.3346 2.3622, -3.1969 0.3346 2.3928, -3.2087 0.3346 2.4213, -3.2275 0.3346 2.4457, -3.252 0.3346 2.4645, -3.2805 0.3346 2.4763, -3.311 0.3346 2.4803, -3.3416 0.3346 2.4763, -3.3701 0.3346 2.4645, -3.3945 0.3346 2.4457, -3.4133 0.3346 2.4213, -3.4251 0.3346 2.3928, -3.4291 0.3346 2.3622, -3.4251 0.3346 2.3316, -3.4133 0.3346 2.3031, -3.3945 0.3346 2.2787, -3.3701 0.3346 2.2599, -3.3416 0.3346 2.2481, -3.311 0.3346 2.2441, -3.2805 0.3346 2.2481, -3.252 0.3346 2.2599, -3.2275 0.3346 2.2787, -3.2087 0.3346 2.3031, -3.1969 0.3346 2.3316, -3.311 0.1688 2.1886, -3.311 0.1985 2.2081, -3.2805 0.1664 2.1918, -3.2805 0.1965 2.2116, -3.252 0.1593 2.2012, -3.252 0.1907 2.2219, -3.2275 0.148 2.2162, -3.2275 0.1814 2.2382, -3.2087 0.1333 2.2358, -3.2087 0.1694 2.2595, -3.1969 0.1161 2.2585, -3.1969 0.1553 2.2842, -3.1929 0.0977 2.2829, -3.1929 0.1402 2.3108, -3.1969 0.0793 2.3073, -3.1969 0.1251 2.3374, -3.2087 0.0622 2.3301, -3.2087 0.111 2.3622, -3.2275 0.0474 2.3496, -3.2275 0.0989 2.3834, -3.252 0.0362 2.3646, -3.252 0.0897 2.3998, -3.2805 0.0291 2.374, -3.2805 0.0838 2.41, -3.311 0.0266 2.3773, -3.311 0.0818 2.4135, -3.3416 0.0291 2.374, -3.3416 0.0838 2.41, -3.3701 0.0362 2.3646, -3.3701 0.0897 2.3998, -3.3945 0.0474 2.3496, -3.3945 0.0989 2.3834, -3.4133 0.0622 2.3301, -3.4133 0.111 2.3622, -3.4251 0.0793 2.3073, -3.4251 0.1251 2.3374, -3.4291 0.0977 2.2829, -3.4291 0.1402 2.3108, -3.4251 0.1161 2.2585, -3.4251 0.1553 2.2842, -3.4133 0.1333 2.2358, -3.4133 0.1694 2.2595, -3.3945 0.148 2.2162, -3.3945 0.1814 2.2382, -3.3701 0.1593 2.2012, -3.3701 0.1907 2.2219, -3.3416 0.1664 2.1918, -3.3416 0.1965 2.2116, -3.311 0.2305 2.2237, -3.2805 0.229 2.2274, -3.252 0.2245 2.2383, -3.2275 0.2174 2.2557, -3.2087 0.2082 2.2783, -3.1969 0.1974 2.3047, -3.1929 0.1859 2.333, -3.1969 0.1743 2.3613, -3.2087 0.1636 2.3877, -3.2275 0.1543 2.4103, -3.252 0.1472 2.4277, -3.2805 0.1428 2.4386, -3.311 0.1413 2.4424, -3.3416 0.1428 2.4386, -3.3701 0.1472 2.4277, -3.3945 0.1543 2.4103, -3.4133 0.1636 2.3877, -3.4251 0.1743 2.3613, -3.4291 0.1859 2.333, -3.4251 0.1974 2.3047, -3.4133 0.2082 2.2783, -3.3945 0.2174 2.2557, -3.3701 0.2245 2.2383, -3.3416 0.229 2.2274, -3.311 0.2642 2.235, -3.2805 0.2632 2.2388, -3.252 0.2602 2.2502, -3.2275 0.2554 2.2684, -3.2087 0.2492 2.292, -3.1969 0.2419 2.3196, -3.1929 0.2341 2.3491, -3.1969 0.2263 2.3787, -3.2087 0.219 2.4062, -3.2275 0.2127 2.4299, -3.252 0.2079 2.448, -3.2805 0.2049 2.4594, -3.311 0.2039 2.4633, -3.3416 0.2049 2.4594, -3.3701 0.2079 2.448, -3.3945 0.2127 2.4299, -3.4133 0.219 2.4062, -3.4251 0.2263 2.3787, -3.4291 0.2341 2.3491, -3.4251 0.2419 2.3196, -3.4133 0.2492 2.292, -3.3945 0.2554 2.2684, -3.3701 0.2602 2.2502, -3.3416 0.2632 2.2388, -3.311 0.2992 2.2418, -3.2805 0.2986 2.2458, -3.252 0.2971 2.2575, -3.2275 0.2947 2.2761, -3.2087 0.2915 2.3004, -3.1969 0.2879 2.3286, -3.1929 0.2839 2.3589, -3.1969 0.28 2.3892, -3.2087 0.2763 2.4175, -3.2275 0.2732 2.4417, -3.252 0.2708 2.4604, -3.2805 0.2692 2.4721, -3.311 0.2687 2.4761, -3.3416 0.2692 2.4721, -3.3701 0.2708 2.4604, -3.3945 0.2732 2.4417, -3.4133 0.2763 2.4175, -3.4251 0.28 2.3892, -3.4291 0.2839 2.3589, -3.4251 0.2879 2.3286, -3.4133 0.2915 2.3004, -3.3945 0.2947 2.2761, -3.3701 0.2971 2.2575, -3.3416 0.2986 2.2458, -3.311 -1.7603 0.7349, -3.2805 -1.7628 0.7381, -3.252 -1.7699 0.7475, -3.2275 -1.7812 0.7625, -3.2087 -1.7959 0.7821, -3.1969 -1.813 0.8048, -3.1929 -1.8314 0.8292, -3.1969 -1.8498 0.8536, -3.2087 -1.867 0.8764, -3.2275 -1.8817 0.8959, -3.252 -1.893 0.9109, -3.2805 -1.9001 0.9203, -3.311 -1.9025 0.9235, -3.3416 -1.9001 0.9203, -3.3701 -1.893 0.9109, -3.3945 -1.8817 0.8959, -3.4133 -1.867 0.8764, -3.4251 -1.8498 0.8536, -3.4291 -1.8314 0.8292, -3.4251 -1.813 0.8048, -3.4133 -1.7959 0.7821, -3.3945 -1.7812 0.7625, -3.3701 -1.7699 0.7475, -3.3416 -1.7628 0.7381, -3.311 -1.8701 0.5148, -3.311 -1.8677 0.5511, -3.2805 -1.8741 0.5148, -3.2805 -1.8717 0.5516, -3.252 -1.8859 0.5148, -3.252 -1.8834 0.5532, -3.2275 -1.9047 0.5148, -3.2275 -1.902 0.5557, -3.2087 -1.9291 0.5148, -3.2087 -1.9262 0.5589, -3.1969 -1.9576 0.5148, -3.1969 -1.9545 0.5626, -3.1929 -1.9882 0.5148, -3.1929 -1.9848 0.5667, -3.1969 -2.0188 0.5148, -3.1969 -2.0151 0.5707, -3.2087 -2.0472 0.5148, -3.2087 -2.0433 0.5745, -3.2275 -2.0717 0.5148, -3.2275 -2.0675 0.5777, -3.252 -2.0905 0.5148, -3.252 -2.0862 0.5801, -3.2805 -2.1023 0.5148, -3.2805 -2.0978 0.5817, -3.311 -2.1063 0.5148, -3.311 -2.1018 0.5822, -3.3416 -2.1023 0.5148, -3.3416 -2.0978 0.5817, -3.3701 -2.0905 0.5148, -3.3701 -2.0862 0.5801, -3.3945 -2.0717 0.5148, -3.3945 -2.0675 0.5777, -3.4133 -2.0472 0.5148, -3.4133 -2.0433 0.5745, -3.4251 -2.0188 0.5148, -3.4251 -2.0151 0.5707, -3.4291 -1.9882 0.5148, -3.4291 -1.9848 0.5667, -3.4251 -1.9576 0.5148, -3.4251 -1.9545 0.5626, -3.4133 -1.9291 0.5148, -3.4133 -1.9262 0.5589, -3.3945 -1.9047 0.5148, -3.3945 -1.902 0.5557, -3.3701 -1.8859 0.5148, -3.3701 -1.8834 0.5532, -3.3416 -1.8741 0.5148, -3.3416 -1.8717 0.5516, -3.311 -1.8605 0.5868, -3.2805 -1.8644 0.5878, -3.252 -1.8758 0.5909, -3.2275 -1.8939 0.5958, -3.2087 -1.9175 0.6022, -3.1969 -1.945 0.6097, -3.1929 -1.9745 0.6176, -3.1969 -2.004 0.6256, -3.2087 -2.0315 0.6331, -3.2275 -2.0551 0.6395, -3.252 -2.0733 0.6444, -3.2805 -2.0846 0.6474, -3.311 -2.0885 0.6485, -3.3416 -2.0846 0.6474, -3.3701 -2.0733 0.6444, -3.3945 -2.0551 0.6395, -3.4133 -2.0315 0.6331, -3.4251 -2.004 0.6256, -3.4291 -1.9745 0.6176, -3.4251 -1.945 0.6097, -3.4133 -1.9175 0.6022, -3.3945 -1.8939 0.5958, -3.3701 -1.8758 0.5909, -3.3416 -1.8644 0.5878, -3.311 -1.8487 0.6212, -3.2805 -1.8524 0.6228, -3.252 -1.8633 0.6273, -3.2275 -1.8806 0.6346, -3.2087 -1.9032 0.644, -3.1969 -1.9295 0.655, -3.1929 -1.9577 0.6668, -3.1969 -1.9859 0.6786, -3.2087 -2.0121 0.6896, -3.2275 -2.0347 0.6991, -3.252 -2.052 0.7063, -3.2805 -2.0629 0.7109, -3.311 -2.0666 0.7124, -3.3416 -2.0629 0.7109, -3.3701 -2.052 0.7063, -3.3945 -2.0347 0.6991, -3.4133 -2.0121 0.6896, -3.4251 -1.9859 0.6786, -3.4291 -1.9577 0.6668, -3.4251 -1.9295 0.655, -3.4133 -1.9032 0.644, -3.3945 -1.8806 0.6346, -3.3701 -1.8633 0.6273, -3.3416 -1.8524 0.6228, -3.311 -1.8325 0.6538, -3.2805 -1.8359 0.6558, -3.252 -1.8461 0.6618, -3.2275 -1.8623 0.6712, -3.2087 -1.8835 0.6836, -3.1969 -1.9081 0.6979, -3.1929 -1.9345 0.7133, -3.1969 -1.9609 0.7288, -3.2087 -1.9855 0.7431, -3.2275 -2.0066 0.7555, -3.252 -2.0228 0.7649, -3.2805 -2.033 0.7709, -3.311 -2.0364 0.7729, -3.3416 -2.033 0.7709, -3.3701 -2.0228 0.7649, -3.3945 -2.0066 0.7555, -3.4133 -1.9855 0.7431, -3.4251 -1.9609 0.7288, -3.4291 -1.9345 0.7133, -3.4251 -1.9081 0.6979, -3.4133 -1.8835 0.6836, -3.3945 -1.8623 0.6712, -3.3701 -1.8461 0.6618, -3.3416 -1.8359 0.6558, -3.311 -1.8121 0.6839, -3.2805 -1.8153 0.6864, -3.252 -1.8246 0.6936, -3.2275 -1.8394 0.7052, -3.2087 -1.8587 0.7202, -3.1969 -1.8812 0.7376, -3.1929 -1.9053 0.7564, -3.1969 -1.9295 0.7752, -3.2087 -1.952 0.7927, -3.2275 -1.9713 0.8077, -3.252 -1.9861 0.8192, -3.2805 -1.9954 0.8264, -3.311 -1.9986 0.8289, -3.3416 -1.9954 0.8264, -3.3701 -1.9861 0.8192, -3.3945 -1.9713 0.8077, -3.4133 -1.952 0.7927, -3.4251 -1.9295 0.7752, -3.4291 -1.9053 0.7564, -3.4251 -1.8812 0.7376, -3.4133 -1.8587 0.7202, -3.3945 -1.8394 0.7052, -3.3701 -1.8246 0.6936, -3.3416 -1.8153 0.6864, -3.311 -1.7879 0.7111, -3.2805 -1.7907 0.714, -3.252 -1.799 0.7224, -3.2275 -1.8122 0.7358, -3.2087 -1.8293 0.7532, -3.1969 -1.8493 0.7735, -3.1929 -1.8708 0.7953, -3.1969 -1.8922 0.817, -3.2087 -1.9122 0.8373, -3.2275 -1.9294 0.8548, -3.252 -1.9426 0.8681, -3.2805 -1.9509 0.8765, -3.311 -1.9537 0.8794, -3.3416 -1.9509 0.8765, -3.3701 -1.9426 0.8681, -3.3945 -1.9294 0.8548, -3.4133 -1.9122 0.8373, -3.4251 -1.8922 0.817, -3.4291 -1.8708 0.7953, -3.4251 -1.8493 0.7735, -3.4133 -1.8293 0.7532, -3.3945 -1.8122 0.7358, -3.3701 -1.799 0.7224, -3.3416 -1.7907 0.714, -2.8072 1.3583 2.4213, -2.7954 1.3583 2.3928, -2.9094 1.3583 2.3622, -2.7913 1.3583 2.3622, -2.7954 1.3583 2.3316, -2.8789 1.3583 2.4763, -2.8504 1.3583 2.4645, -2.8259 1.3583 2.4457, -2.9685 1.3583 2.4645, -2.94 1.3583 2.4763, -2.9094 1.3583 2.4803, -3.0235 1.3583 2.3928, -3.0117 1.3583 2.4213, -2.993 1.3583 2.4457, -3.0117 1.3583 2.3031, -3.0235 1.3583 2.3316, -3.0276 1.3583 2.3622, -2.94 1.3583 2.2481, -2.9685 1.3583 2.2599, -2.993 1.3583 2.2787, -2.8504 1.3583 2.2599, -2.8789 1.3583 2.2481, -2.9094 1.3583 2.2441, -2.8072 1.3583 2.3031, -2.8259 1.3583 2.2787, -2.8072 -1.9291 0.1969, -2.7954 -1.9576 0.1969, -2.9094 -1.9882 0.1969, -2.7913 -1.9882 0.1969, -2.7954 -2.0188 0.1969, -2.8789 -1.8741 0.1969, -2.8504 -1.8859 0.1969, -2.8259 -1.9047 0.1969, -2.9685 -1.8859 0.1969, -2.94 -1.8741 0.1969, -2.9094 -1.8701 0.1969, -3.0235 -1.9576 0.1969, -3.0117 -1.9291 0.1969, -2.993 -1.9047 0.1969, -3.0117 -2.0472 0.1969, -3.0235 -2.0188 0.1969, -3.0276 -1.9882 0.1969, -2.94 -2.1023 0.1969, -2.9685 -2.0905 0.1969, -2.993 -2.0717 0.1969, -2.8504 -2.0905 0.1969, -2.8789 -2.1023 0.1969, -2.9094 -2.1063 0.1969, -2.8072 -2.0472 0.1969, -2.8259 -2.0717 0.1969, -2.7913 0.3346 2.3622, -2.7954 0.3346 2.3928, -2.8072 0.3346 2.4213, -2.8259 0.3346 2.4457, -2.8504 0.3346 2.4645, -2.8789 0.3346 2.4763, -2.9094 0.3346 2.4803, -2.94 0.3346 2.4763, -2.9685 0.3346 2.4645, -2.993 0.3346 2.4457, -3.0117 0.3346 2.4213, -3.0235 0.3346 2.3928, -3.0276 0.3346 2.3622, -3.0235 0.3346 2.3316, -3.0117 0.3346 2.3031, -2.993 0.3346 2.2787, -2.9685 0.3346 2.2599, -2.94 0.3346 2.2481, -2.9094 0.3346 2.2441, -2.8789 0.3346 2.2481, -2.8504 0.3346 2.2599, -2.8259 0.3346 2.2787, -2.8072 0.3346 2.3031, -2.7954 0.3346 2.3316, -2.9094 0.1688 2.1886, -2.9094 0.1985 2.2081, -2.8789 0.1664 2.1918, -2.8789 0.1965 2.2116, -2.8504 0.1593 2.2012, -2.8504 0.1907 2.2219, -2.8259 0.148 2.2162, -2.8259 0.1814 2.2382, -2.8072 0.1333 2.2358, -2.8072 0.1694 2.2595, -2.7954 0.1161 2.2585, -2.7954 0.1553 2.2842, -2.7913 0.0977 2.2829, -2.7913 0.1402 2.3108, -2.7954 0.0793 2.3073, -2.7954 0.1251 2.3374, -2.8072 0.0622 2.3301, -2.8072 0.111 2.3622, -2.8259 0.0474 2.3496, -2.8259 0.0989 2.3834, -2.8504 0.0362 2.3646, -2.8504 0.0897 2.3998, -2.8789 0.0291 2.374, -2.8789 0.0838 2.41, -2.9094 0.0266 2.3773, -2.9094 0.0818 2.4135, -2.94 0.0291 2.374, -2.94 0.0838 2.41, -2.9685 0.0362 2.3646, -2.9685 0.0897 2.3998, -2.993 0.0474 2.3496, -2.993 0.0989 2.3834, -3.0117 0.0622 2.3301, -3.0117 0.111 2.3622, -3.0235 0.0793 2.3073, -3.0235 0.1251 2.3374, -3.0276 0.0977 2.2829, -3.0276 0.1402 2.3108, -3.0235 0.1161 2.2585, -3.0235 0.1553 2.2842, -3.0117 0.1333 2.2358, -3.0117 0.1694 2.2595, -2.993 0.148 2.2162, -2.993 0.1814 2.2382, -2.9685 0.1593 2.2012, -2.9685 0.1907 2.2219, -2.94 0.1664 2.1918, -2.94 0.1965 2.2116, -2.9094 0.2305 2.2237, -2.8789 0.229 2.2274, -2.8504 0.2245 2.2383, -2.8259 0.2174 2.2557, -2.8072 0.2082 2.2783, -2.7954 0.1974 2.3047, -2.7913 0.1859 2.333, -2.7954 0.1743 2.3613, -2.8072 0.1636 2.3877, -2.8259 0.1543 2.4103, -2.8504 0.1472 2.4277, -2.8789 0.1428 2.4386, -2.9094 0.1413 2.4424, -2.94 0.1428 2.4386, -2.9685 0.1472 2.4277, -2.993 0.1543 2.4103, -3.0117 0.1636 2.3877, -3.0235 0.1743 2.3613, -3.0276 0.1859 2.333, -3.0235 0.1974 2.3047, -3.0117 0.2082 2.2783, -2.993 0.2174 2.2557, -2.9685 0.2245 2.2383, -2.94 0.229 2.2274, -2.9094 0.2642 2.235, -2.8789 0.2632 2.2388, -2.8504 0.2602 2.2502, -2.8259 0.2554 2.2684, -2.8072 0.2492 2.292, -2.7954 0.2419 2.3196, -2.7913 0.2341 2.3491, -2.7954 0.2263 2.3787, -2.8072 0.219 2.4062, -2.8259 0.2127 2.4299, -2.8504 0.2079 2.448, -2.8789 0.2049 2.4594, -2.9094 0.2039 2.4633, -2.94 0.2049 2.4594, -2.9685 0.2079 2.448, -2.993 0.2127 2.4299, -3.0117 0.219 2.4062, -3.0235 0.2263 2.3787, -3.0276 0.2341 2.3491, -3.0235 0.2419 2.3196, -3.0117 0.2492 2.292, -2.993 0.2554 2.2684, -2.9685 0.2602 2.2502, -2.94 0.2632 2.2388, -2.9094 0.2992 2.2418, -2.8789 0.2986 2.2458, -2.8504 0.2971 2.2575, -2.8259 0.2947 2.2761, -2.8072 0.2915 2.3004, -2.7954 0.2879 2.3286, -2.7913 0.2839 2.3589, -2.7954 0.28 2.3892, -2.8072 0.2763 2.4175, -2.8259 0.2732 2.4417, -2.8504 0.2708 2.4604, -2.8789 0.2692 2.4721, -2.9094 0.2687 2.4761, -2.94 0.2692 2.4721, -2.9685 0.2708 2.4604, -2.993 0.2732 2.4417, -3.0117 0.2763 2.4175, -3.0235 0.28 2.3892, -3.0276 0.2839 2.3589, -3.0235 0.2879 2.3286, -3.0117 0.2915 2.3004, -2.993 0.2947 2.2761, -2.9685 0.2971 2.2575, -2.94 0.2986 2.2458, -2.9094 -1.7603 0.7349, -2.8789 -1.7628 0.7381, -2.8504 -1.7699 0.7475, -2.8259 -1.7812 0.7625, -2.8072 -1.7959 0.7821, -2.7954 -1.813 0.8048, -2.7913 -1.8314 0.8292, -2.7954 -1.8498 0.8536, -2.8072 -1.867 0.8764, -2.8259 -1.8817 0.8959, -2.8504 -1.893 0.9109, -2.8789 -1.9001 0.9203, -2.9094 -1.9025 0.9235, -2.94 -1.9001 0.9203, -2.9685 -1.893 0.9109, -2.993 -1.8817 0.8959, -3.0117 -1.867 0.8764, -3.0235 -1.8498 0.8536, -3.0276 -1.8314 0.8292, -3.0235 -1.813 0.8048, -3.0117 -1.7959 0.7821, -2.993 -1.7812 0.7625, -2.9685 -1.7699 0.7475, -2.94 -1.7628 0.7381, -2.9094 -1.8701 0.5148, -2.9094 -1.8677 0.5511, -2.8789 -1.8741 0.5148, -2.8789 -1.8717 0.5516, -2.8504 -1.8859 0.5148, -2.8504 -1.8834 0.5532, -2.8259 -1.9047 0.5148, -2.8259 -1.902 0.5557, -2.8072 -1.9291 0.5148, -2.8072 -1.9262 0.5589, -2.7954 -1.9576 0.5148, -2.7954 -1.9545 0.5626, -2.7913 -1.9882 0.5148, -2.7913 -1.9848 0.5667, -2.7954 -2.0188 0.5148, -2.7954 -2.0151 0.5707, -2.8072 -2.0472 0.5148, -2.8072 -2.0433 0.5745, -2.8259 -2.0717 0.5148, -2.8259 -2.0675 0.5777, -2.8504 -2.0905 0.5148, -2.8504 -2.0862 0.5801, -2.8789 -2.1023 0.5148, -2.8789 -2.0978 0.5817, -2.9094 -2.1063 0.5148, -2.9094 -2.1018 0.5822, -2.94 -2.1023 0.5148, -2.94 -2.0978 0.5817, -2.9685 -2.0905 0.5148, -2.9685 -2.0862 0.5801, -2.993 -2.0717 0.5148, -2.993 -2.0675 0.5777, -3.0117 -2.0472 0.5148, -3.0117 -2.0433 0.5745, -3.0235 -2.0188 0.5148, -3.0235 -2.0151 0.5707, -3.0276 -1.9882 0.5148, -3.0276 -1.9848 0.5667, -3.0235 -1.9576 0.5148, -3.0235 -1.9545 0.5626, -3.0117 -1.9291 0.5148, -3.0117 -1.9262 0.5589, -2.993 -1.9047 0.5148, -2.993 -1.902 0.5557, -2.9685 -1.8859 0.5148, -2.9685 -1.8834 0.5532, -2.94 -1.8741 0.5148, -2.94 -1.8717 0.5516, -2.9094 -1.8605 0.5868, -2.8789 -1.8644 0.5878, -2.8504 -1.8758 0.5909, -2.8259 -1.8939 0.5958, -2.8072 -1.9175 0.6022, -2.7954 -1.945 0.6097, -2.7913 -1.9745 0.6176, -2.7954 -2.004 0.6256, -2.8072 -2.0315 0.6331, -2.8259 -2.0551 0.6395, -2.8504 -2.0733 0.6444, -2.8789 -2.0846 0.6474, -2.9094 -2.0885 0.6485, -2.94 -2.0846 0.6474, -2.9685 -2.0733 0.6444, -2.993 -2.0551 0.6395, -3.0117 -2.0315 0.6331, -3.0235 -2.004 0.6256, -3.0276 -1.9745 0.6176, -3.0235 -1.945 0.6097, -3.0117 -1.9175 0.6022, -2.993 -1.8939 0.5958, -2.9685 -1.8758 0.5909, -2.94 -1.8644 0.5878, -2.9094 -1.8487 0.6212, -2.8789 -1.8524 0.6228, -2.8504 -1.8633 0.6273, -2.8259 -1.8806 0.6346, -2.8072 -1.9032 0.644, -2.7954 -1.9295 0.655, -2.7913 -1.9577 0.6668, -2.7954 -1.9859 0.6786, -2.8072 -2.0121 0.6896, -2.8259 -2.0347 0.6991, -2.8504 -2.052 0.7063, -2.8789 -2.0629 0.7109, -2.9094 -2.0666 0.7124, -2.94 -2.0629 0.7109, -2.9685 -2.052 0.7063, -2.993 -2.0347 0.6991, -3.0117 -2.0121 0.6896, -3.0235 -1.9859 0.6786, -3.0276 -1.9577 0.6668, -3.0235 -1.9295 0.655, -3.0117 -1.9032 0.644, -2.993 -1.8806 0.6346, -2.9685 -1.8633 0.6273, -2.94 -1.8524 0.6228, -2.9094 -1.8325 0.6538, -2.8789 -1.8359 0.6558, -2.8504 -1.8461 0.6618, -2.8259 -1.8623 0.6712, -2.8072 -1.8835 0.6836, -2.7954 -1.9081 0.6979, -2.7913 -1.9345 0.7133, -2.7954 -1.9609 0.7288, -2.8072 -1.9855 0.7431, -2.8259 -2.0066 0.7555, -2.8504 -2.0228 0.7649, -2.8789 -2.033 0.7709, -2.9094 -2.0364 0.7729, -2.94 -2.033 0.7709, -2.9685 -2.0228 0.7649, -2.993 -2.0066 0.7555, -3.0117 -1.9855 0.7431, -3.0235 -1.9609 0.7288, -3.0276 -1.9345 0.7133, -3.0235 -1.9081 0.6979, -3.0117 -1.8835 0.6836, -2.993 -1.8623 0.6712, -2.9685 -1.8461 0.6618, -2.94 -1.8359 0.6558, -2.9094 -1.8121 0.6839, -2.8789 -1.8153 0.6864, -2.8504 -1.8246 0.6936, -2.8259 -1.8394 0.7052, -2.8072 -1.8587 0.7202, -2.7954 -1.8812 0.7376, -2.7913 -1.9053 0.7564, -2.7954 -1.9295 0.7752, -2.8072 -1.952 0.7927, -2.8259 -1.9713 0.8077, -2.8504 -1.9861 0.8192, -2.8789 -1.9954 0.8264, -2.9094 -1.9986 0.8289, -2.94 -1.9954 0.8264, -2.9685 -1.9861 0.8192, -2.993 -1.9713 0.8077, -3.0117 -1.952 0.7927, -3.0235 -1.9295 0.7752, -3.0276 -1.9053 0.7564, -3.0235 -1.8812 0.7376, -3.0117 -1.8587 0.7202, -2.993 -1.8394 0.7052, -2.9685 -1.8246 0.6936, -2.94 -1.8153 0.6864, -2.9094 -1.7879 0.7111, -2.8789 -1.7907 0.714, -2.8504 -1.799 0.7224, -2.8259 -1.8122 0.7358, -2.8072 -1.8293 0.7532, -2.7954 -1.8493 0.7735, -2.7913 -1.8708 0.7953, -2.7954 -1.8922 0.817, -2.8072 -1.9122 0.8373, -2.8259 -1.9294 0.8548, -2.8504 -1.9426 0.8681, -2.8789 -1.9509 0.8765, -2.9094 -1.9537 0.8794, -2.94 -1.9509 0.8765, -2.9685 -1.9426 0.8681, -2.993 -1.9294 0.8548, -3.0117 -1.9122 0.8373, -3.0235 -1.8922 0.817, -3.0276 -1.8708 0.7953, -3.0235 -1.8493 0.7735, -3.0117 -1.8293 0.7532, -2.993 -1.8122 0.7358, -2.9685 -1.799 0.7224, -2.94 -1.7907 0.714, -2.4056 1.3583 2.4213, -2.3938 1.3583 2.3928, -2.5079 1.3583 2.3622, -2.3898 1.3583 2.3622, -2.3938 1.3583 2.3316, -2.4773 1.3583 2.4763, -2.4488 1.3583 2.4645, -2.4244 1.3583 2.4457, -2.5669 1.3583 2.4645, -2.5384 1.3583 2.4763, -2.5079 1.3583 2.4803, -2.622 1.3583 2.3928, -2.6102 1.3583 2.4213, -2.5914 1.3583 2.4457, -2.6102 1.3583 2.3031, -2.622 1.3583 2.3316, -2.626 1.3583 2.3622, -2.5384 1.3583 2.2481, -2.5669 1.3583 2.2599, -2.5914 1.3583 2.2787, -2.4488 1.3583 2.2599, -2.4773 1.3583 2.2481, -2.5079 1.3583 2.2441, -2.4056 1.3583 2.3031, -2.4244 1.3583 2.2787, -2.4056 -1.9291 0.1969, -2.3938 -1.9576 0.1969, -2.5079 -1.9882 0.1969, -2.3898 -1.9882 0.1969, -2.3938 -2.0188 0.1969, -2.4773 -1.8741 0.1969, -2.4488 -1.8859 0.1969, -2.4244 -1.9047 0.1969, -2.5669 -1.8859 0.1969, -2.5384 -1.8741 0.1969, -2.5079 -1.8701 0.1969, -2.622 -1.9576 0.1969, -2.6102 -1.9291 0.1969, -2.5914 -1.9047 0.1969, -2.6102 -2.0472 0.1969, -2.622 -2.0188 0.1969, -2.626 -1.9882 0.1969, -2.5384 -2.1023 0.1969, -2.5669 -2.0905 0.1969, -2.5914 -2.0717 0.1969, -2.4488 -2.0905 0.1969, -2.4773 -2.1023 0.1969, -2.5079 -2.1063 0.1969, -2.4056 -2.0472 0.1969, -2.4244 -2.0717 0.1969, -2.3898 0.3346 2.3622, -2.3938 0.3346 2.3928, -2.4056 0.3346 2.4213, -2.4244 0.3346 2.4457, -2.4488 0.3346 2.4645, -2.4773 0.3346 2.4763, -2.5079 0.3346 2.4803, -2.5384 0.3346 2.4763, -2.5669 0.3346 2.4645, -2.5914 0.3346 2.4457, -2.6102 0.3346 2.4213, -2.622 0.3346 2.3928, -2.626 0.3346 2.3622, -2.622 0.3346 2.3316, -2.6102 0.3346 2.3031, -2.5914 0.3346 2.2787, -2.5669 0.3346 2.2599, -2.5384 0.3346 2.2481, -2.5079 0.3346 2.2441, -2.4773 0.3346 2.2481, -2.4488 0.3346 2.2599, -2.4244 0.3346 2.2787, -2.4056 0.3346 2.3031, -2.3938 0.3346 2.3316, -2.5079 0.1688 2.1886, -2.5079 0.1985 2.2081, -2.4773 0.1664 2.1918, -2.4773 0.1965 2.2116, -2.4488 0.1593 2.2012, -2.4488 0.1907 2.2219, -2.4244 0.148 2.2162, -2.4244 0.1814 2.2382, -2.4056 0.1333 2.2358, -2.4056 0.1694 2.2595, -2.3938 0.1161 2.2585, -2.3938 0.1553 2.2842, -2.3898 0.0977 2.2829, -2.3898 0.1402 2.3108, -2.3938 0.0793 2.3073, -2.3938 0.1251 2.3374, -2.4056 0.0622 2.3301, -2.4056 0.111 2.3622, -2.4244 0.0474 2.3496, -2.4244 0.0989 2.3834, -2.4488 0.0362 2.3646, -2.4488 0.0897 2.3998, -2.4773 0.0291 2.374, -2.4773 0.0838 2.41, -2.5079 0.0266 2.3773, -2.5079 0.0818 2.4135, -2.5384 0.0291 2.374, -2.5384 0.0838 2.41, -2.5669 0.0362 2.3646, -2.5669 0.0897 2.3998, -2.5914 0.0474 2.3496, -2.5914 0.0989 2.3834, -2.6102 0.0622 2.3301, -2.6102 0.111 2.3622, -2.622 0.0793 2.3073, -2.622 0.1251 2.3374, -2.626 0.0977 2.2829, -2.626 0.1402 2.3108, -2.622 0.1161 2.2585, -2.622 0.1553 2.2842, -2.6102 0.1333 2.2358, -2.6102 0.1694 2.2595, -2.5914 0.148 2.2162, -2.5914 0.1814 2.2382, -2.5669 0.1593 2.2012, -2.5669 0.1907 2.2219, -2.5384 0.1664 2.1918, -2.5384 0.1965 2.2116, -2.5079 0.2305 2.2237, -2.4773 0.229 2.2274, -2.4488 0.2245 2.2383, -2.4244 0.2174 2.2557, -2.4056 0.2082 2.2783, -2.3938 0.1974 2.3047, -2.3898 0.1859 2.333, -2.3938 0.1743 2.3613, -2.4056 0.1636 2.3877, -2.4244 0.1543 2.4103, -2.4488 0.1472 2.4277, -2.4773 0.1428 2.4386, -2.5079 0.1413 2.4424, -2.5384 0.1428 2.4386, -2.5669 0.1472 2.4277, -2.5914 0.1543 2.4103, -2.6102 0.1636 2.3877, -2.622 0.1743 2.3613, -2.626 0.1859 2.333, -2.622 0.1974 2.3047, -2.6102 0.2082 2.2783, -2.5914 0.2174 2.2557, -2.5669 0.2245 2.2383, -2.5384 0.229 2.2274, -2.5079 0.2642 2.235, -2.4773 0.2632 2.2388, -2.4488 0.2602 2.2502, -2.4244 0.2554 2.2684, -2.4056 0.2492 2.292, -2.3938 0.2419 2.3196, -2.3898 0.2341 2.3491, -2.3938 0.2263 2.3787, -2.4056 0.219 2.4062, -2.4244 0.2127 2.4299, -2.4488 0.2079 2.448, -2.4773 0.2049 2.4594, -2.5079 0.2039 2.4633, -2.5384 0.2049 2.4594, -2.5669 0.2079 2.448, -2.5914 0.2127 2.4299, -2.6102 0.219 2.4062, -2.622 0.2263 2.3787, -2.626 0.2341 2.3491, -2.622 0.2419 2.3196, -2.6102 0.2492 2.292, -2.5914 0.2554 2.2684, -2.5669 0.2602 2.2502, -2.5384 0.2632 2.2388, -2.5079 0.2992 2.2418, -2.4773 0.2986 2.2458, -2.4488 0.2971 2.2575, -2.4244 0.2947 2.2761, -2.4056 0.2915 2.3004, -2.3938 0.2879 2.3286, -2.3898 0.2839 2.3589, -2.3938 0.28 2.3892, -2.4056 0.2763 2.4175, -2.4244 0.2732 2.4417, -2.4488 0.2708 2.4604, -2.4773 0.2692 2.4721, -2.5079 0.2687 2.4761, -2.5384 0.2692 2.4721, -2.5669 0.2708 2.4604, -2.5914 0.2732 2.4417, -2.6102 0.2763 2.4175, -2.622 0.28 2.3892, -2.626 0.2839 2.3589, -2.622 0.2879 2.3286, -2.6102 0.2915 2.3004, -2.5914 0.2947 2.2761, -2.5669 0.2971 2.2575, -2.5384 0.2986 2.2458, -2.5079 -1.7603 0.7349, -2.4773 -1.7628 0.7381, -2.4488 -1.7699 0.7475, -2.4244 -1.7812 0.7625, -2.4056 -1.7959 0.7821, -2.3938 -1.813 0.8048, -2.3898 -1.8314 0.8292, -2.3938 -1.8498 0.8536, -2.4056 -1.867 0.8764, -2.4244 -1.8817 0.8959, -2.4488 -1.893 0.9109, -2.4773 -1.9001 0.9203, -2.5079 -1.9025 0.9235, -2.5384 -1.9001 0.9203, -2.5669 -1.893 0.9109, -2.5914 -1.8817 0.8959, -2.6102 -1.867 0.8764, -2.622 -1.8498 0.8536, -2.626 -1.8314 0.8292, -2.622 -1.813 0.8048, -2.6102 -1.7959 0.7821, -2.5914 -1.7812 0.7625, -2.5669 -1.7699 0.7475, -2.5384 -1.7628 0.7381, -2.5079 -1.8701 0.5148, -2.5079 -1.8677 0.5511, -2.4773 -1.8741 0.5148, -2.4773 -1.8717 0.5516, -2.4488 -1.8859 0.5148, -2.4488 -1.8834 0.5532, -2.4244 -1.9047 0.5148, -2.4244 -1.902 0.5557, -2.4056 -1.9291 0.5148, -2.4056 -1.9262 0.5589, -2.3938 -1.9576 0.5148, -2.3938 -1.9545 0.5626, -2.3898 -1.9882 0.5148, -2.3898 -1.9848 0.5667, -2.3938 -2.0188 0.5148, -2.3938 -2.0151 0.5707, -2.4056 -2.0472 0.5148, -2.4056 -2.0433 0.5745, -2.4244 -2.0717 0.5148, -2.4244 -2.0675 0.5777, -2.4488 -2.0905 0.5148, -2.4488 -2.0862 0.5801, -2.4773 -2.1023 0.5148, -2.4773 -2.0978 0.5817, -2.5079 -2.1063 0.5148, -2.5079 -2.1018 0.5822, -2.5384 -2.1023 0.5148, -2.5384 -2.0978 0.5817, -2.5669 -2.0905 0.5148, -2.5669 -2.0862 0.5801, -2.5914 -2.0717 0.5148, -2.5914 -2.0675 0.5777, -2.6102 -2.0472 0.5148, -2.6102 -2.0433 0.5745, -2.622 -2.0188 0.5148, -2.622 -2.0151 0.5707, -2.626 -1.9882 0.5148, -2.626 -1.9848 0.5667, -2.622 -1.9576 0.5148, -2.622 -1.9545 0.5626, -2.6102 -1.9291 0.5148, -2.6102 -1.9262 0.5589, -2.5914 -1.9047 0.5148, -2.5914 -1.902 0.5557, -2.5669 -1.8859 0.5148, -2.5669 -1.8834 0.5532, -2.5384 -1.8741 0.5148, -2.5384 -1.8717 0.5516, -2.5079 -1.8605 0.5868, -2.4773 -1.8644 0.5878, -2.4488 -1.8758 0.5909, -2.4244 -1.8939 0.5958, -2.4056 -1.9175 0.6022, -2.3938 -1.945 0.6097, -2.3898 -1.9745 0.6176, -2.3938 -2.004 0.6256, -2.4056 -2.0315 0.6331, -2.4244 -2.0551 0.6395, -2.4488 -2.0733 0.6444, -2.4773 -2.0846 0.6474, -2.5079 -2.0885 0.6485, -2.5384 -2.0846 0.6474, -2.5669 -2.0733 0.6444, -2.5914 -2.0551 0.6395, -2.6102 -2.0315 0.6331, -2.622 -2.004 0.6256, -2.626 -1.9745 0.6176, -2.622 -1.945 0.6097, -2.6102 -1.9175 0.6022, -2.5914 -1.8939 0.5958, -2.5669 -1.8758 0.5909, -2.5384 -1.8644 0.5878, -2.5079 -1.8487 0.6212, -2.4773 -1.8524 0.6228, -2.4488 -1.8633 0.6273, -2.4244 -1.8806 0.6346, -2.4056 -1.9032 0.644, -2.3938 -1.9295 0.655, -2.3898 -1.9577 0.6668, -2.3938 -1.9859 0.6786, -2.4056 -2.0121 0.6896, -2.4244 -2.0347 0.6991, -2.4488 -2.052 0.7063, -2.4773 -2.0629 0.7109, -2.5079 -2.0666 0.7124, -2.5384 -2.0629 0.7109, -2.5669 -2.052 0.7063, -2.5914 -2.0347 0.6991, -2.6102 -2.0121 0.6896, -2.622 -1.9859 0.6786, -2.626 -1.9577 0.6668, -2.622 -1.9295 0.655, -2.6102 -1.9032 0.644, -2.5914 -1.8806 0.6346, -2.5669 -1.8633 0.6273, -2.5384 -1.8524 0.6228, -2.5079 -1.8325 0.6538, -2.4773 -1.8359 0.6558, -2.4488 -1.8461 0.6618, -2.4244 -1.8623 0.6712, -2.4056 -1.8835 0.6836, -2.3938 -1.9081 0.6979, -2.3898 -1.9345 0.7133, -2.3938 -1.9609 0.7288, -2.4056 -1.9855 0.7431, -2.4244 -2.0066 0.7555, -2.4488 -2.0228 0.7649, -2.4773 -2.033 0.7709, -2.5079 -2.0364 0.7729, -2.5384 -2.033 0.7709, -2.5669 -2.0228 0.7649, -2.5914 -2.0066 0.7555, -2.6102 -1.9855 0.7431, -2.622 -1.9609 0.7288, -2.626 -1.9345 0.7133, -2.622 -1.9081 0.6979, -2.6102 -1.8835 0.6836, -2.5914 -1.8623 0.6712, -2.5669 -1.8461 0.6618, -2.5384 -1.8359 0.6558, -2.5079 -1.8121 0.6839, -2.4773 -1.8153 0.6864, -2.4488 -1.8246 0.6936, -2.4244 -1.8394 0.7052, -2.4056 -1.8587 0.7202, -2.3938 -1.8812 0.7376, -2.3898 -1.9053 0.7564, -2.3938 -1.9295 0.7752, -2.4056 -1.952 0.7927, -2.4244 -1.9713 0.8077, -2.4488 -1.9861 0.8192, -2.4773 -1.9954 0.8264, -2.5079 -1.9986 0.8289, -2.5384 -1.9954 0.8264, -2.5669 -1.9861 0.8192, -2.5914 -1.9713 0.8077, -2.6102 -1.952 0.7927, -2.622 -1.9295 0.7752, -2.626 -1.9053 0.7564, -2.622 -1.8812 0.7376, -2.6102 -1.8587 0.7202, -2.5914 -1.8394 0.7052, -2.5669 -1.8246 0.6936, -2.5384 -1.8153 0.6864, -2.5079 -1.7879 0.7111, -2.4773 -1.7907 0.714, -2.4488 -1.799 0.7224, -2.4244 -1.8122 0.7358, -2.4056 -1.8293 0.7532, -2.3938 -1.8493 0.7735, -2.3898 -1.8708 0.7953, -2.3938 -1.8922 0.817, -2.4056 -1.9122 0.8373, -2.4244 -1.9294 0.8548, -2.4488 -1.9426 0.8681, -2.4773 -1.9509 0.8765, -2.5079 -1.9537 0.8794, -2.5384 -1.9509 0.8765, -2.5669 -1.9426 0.8681, -2.5914 -1.9294 0.8548, -2.6102 -1.9122 0.8373, -2.622 -1.8922 0.817, -2.626 -1.8708 0.7953, -2.622 -1.8493 0.7735, -2.6102 -1.8293 0.7532, -2.5914 -1.8122 0.7358, -2.5669 -1.799 0.7224, -2.5384 -1.7907 0.714, -2.004 1.3583 2.4213, -1.9922 1.3583 2.3928, -2.1063 1.3583 2.3622, -1.9882 1.3583 2.3622, -1.9922 1.3583 2.3316, -2.0757 1.3583 2.4763, -2.0472 1.3583 2.4645, -2.0228 1.3583 2.4457, -2.1654 1.3583 2.4645, -2.1369 1.3583 2.4763, -2.1063 1.3583 2.4803, -2.2204 1.3583 2.3928, -2.2086 1.3583 2.4213, -2.1898 1.3583 2.4457, -2.2086 1.3583 2.3031, -2.2204 1.3583 2.3316, -2.2244 1.3583 2.3622, -2.1369 1.3583 2.2481, -2.1654 1.3583 2.2599, -2.1898 1.3583 2.2787, -2.0472 1.3583 2.2599, -2.0757 1.3583 2.2481, -2.1063 1.3583 2.2441, -2.004 1.3583 2.3031, -2.0228 1.3583 2.2787, -2.004 -1.9291 0.1969, -1.9922 -1.9576 0.1969, -2.1063 -1.9882 0.1969, -1.9882 -1.9882 0.1969, -1.9922 -2.0188 0.1969, -2.0757 -1.8741 0.1969, -2.0472 -1.8859 0.1969, -2.0228 -1.9047 0.1969, -2.1654 -1.8859 0.1969, -2.1369 -1.8741 0.1969, -2.1063 -1.8701 0.1969, -2.2204 -1.9576 0.1969, -2.2086 -1.9291 0.1969, -2.1898 -1.9047 0.1969, -2.2086 -2.0472 0.1969, -2.2204 -2.0188 0.1969, -2.2244 -1.9882 0.1969, -2.1369 -2.1023 0.1969, -2.1654 -2.0905 0.1969, -2.1898 -2.0717 0.1969, -2.0472 -2.0905 0.1969, -2.0757 -2.1023 0.1969, -2.1063 -2.1063 0.1969, -2.004 -2.0472 0.1969, -2.0228 -2.0717 0.1969, -1.9882 0.3346 2.3622, -1.9922 0.3346 2.3928, -2.004 0.3346 2.4213, -2.0228 0.3346 2.4457, -2.0472 0.3346 2.4645, -2.0757 0.3346 2.4763, -2.1063 0.3346 2.4803, -2.1369 0.3346 2.4763, -2.1654 0.3346 2.4645, -2.1898 0.3346 2.4457, -2.2086 0.3346 2.4213, -2.2204 0.3346 2.3928, -2.2244 0.3346 2.3622, -2.2204 0.3346 2.3316, -2.2086 0.3346 2.3031, -2.1898 0.3346 2.2787, -2.1654 0.3346 2.2599, -2.1369 0.3346 2.2481, -2.1063 0.3346 2.2441, -2.0757 0.3346 2.2481, -2.0472 0.3346 2.2599, -2.0228 0.3346 2.2787, -2.004 0.3346 2.3031, -1.9922 0.3346 2.3316, -2.1063 0.1688 2.1886, -2.1063 0.1985 2.2081, -2.0757 0.1664 2.1918, -2.0757 0.1965 2.2116, -2.0472 0.1593 2.2012, -2.0472 0.1907 2.2219, -2.0228 0.148 2.2162, -2.0228 0.1814 2.2382, -2.004 0.1333 2.2358, -2.004 0.1694 2.2595, -1.9922 0.1161 2.2585, -1.9922 0.1553 2.2842, -1.9882 0.0977 2.2829, -1.9882 0.1402 2.3108, -1.9922 0.0793 2.3073, -1.9922 0.1251 2.3374, -2.004 0.0622 2.3301, -2.004 0.111 2.3622, -2.0228 0.0474 2.3496, -2.0228 0.0989 2.3834, -2.0472 0.0362 2.3646, -2.0472 0.0897 2.3998, -2.0757 0.0291 2.374, -2.0757 0.0838 2.41, -2.1063 0.0266 2.3773, -2.1063 0.0818 2.4135, -2.1369 0.0291 2.374, -2.1369 0.0838 2.41, -2.1654 0.0362 2.3646, -2.1654 0.0897 2.3998, -2.1898 0.0474 2.3496, -2.1898 0.0989 2.3834, -2.2086 0.0622 2.3301, -2.2086 0.111 2.3622, -2.2204 0.0793 2.3073, -2.2204 0.1251 2.3374, -2.2244 0.0977 2.2829, -2.2244 0.1402 2.3108, -2.2204 0.1161 2.2585, -2.2204 0.1553 2.2842, -2.2086 0.1333 2.2358, -2.2086 0.1694 2.2595, -2.1898 0.148 2.2162, -2.1898 0.1814 2.2382, -2.1654 0.1593 2.2012, -2.1654 0.1907 2.2219, -2.1369 0.1664 2.1918, -2.1369 0.1965 2.2116, -2.1063 0.2305 2.2237, -2.0757 0.229 2.2274, -2.0472 0.2245 2.2383, -2.0228 0.2174 2.2557, -2.004 0.2082 2.2783, -1.9922 0.1974 2.3047, -1.9882 0.1859 2.333, -1.9922 0.1743 2.3613, -2.004 0.1636 2.3877, -2.0228 0.1543 2.4103, -2.0472 0.1472 2.4277, -2.0757 0.1428 2.4386, -2.1063 0.1413 2.4424, -2.1369 0.1428 2.4386, -2.1654 0.1472 2.4277, -2.1898 0.1543 2.4103, -2.2086 0.1636 2.3877, -2.2204 0.1743 2.3613, -2.2244 0.1859 2.333, -2.2204 0.1974 2.3047, -2.2086 0.2082 2.2783, -2.1898 0.2174 2.2557, -2.1654 0.2245 2.2383, -2.1369 0.229 2.2274, -2.1063 0.2642 2.235, -2.0757 0.2632 2.2388, -2.0472 0.2602 2.2502, -2.0228 0.2554 2.2684, -2.004 0.2492 2.292, -1.9922 0.2419 2.3196, -1.9882 0.2341 2.3491, -1.9922 0.2263 2.3787, -2.004 0.219 2.4062, -2.0228 0.2127 2.4299, -2.0472 0.2079 2.448, -2.0757 0.2049 2.4594, -2.1063 0.2039 2.4633, -2.1369 0.2049 2.4594, -2.1654 0.2079 2.448, -2.1898 0.2127 2.4299, -2.2086 0.219 2.4062, -2.2204 0.2263 2.3787, -2.2244 0.2341 2.3491, -2.2204 0.2419 2.3196, -2.2086 0.2492 2.292, -2.1898 0.2554 2.2684, -2.1654 0.2602 2.2502, -2.1369 0.2632 2.2388, -2.1063 0.2992 2.2418, -2.0757 0.2986 2.2458, -2.0472 0.2971 2.2575, -2.0228 0.2947 2.2761, -2.004 0.2915 2.3004, -1.9922 0.2879 2.3286, -1.9882 0.2839 2.3589, -1.9922 0.28 2.3892, -2.004 0.2763 2.4175, -2.0228 0.2732 2.4417, -2.0472 0.2708 2.4604, -2.0757 0.2692 2.4721, -2.1063 0.2687 2.4761, -2.1369 0.2692 2.4721, -2.1654 0.2708 2.4604, -2.1898 0.2732 2.4417, -2.2086 0.2763 2.4175, -2.2204 0.28 2.3892, -2.2244 0.2839 2.3589, -2.2204 0.2879 2.3286, -2.2086 0.2915 2.3004, -2.1898 0.2947 2.2761, -2.1654 0.2971 2.2575, -2.1369 0.2986 2.2458, -2.1063 -1.7603 0.7349, -2.0757 -1.7628 0.7381, -2.0472 -1.7699 0.7475, -2.0228 -1.7812 0.7625, -2.004 -1.7959 0.7821, -1.9922 -1.813 0.8048, -1.9882 -1.8314 0.8292, -1.9922 -1.8498 0.8536, -2.004 -1.867 0.8764, -2.0228 -1.8817 0.8959, -2.0472 -1.893 0.9109, -2.0757 -1.9001 0.9203, -2.1063 -1.9025 0.9235, -2.1369 -1.9001 0.9203, -2.1654 -1.893 0.9109, -2.1898 -1.8817 0.8959, -2.2086 -1.867 0.8764, -2.2204 -1.8498 0.8536, -2.2244 -1.8314 0.8292, -2.2204 -1.813 0.8048, -2.2086 -1.7959 0.7821, -2.1898 -1.7812 0.7625, -2.1654 -1.7699 0.7475, -2.1369 -1.7628 0.7381, -2.1063 -1.8701 0.5148, -2.1063 -1.8677 0.5511, -2.0757 -1.8741 0.5148, -2.0757 -1.8717 0.5516, -2.0472 -1.8859 0.5148, -2.0472 -1.8834 0.5532, -2.0228 -1.9047 0.5148, -2.0228 -1.902 0.5557, -2.004 -1.9291 0.5148, -2.004 -1.9262 0.5589, -1.9922 -1.9576 0.5148, -1.9922 -1.9545 0.5626, -1.9882 -1.9882 0.5148, -1.9882 -1.9848 0.5667, -1.9922 -2.0188 0.5148, -1.9922 -2.0151 0.5707, -2.004 -2.0472 0.5148, -2.004 -2.0433 0.5745, -2.0228 -2.0717 0.5148, -2.0228 -2.0675 0.5777, -2.0472 -2.0905 0.5148, -2.0472 -2.0862 0.5801, -2.0757 -2.1023 0.5148, -2.0757 -2.0978 0.5817, -2.1063 -2.1063 0.5148, -2.1063 -2.1018 0.5822, -2.1369 -2.1023 0.5148, -2.1369 -2.0978 0.5817, -2.1654 -2.0905 0.5148, -2.1654 -2.0862 0.5801, -2.1898 -2.0717 0.5148, -2.1898 -2.0675 0.5777, -2.2086 -2.0472 0.5148, -2.2086 -2.0433 0.5745, -2.2204 -2.0188 0.5148, -2.2204 -2.0151 0.5707, -2.2244 -1.9882 0.5148, -2.2244 -1.9848 0.5667, -2.2204 -1.9576 0.5148, -2.2204 -1.9545 0.5626, -2.2086 -1.9291 0.5148, -2.2086 -1.9262 0.5589, -2.1898 -1.9047 0.5148, -2.1898 -1.902 0.5557, -2.1654 -1.8859 0.5148, -2.1654 -1.8834 0.5532, -2.1369 -1.8741 0.5148, -2.1369 -1.8717 0.5516, -2.1063 -1.8605 0.5868, -2.0757 -1.8644 0.5878, -2.0472 -1.8758 0.5909, -2.0228 -1.8939 0.5958, -2.004 -1.9175 0.6022, -1.9922 -1.945 0.6097, -1.9882 -1.9745 0.6176, -1.9922 -2.004 0.6256, -2.004 -2.0315 0.6331, -2.0228 -2.0551 0.6395, -2.0472 -2.0733 0.6444, -2.0757 -2.0846 0.6474, -2.1063 -2.0885 0.6485, -2.1369 -2.0846 0.6474, -2.1654 -2.0733 0.6444, -2.1898 -2.0551 0.6395, -2.2086 -2.0315 0.6331, -2.2204 -2.004 0.6256, -2.2244 -1.9745 0.6176, -2.2204 -1.945 0.6097, -2.2086 -1.9175 0.6022, -2.1898 -1.8939 0.5958, -2.1654 -1.8758 0.5909, -2.1369 -1.8644 0.5878, -2.1063 -1.8487 0.6212, -2.0757 -1.8524 0.6228, -2.0472 -1.8633 0.6273, -2.0228 -1.8806 0.6346, -2.004 -1.9032 0.644, -1.9922 -1.9295 0.655, -1.9882 -1.9577 0.6668, -1.9922 -1.9859 0.6786, -2.004 -2.0121 0.6896, -2.0228 -2.0347 0.6991, -2.0472 -2.052 0.7063, -2.0757 -2.0629 0.7109, -2.1063 -2.0666 0.7124, -2.1369 -2.0629 0.7109, -2.1654 -2.052 0.7063, -2.1898 -2.0347 0.6991, -2.2086 -2.0121 0.6896, -2.2204 -1.9859 0.6786, -2.2244 -1.9577 0.6668, -2.2204 -1.9295 0.655, -2.2086 -1.9032 0.644, -2.1898 -1.8806 0.6346, -2.1654 -1.8633 0.6273, -2.1369 -1.8524 0.6228, -2.1063 -1.8325 0.6538, -2.0757 -1.8359 0.6558, -2.0472 -1.8461 0.6618, -2.0228 -1.8623 0.6712, -2.004 -1.8835 0.6836, -1.9922 -1.9081 0.6979, -1.9882 -1.9345 0.7133, -1.9922 -1.9609 0.7288, -2.004 -1.9855 0.7431, -2.0228 -2.0066 0.7555, -2.0472 -2.0228 0.7649, -2.0757 -2.033 0.7709, -2.1063 -2.0364 0.7729, -2.1369 -2.033 0.7709, -2.1654 -2.0228 0.7649, -2.1898 -2.0066 0.7555, -2.2086 -1.9855 0.7431, -2.2204 -1.9609 0.7288, -2.2244 -1.9345 0.7133, -2.2204 -1.9081 0.6979, -2.2086 -1.8835 0.6836, -2.1898 -1.8623 0.6712, -2.1654 -1.8461 0.6618, -2.1369 -1.8359 0.6558, -2.1063 -1.8121 0.6839, -2.0757 -1.8153 0.6864, -2.0472 -1.8246 0.6936, -2.0228 -1.8394 0.7052, -2.004 -1.8587 0.7202, -1.9922 -1.8812 0.7376, -1.9882 -1.9053 0.7564, -1.9922 -1.9295 0.7752, -2.004 -1.952 0.7927, -2.0228 -1.9713 0.8077, -2.0472 -1.9861 0.8192, -2.0757 -1.9954 0.8264, -2.1063 -1.9986 0.8289, -2.1369 -1.9954 0.8264, -2.1654 -1.9861 0.8192, -2.1898 -1.9713 0.8077, -2.2086 -1.952 0.7927, -2.2204 -1.9295 0.7752, -2.2244 -1.9053 0.7564, -2.2204 -1.8812 0.7376, -2.2086 -1.8587 0.7202, -2.1898 -1.8394 0.7052, -2.1654 -1.8246 0.6936, -2.1369 -1.8153 0.6864, -2.1063 -1.7879 0.7111, -2.0757 -1.7907 0.714, -2.0472 -1.799 0.7224, -2.0228 -1.8122 0.7358, -2.004 -1.8293 0.7532, -1.9922 -1.8493 0.7735, -1.9882 -1.8708 0.7953, -1.9922 -1.8922 0.817, -2.004 -1.9122 0.8373, -2.0228 -1.9294 0.8548, -2.0472 -1.9426 0.8681, -2.0757 -1.9509 0.8765, -2.1063 -1.9537 0.8794, -2.1369 -1.9509 0.8765, -2.1654 -1.9426 0.8681, -2.1898 -1.9294 0.8548, -2.2086 -1.9122 0.8373, -2.2204 -1.8922 0.817, -2.2244 -1.8708 0.7953, -2.2204 -1.8493 0.7735, -2.2086 -1.8293 0.7532, -2.1898 -1.8122 0.7358, -2.1654 -1.799 0.7224, -2.1369 -1.7907 0.714, -1.6024 1.3583 2.4213, -1.5906 1.3583 2.3928, -1.7047 1.3583 2.3622, -1.5866 1.3583 2.3622, -1.5906 1.3583 2.3316, -1.6742 1.3583 2.4763, -1.6457 1.3583 2.4645, -1.6212 1.3583 2.4457, -1.7638 1.3583 2.4645, -1.7353 1.3583 2.4763, -1.7047 1.3583 2.4803, -1.8188 1.3583 2.3928, -1.807 1.3583 2.4213, -1.7882 1.3583 2.4457, -1.807 1.3583 2.3031, -1.8188 1.3583 2.3316, -1.8228 1.3583 2.3622, -1.7353 1.3583 2.2481, -1.7638 1.3583 2.2599, -1.7882 1.3583 2.2787, -1.6457 1.3583 2.2599, -1.6742 1.3583 2.2481, -1.7047 1.3583 2.2441, -1.6024 1.3583 2.3031, -1.6212 1.3583 2.2787, -1.6024 -1.9291 0.1969, -1.5906 -1.9576 0.1969, -1.7047 -1.9882 0.1969, -1.5866 -1.9882 0.1969, -1.5906 -2.0188 0.1969, -1.6742 -1.8741 0.1969, -1.6457 -1.8859 0.1969, -1.6212 -1.9047 0.1969, -1.7638 -1.8859 0.1969, -1.7353 -1.8741 0.1969, -1.7047 -1.8701 0.1969, -1.8188 -1.9576 0.1969, -1.807 -1.9291 0.1969, -1.7882 -1.9047 0.1969, -1.807 -2.0472 0.1969, -1.8188 -2.0188 0.1969, -1.8228 -1.9882 0.1969, -1.7353 -2.1023 0.1969, -1.7638 -2.0905 0.1969, -1.7882 -2.0717 0.1969, -1.6457 -2.0905 0.1969, -1.6742 -2.1023 0.1969, -1.7047 -2.1063 0.1969, -1.6024 -2.0472 0.1969, -1.6212 -2.0717 0.1969, -1.5866 0.3346 2.3622, -1.5906 0.3346 2.3928, -1.6024 0.3346 2.4213, -1.6212 0.3346 2.4457, -1.6457 0.3346 2.4645, -1.6742 0.3346 2.4763, -1.7047 0.3346 2.4803, -1.7353 0.3346 2.4763, -1.7638 0.3346 2.4645, -1.7882 0.3346 2.4457, -1.807 0.3346 2.4213, -1.8188 0.3346 2.3928, -1.8228 0.3346 2.3622, -1.8188 0.3346 2.3316, -1.807 0.3346 2.3031, -1.7882 0.3346 2.2787, -1.7638 0.3346 2.2599, -1.7353 0.3346 2.2481, -1.7047 0.3346 2.2441, -1.6742 0.3346 2.2481, -1.6457 0.3346 2.2599, -1.6212 0.3346 2.2787, -1.6024 0.3346 2.3031, -1.5906 0.3346 2.3316, -1.7047 0.1688 2.1886, -1.7047 0.1985 2.2081, -1.6742 0.1664 2.1918, -1.6742 0.1965 2.2116, -1.6457 0.1593 2.2012, -1.6457 0.1907 2.2219, -1.6212 0.148 2.2162, -1.6212 0.1814 2.2382, -1.6024 0.1333 2.2358, -1.6024 0.1694 2.2595, -1.5906 0.1161 2.2585, -1.5906 0.1553 2.2842, -1.5866 0.0977 2.2829, -1.5866 0.1402 2.3108, -1.5906 0.0793 2.3073, -1.5906 0.1251 2.3374, -1.6024 0.0622 2.3301, -1.6024 0.111 2.3622, -1.6212 0.0474 2.3496, -1.6212 0.0989 2.3834, -1.6457 0.0362 2.3646, -1.6457 0.0897 2.3998, -1.6742 0.0291 2.374, -1.6742 0.0838 2.41, -1.7047 0.0266 2.3773, -1.7047 0.0818 2.4135, -1.7353 0.0291 2.374, -1.7353 0.0838 2.41, -1.7638 0.0362 2.3646, -1.7638 0.0897 2.3998, -1.7882 0.0474 2.3496, -1.7882 0.0989 2.3834, -1.807 0.0622 2.3301, -1.807 0.111 2.3622, -1.8188 0.0793 2.3073, -1.8188 0.1251 2.3374, -1.8228 0.0977 2.2829, -1.8228 0.1402 2.3108, -1.8188 0.1161 2.2585, -1.8188 0.1553 2.2842, -1.807 0.1333 2.2358, -1.807 0.1694 2.2595, -1.7882 0.148 2.2162, -1.7882 0.1814 2.2382, -1.7638 0.1593 2.2012, -1.7638 0.1907 2.2219, -1.7353 0.1664 2.1918, -1.7353 0.1965 2.2116, -1.7047 0.2305 2.2237, -1.6742 0.229 2.2274, -1.6457 0.2245 2.2383, -1.6212 0.2174 2.2557, -1.6024 0.2082 2.2783, -1.5906 0.1974 2.3047, -1.5866 0.1859 2.333, -1.5906 0.1743 2.3613, -1.6024 0.1636 2.3877, -1.6212 0.1543 2.4103, -1.6457 0.1472 2.4277, -1.6742 0.1428 2.4386, -1.7047 0.1413 2.4424, -1.7353 0.1428 2.4386, -1.7638 0.1472 2.4277, -1.7882 0.1543 2.4103, -1.807 0.1636 2.3877, -1.8188 0.1743 2.3613, -1.8228 0.1859 2.333, -1.8188 0.1974 2.3047, -1.807 0.2082 2.2783, -1.7882 0.2174 2.2557, -1.7638 0.2245 2.2383, -1.7353 0.229 2.2274, -1.7047 0.2642 2.235, -1.6742 0.2632 2.2388, -1.6457 0.2602 2.2502, -1.6212 0.2554 2.2684, -1.6024 0.2492 2.292, -1.5906 0.2419 2.3196, -1.5866 0.2341 2.3491, -1.5906 0.2263 2.3787, -1.6024 0.219 2.4062, -1.6212 0.2127 2.4299, -1.6457 0.2079 2.448, -1.6742 0.2049 2.4594, -1.7047 0.2039 2.4633, -1.7353 0.2049 2.4594, -1.7638 0.2079 2.448, -1.7882 0.2127 2.4299, -1.807 0.219 2.4062, -1.8188 0.2263 2.3787, -1.8228 0.2341 2.3491, -1.8188 0.2419 2.3196, -1.807 0.2492 2.292, -1.7882 0.2554 2.2684, -1.7638 0.2602 2.2502, -1.7353 0.2632 2.2388, -1.7047 0.2992 2.2418, -1.6742 0.2986 2.2458, -1.6457 0.2971 2.2575, -1.6212 0.2947 2.2761, -1.6024 0.2915 2.3004, -1.5906 0.2879 2.3286, -1.5866 0.2839 2.3589, -1.5906 0.28 2.3892, -1.6024 0.2763 2.4175, -1.6212 0.2732 2.4417, -1.6457 0.2708 2.4604, -1.6742 0.2692 2.4721, -1.7047 0.2687 2.4761, -1.7353 0.2692 2.4721, -1.7638 0.2708 2.4604, -1.7882 0.2732 2.4417, -1.807 0.2763 2.4175, -1.8188 0.28 2.3892, -1.8228 0.2839 2.3589, -1.8188 0.2879 2.3286, -1.807 0.2915 2.3004, -1.7882 0.2947 2.2761, -1.7638 0.2971 2.2575, -1.7353 0.2986 2.2458, -1.7047 -1.7603 0.7349, -1.6742 -1.7628 0.7381, -1.6457 -1.7699 0.7475, -1.6212 -1.7812 0.7625, -1.6024 -1.7959 0.7821, -1.5906 -1.813 0.8048, -1.5866 -1.8314 0.8292, -1.5906 -1.8498 0.8536, -1.6024 -1.867 0.8764, -1.6212 -1.8817 0.8959, -1.6457 -1.893 0.9109, -1.6742 -1.9001 0.9203, -1.7047 -1.9025 0.9235, -1.7353 -1.9001 0.9203, -1.7638 -1.893 0.9109, -1.7882 -1.8817 0.8959, -1.807 -1.867 0.8764, -1.8188 -1.8498 0.8536, -1.8228 -1.8314 0.8292, -1.8188 -1.813 0.8048, -1.807 -1.7959 0.7821, -1.7882 -1.7812 0.7625, -1.7638 -1.7699 0.7475, -1.7353 -1.7628 0.7381, -1.7047 -1.8701 0.5148, -1.7047 -1.8677 0.5511, -1.6742 -1.8741 0.5148, -1.6742 -1.8717 0.5516, -1.6457 -1.8859 0.5148, -1.6457 -1.8834 0.5532, -1.6212 -1.9047 0.5148, -1.6212 -1.902 0.5557, -1.6024 -1.9291 0.5148, -1.6024 -1.9262 0.5589, -1.5906 -1.9576 0.5148, -1.5906 -1.9545 0.5626, -1.5866 -1.9882 0.5148, -1.5866 -1.9848 0.5667, -1.5906 -2.0188 0.5148, -1.5906 -2.0151 0.5707, -1.6024 -2.0472 0.5148, -1.6024 -2.0433 0.5745, -1.6212 -2.0717 0.5148, -1.6212 -2.0675 0.5777, -1.6457 -2.0905 0.5148, -1.6457 -2.0862 0.5801, -1.6742 -2.1023 0.5148, -1.6742 -2.0978 0.5817, -1.7047 -2.1063 0.5148, -1.7047 -2.1018 0.5822, -1.7353 -2.1023 0.5148, -1.7353 -2.0978 0.5817, -1.7638 -2.0905 0.5148, -1.7638 -2.0862 0.5801, -1.7882 -2.0717 0.5148, -1.7882 -2.0675 0.5777, -1.807 -2.0472 0.5148, -1.807 -2.0433 0.5745, -1.8188 -2.0188 0.5148, -1.8188 -2.0151 0.5707, -1.8228 -1.9882 0.5148, -1.8228 -1.9848 0.5667, -1.8188 -1.9576 0.5148, -1.8188 -1.9545 0.5626, -1.807 -1.9291 0.5148, -1.807 -1.9262 0.5589, -1.7882 -1.9047 0.5148, -1.7882 -1.902 0.5557, -1.7638 -1.8859 0.5148, -1.7638 -1.8834 0.5532, -1.7353 -1.8741 0.5148, -1.7353 -1.8717 0.5516, -1.7047 -1.8605 0.5868, -1.6742 -1.8644 0.5878, -1.6457 -1.8758 0.5909, -1.6212 -1.8939 0.5958, -1.6024 -1.9175 0.6022, -1.5906 -1.945 0.6097, -1.5866 -1.9745 0.6176, -1.5906 -2.004 0.6256, -1.6024 -2.0315 0.6331, -1.6212 -2.0551 0.6395, -1.6457 -2.0733 0.6444, -1.6742 -2.0846 0.6474, -1.7047 -2.0885 0.6485, -1.7353 -2.0846 0.6474, -1.7638 -2.0733 0.6444, -1.7882 -2.0551 0.6395, -1.807 -2.0315 0.6331, -1.8188 -2.004 0.6256, -1.8228 -1.9745 0.6176, -1.8188 -1.945 0.6097, -1.807 -1.9175 0.6022, -1.7882 -1.8939 0.5958, -1.7638 -1.8758 0.5909, -1.7353 -1.8644 0.5878, -1.7047 -1.8487 0.6212, -1.6742 -1.8524 0.6228, -1.6457 -1.8633 0.6273, -1.6212 -1.8806 0.6346, -1.6024 -1.9032 0.644, -1.5906 -1.9295 0.655, -1.5866 -1.9577 0.6668, -1.5906 -1.9859 0.6786, -1.6024 -2.0121 0.6896, -1.6212 -2.0347 0.6991, -1.6457 -2.052 0.7063, -1.6742 -2.0629 0.7109, -1.7047 -2.0666 0.7124, -1.7353 -2.0629 0.7109, -1.7638 -2.052 0.7063, -1.7882 -2.0347 0.6991, -1.807 -2.0121 0.6896, -1.8188 -1.9859 0.6786, -1.8228 -1.9577 0.6668, -1.8188 -1.9295 0.655, -1.807 -1.9032 0.644, -1.7882 -1.8806 0.6346, -1.7638 -1.8633 0.6273, -1.7353 -1.8524 0.6228, -1.7047 -1.8325 0.6538, -1.6742 -1.8359 0.6558, -1.6457 -1.8461 0.6618, -1.6212 -1.8623 0.6712, -1.6024 -1.8835 0.6836, -1.5906 -1.9081 0.6979, -1.5866 -1.9345 0.7133, -1.5906 -1.9609 0.7288, -1.6024 -1.9855 0.7431, -1.6212 -2.0066 0.7555, -1.6457 -2.0228 0.7649, -1.6742 -2.033 0.7709, -1.7047 -2.0364 0.7729, -1.7353 -2.033 0.7709, -1.7638 -2.0228 0.7649, -1.7882 -2.0066 0.7555, -1.807 -1.9855 0.7431, -1.8188 -1.9609 0.7288, -1.8228 -1.9345 0.7133, -1.8188 -1.9081 0.6979, -1.807 -1.8835 0.6836, -1.7882 -1.8623 0.6712, -1.7638 -1.8461 0.6618, -1.7353 -1.8359 0.6558, -1.7047 -1.8121 0.6839, -1.6742 -1.8153 0.6864, -1.6457 -1.8246 0.6936, -1.6212 -1.8394 0.7052, -1.6024 -1.8587 0.7202, -1.5906 -1.8812 0.7376, -1.5866 -1.9053 0.7564, -1.5906 -1.9295 0.7752, -1.6024 -1.952 0.7927, -1.6212 -1.9713 0.8077, -1.6457 -1.9861 0.8192, -1.6742 -1.9954 0.8264, -1.7047 -1.9986 0.8289, -1.7353 -1.9954 0.8264, -1.7638 -1.9861 0.8192, -1.7882 -1.9713 0.8077, -1.807 -1.952 0.7927, -1.8188 -1.9295 0.7752, -1.8228 -1.9053 0.7564, -1.8188 -1.8812 0.7376, -1.807 -1.8587 0.7202, -1.7882 -1.8394 0.7052, -1.7638 -1.8246 0.6936, -1.7353 -1.8153 0.6864, -1.7047 -1.7879 0.7111, -1.6742 -1.7907 0.714, -1.6457 -1.799 0.7224, -1.6212 -1.8122 0.7358, -1.6024 -1.8293 0.7532, -1.5906 -1.8493 0.7735, -1.5866 -1.8708 0.7953, -1.5906 -1.8922 0.817, -1.6024 -1.9122 0.8373, -1.6212 -1.9294 0.8548, -1.6457 -1.9426 0.8681, -1.6742 -1.9509 0.8765, -1.7047 -1.9537 0.8794, -1.7353 -1.9509 0.8765, -1.7638 -1.9426 0.8681, -1.7882 -1.9294 0.8548, -1.807 -1.9122 0.8373, -1.8188 -1.8922 0.817, -1.8228 -1.8708 0.7953, -1.8188 -1.8493 0.7735, -1.807 -1.8293 0.7532, -1.7882 -1.8122 0.7358, -1.7638 -1.799 0.7224, -1.7353 -1.7907 0.714, -3.6103 1.3583 2.4213, -3.5985 1.3583 2.3928, -3.7126 1.3583 2.3622, -3.5945 1.3583 2.3622, -3.5985 1.3583 2.3316, -3.682 1.3583 2.4763, -3.6535 1.3583 2.4645, -3.6291 1.3583 2.4457, -3.7717 1.3583 2.4645, -3.7432 1.3583 2.4763, -3.7126 1.3583 2.4803, -3.8267 1.3583 2.3928, -3.8149 1.3583 2.4213, -3.7961 1.3583 2.4457, -3.8149 1.3583 2.3031, -3.8267 1.3583 2.3316, -3.8307 1.3583 2.3622, -3.7432 1.3583 2.2481, -3.7717 1.3583 2.2599, -3.7961 1.3583 2.2787, -3.6535 1.3583 2.2599, -3.682 1.3583 2.2481, -3.7126 1.3583 2.2441, -3.6103 1.3583 2.3031, -3.6291 1.3583 2.2787, -3.6103 -1.9291 0.1969, -3.5985 -1.9576 0.1969, -3.7126 -1.9882 0.1969, -3.5945 -1.9882 0.1969, -3.5985 -2.0188 0.1969, -3.682 -1.8741 0.1969, -3.6535 -1.8859 0.1969, -3.6291 -1.9047 0.1969, -3.7717 -1.8859 0.1969, -3.7432 -1.8741 0.1969, -3.7126 -1.8701 0.1969, -3.8267 -1.9576 0.1969, -3.8149 -1.9291 0.1969, -3.7961 -1.9047 0.1969, -3.8149 -2.0472 0.1969, -3.8267 -2.0188 0.1969, -3.8307 -1.9882 0.1969, -3.7432 -2.1023 0.1969, -3.7717 -2.0905 0.1969, -3.7961 -2.0717 0.1969, -3.6535 -2.0905 0.1969, -3.682 -2.1023 0.1969, -3.7126 -2.1063 0.1969, -3.6103 -2.0472 0.1969, -3.6291 -2.0717 0.1969, -3.5945 0.3346 2.3622, -3.5985 0.3346 2.3928, -3.6103 0.3346 2.4213, -3.6291 0.3346 2.4457, -3.6535 0.3346 2.4645, -3.682 0.3346 2.4763, -3.7126 0.3346 2.4803, -3.7432 0.3346 2.4763, -3.7717 0.3346 2.4645, -3.7961 0.3346 2.4457, -3.8149 0.3346 2.4213, -3.8267 0.3346 2.3928, -3.8307 0.3346 2.3622, -3.8267 0.3346 2.3316, -3.8149 0.3346 2.3031, -3.7961 0.3346 2.2787, -3.7717 0.3346 2.2599, -3.7432 0.3346 2.2481, -3.7126 0.3346 2.2441, -3.682 0.3346 2.2481, -3.6535 0.3346 2.2599, -3.6291 0.3346 2.2787, -3.6103 0.3346 2.3031, -3.5985 0.3346 2.3316, -3.7126 0.1688 2.1886, -3.7126 0.1985 2.2081, -3.682 0.1664 2.1918, -3.682 0.1965 2.2116, -3.6535 0.1593 2.2012, -3.6535 0.1907 2.2219, -3.6291 0.148 2.2162, -3.6291 0.1814 2.2382, -3.6103 0.1333 2.2358, -3.6103 0.1694 2.2595, -3.5985 0.1161 2.2585, -3.5985 0.1553 2.2842, -3.5945 0.0977 2.2829, -3.5945 0.1402 2.3108, -3.5985 0.0793 2.3073, -3.5985 0.1251 2.3374, -3.6103 0.0622 2.3301, -3.6103 0.111 2.3622, -3.6291 0.0474 2.3496, -3.6291 0.0989 2.3834, -3.6535 0.0362 2.3646, -3.6535 0.0897 2.3998, -3.682 0.0291 2.374, -3.682 0.0838 2.41, -3.7126 0.0266 2.3773, -3.7126 0.0818 2.4135, -3.7432 0.0291 2.374, -3.7432 0.0838 2.41, -3.7717 0.0362 2.3646, -3.7717 0.0897 2.3998, -3.7961 0.0474 2.3496, -3.7961 0.0989 2.3834, -3.8149 0.0622 2.3301, -3.8149 0.111 2.3622, -3.8267 0.0793 2.3073, -3.8267 0.1251 2.3374, -3.8307 0.0977 2.2829, -3.8307 0.1402 2.3108, -3.8267 0.1161 2.2585, -3.8267 0.1553 2.2842, -3.8149 0.1333 2.2358, -3.8149 0.1694 2.2595, -3.7961 0.148 2.2162, -3.7961 0.1814 2.2382, -3.7717 0.1593 2.2012, -3.7717 0.1907 2.2219, -3.7432 0.1664 2.1918, -3.7432 0.1965 2.2116, -3.7126 0.2305 2.2237, -3.682 0.229 2.2274, -3.6535 0.2245 2.2383, -3.6291 0.2174 2.2557, -3.6103 0.2082 2.2783, -3.5985 0.1974 2.3047, -3.5945 0.1859 2.333, -3.5985 0.1743 2.3613, -3.6103 0.1636 2.3877, -3.6291 0.1543 2.4103, -3.6535 0.1472 2.4277, -3.682 0.1428 2.4386, -3.7126 0.1413 2.4424, -3.7432 0.1428 2.4386, -3.7717 0.1472 2.4277, -3.7961 0.1543 2.4103, -3.8149 0.1636 2.3877, -3.8267 0.1743 2.3613, -3.8307 0.1859 2.333, -3.8267 0.1974 2.3047, -3.8149 0.2082 2.2783, -3.7961 0.2174 2.2557, -3.7717 0.2245 2.2383, -3.7432 0.229 2.2274, -3.7126 0.2642 2.235, -3.682 0.2632 2.2388, -3.6535 0.2602 2.2502, -3.6291 0.2554 2.2684, -3.6103 0.2492 2.292, -3.5985 0.2419 2.3196, -3.5945 0.2341 2.3491, -3.5985 0.2263 2.3787, -3.6103 0.219 2.4062, -3.6291 0.2127 2.4299, -3.6535 0.2079 2.448, -3.682 0.2049 2.4594, -3.7126 0.2039 2.4633, -3.7432 0.2049 2.4594, -3.7717 0.2079 2.448, -3.7961 0.2127 2.4299, -3.8149 0.219 2.4062, -3.8267 0.2263 2.3787, -3.8307 0.2341 2.3491, -3.8267 0.2419 2.3196, -3.8149 0.2492 2.292, -3.7961 0.2554 2.2684, -3.7717 0.2602 2.2502, -3.7432 0.2632 2.2388, -3.7126 0.2992 2.2418, -3.682 0.2986 2.2458, -3.6535 0.2971 2.2575, -3.6291 0.2947 2.2761, -3.6103 0.2915 2.3004, -3.5985 0.2879 2.3286, -3.5945 0.2839 2.3589, -3.5985 0.28 2.3892, -3.6103 0.2763 2.4175, -3.6291 0.2732 2.4417, -3.6535 0.2708 2.4604, -3.682 0.2692 2.4721, -3.7126 0.2687 2.4761, -3.7432 0.2692 2.4721, -3.7717 0.2708 2.4604, -3.7961 0.2732 2.4417, -3.8149 0.2763 2.4175, -3.8267 0.28 2.3892, -3.8307 0.2839 2.3589, -3.8267 0.2879 2.3286, -3.8149 0.2915 2.3004, -3.7961 0.2947 2.2761, -3.7717 0.2971 2.2575, -3.7432 0.2986 2.2458, -3.7126 -1.7603 0.7349, -3.682 -1.7628 0.7381, -3.6535 -1.7699 0.7475, -3.6291 -1.7812 0.7625, -3.6103 -1.7959 0.7821, -3.5985 -1.813 0.8048, -3.5945 -1.8314 0.8292, -3.5985 -1.8498 0.8536, -3.6103 -1.867 0.8764, -3.6291 -1.8817 0.8959, -3.6535 -1.893 0.9109, -3.682 -1.9001 0.9203, -3.7126 -1.9025 0.9235, -3.7432 -1.9001 0.9203, -3.7717 -1.893 0.9109, -3.7961 -1.8817 0.8959, -3.8149 -1.867 0.8764, -3.8267 -1.8498 0.8536, -3.8307 -1.8314 0.8292, -3.8267 -1.813 0.8048, -3.8149 -1.7959 0.7821, -3.7961 -1.7812 0.7625, -3.7717 -1.7699 0.7475, -3.7432 -1.7628 0.7381, -3.7126 -1.8701 0.5148, -3.7126 -1.8677 0.5511, -3.682 -1.8741 0.5148, -3.682 -1.8717 0.5516, -3.6535 -1.8859 0.5148, -3.6535 -1.8834 0.5532, -3.6291 -1.9047 0.5148, -3.6291 -1.902 0.5557, -3.6103 -1.9291 0.5148, -3.6103 -1.9262 0.5589, -3.5985 -1.9576 0.5148, -3.5985 -1.9545 0.5626, -3.5945 -1.9882 0.5148, -3.5945 -1.9848 0.5667, -3.5985 -2.0188 0.5148, -3.5985 -2.0151 0.5707, -3.6103 -2.0472 0.5148, -3.6103 -2.0433 0.5745, -3.6291 -2.0717 0.5148, -3.6291 -2.0675 0.5777, -3.6535 -2.0905 0.5148, -3.6535 -2.0862 0.5801, -3.682 -2.1023 0.5148, -3.682 -2.0978 0.5817, -3.7126 -2.1063 0.5148, -3.7126 -2.1018 0.5822, -3.7432 -2.1023 0.5148, -3.7432 -2.0978 0.5817, -3.7717 -2.0905 0.5148, -3.7717 -2.0862 0.5801, -3.7961 -2.0717 0.5148, -3.7961 -2.0675 0.5777, -3.8149 -2.0472 0.5148, -3.8149 -2.0433 0.5745, -3.8267 -2.0188 0.5148, -3.8267 -2.0151 0.5707, -3.8307 -1.9882 0.5148, -3.8307 -1.9848 0.5667, -3.8267 -1.9576 0.5148, -3.8267 -1.9545 0.5626, -3.8149 -1.9291 0.5148, -3.8149 -1.9262 0.5589, -3.7961 -1.9047 0.5148, -3.7961 -1.902 0.5557, -3.7717 -1.8859 0.5148, -3.7717 -1.8834 0.5532, -3.7432 -1.8741 0.5148, -3.7432 -1.8717 0.5516, -3.7126 -1.8605 0.5868, -3.682 -1.8644 0.5878, -3.6535 -1.8758 0.5909, -3.6291 -1.8939 0.5958, -3.6103 -1.9175 0.6022, -3.5985 -1.945 0.6097, -3.5945 -1.9745 0.6176, -3.5985 -2.004 0.6256, -3.6103 -2.0315 0.6331, -3.6291 -2.0551 0.6395, -3.6535 -2.0733 0.6444, -3.682 -2.0846 0.6474, -3.7126 -2.0885 0.6485, -3.7432 -2.0846 0.6474, -3.7717 -2.0733 0.6444, -3.7961 -2.0551 0.6395, -3.8149 -2.0315 0.6331, -3.8267 -2.004 0.6256, -3.8307 -1.9745 0.6176, -3.8267 -1.945 0.6097, -3.8149 -1.9175 0.6022, -3.7961 -1.8939 0.5958, -3.7717 -1.8758 0.5909, -3.7432 -1.8644 0.5878, -3.7126 -1.8487 0.6212, -3.682 -1.8524 0.6228, -3.6535 -1.8633 0.6273, -3.6291 -1.8806 0.6346, -3.6103 -1.9032 0.644, -3.5985 -1.9295 0.655, -3.5945 -1.9577 0.6668, -3.5985 -1.9859 0.6786, -3.6103 -2.0121 0.6896, -3.6291 -2.0347 0.6991, -3.6535 -2.052 0.7063, -3.682 -2.0629 0.7109, -3.7126 -2.0666 0.7124, -3.7432 -2.0629 0.7109, -3.7717 -2.052 0.7063, -3.7961 -2.0347 0.6991, -3.8149 -2.0121 0.6896, -3.8267 -1.9859 0.6786, -3.8307 -1.9577 0.6668, -3.8267 -1.9295 0.655, -3.8149 -1.9032 0.644, -3.7961 -1.8806 0.6346, -3.7717 -1.8633 0.6273, -3.7432 -1.8524 0.6228, -3.7126 -1.8325 0.6538, -3.682 -1.8359 0.6558, -3.6535 -1.8461 0.6618, -3.6291 -1.8623 0.6712, -3.6103 -1.8835 0.6836, -3.5985 -1.9081 0.6979, -3.5945 -1.9345 0.7133, -3.5985 -1.9609 0.7288, -3.6103 -1.9855 0.7431, -3.6291 -2.0066 0.7555, -3.6535 -2.0228 0.7649, -3.682 -2.033 0.7709, -3.7126 -2.0364 0.7729, -3.7432 -2.033 0.7709, -3.7717 -2.0228 0.7649, -3.7961 -2.0066 0.7555, -3.8149 -1.9855 0.7431, -3.8267 -1.9609 0.7288, -3.8307 -1.9345 0.7133, -3.8267 -1.9081 0.6979, -3.8149 -1.8835 0.6836, -3.7961 -1.8623 0.6712, -3.7717 -1.8461 0.6618, -3.7432 -1.8359 0.6558, -3.7126 -1.8121 0.6839, -3.682 -1.8153 0.6864, -3.6535 -1.8246 0.6936, -3.6291 -1.8394 0.7052, -3.6103 -1.8587 0.7202, -3.5985 -1.8812 0.7376, -3.5945 -1.9053 0.7564, -3.5985 -1.9295 0.7752, -3.6103 -1.952 0.7927, -3.6291 -1.9713 0.8077, -3.6535 -1.9861 0.8192, -3.682 -1.9954 0.8264, -3.7126 -1.9986 0.8289, -3.7432 -1.9954 0.8264, -3.7717 -1.9861 0.8192, -3.7961 -1.9713 0.8077, -3.8149 -1.952 0.7927, -3.8267 -1.9295 0.7752, -3.8307 -1.9053 0.7564, -3.8267 -1.8812 0.7376, -3.8149 -1.8587 0.7202, -3.7961 -1.8394 0.7052, -3.7717 -1.8246 0.6936, -3.7432 -1.8153 0.6864, -3.7126 -1.7879 0.7111, -3.682 -1.7907 0.714, -3.6535 -1.799 0.7224, -3.6291 -1.8122 0.7358, -3.6103 -1.8293 0.7532, -3.5985 -1.8493 0.7735, -3.5945 -1.8708 0.7953, -3.5985 -1.8922 0.817, -3.6103 -1.9122 0.8373, -3.6291 -1.9294 0.8548, -3.6535 -1.9426 0.8681, -3.682 -1.9509 0.8765, -3.7126 -1.9537 0.8794, -3.7432 -1.9509 0.8765, -3.7717 -1.9426 0.8681, -3.7961 -1.9294 0.8548, -3.8149 -1.9122 0.8373, -3.8267 -1.8922 0.817, -3.8307 -1.8708 0.7953, -3.8267 -1.8493 0.7735, -3.8149 -1.8293 0.7532, -3.7961 -1.8122 0.7358, -3.7717 -1.799 0.7224, -3.7432 -1.7907 0.714, -4.0119 1.3583 2.4213, -4.0001 1.3583 2.3928, -4.1142 1.3583 2.3622, -3.9961 1.3583 2.3622, -4.0001 1.3583 2.3316, -4.0836 1.3583 2.4763, -4.0551 1.3583 2.4645, -4.0307 1.3583 2.4457, -4.1732 1.3583 2.4645, -4.1447 1.3583 2.4763, -4.1142 1.3583 2.4803, -4.2283 1.3583 2.3928, -4.2165 1.3583 2.4213, -4.1977 1.3583 2.4457, -4.2165 1.3583 2.3031, -4.2283 1.3583 2.3316, -4.2323 1.3583 2.3622, -4.1447 1.3583 2.2481, -4.1732 1.3583 2.2599, -4.1977 1.3583 2.2787, -4.0551 1.3583 2.2599, -4.0836 1.3583 2.2481, -4.1142 1.3583 2.2441, -4.0119 1.3583 2.3031, -4.0307 1.3583 2.2787, -4.0119 -1.9291 0.1969, -4.0001 -1.9576 0.1969, -4.1142 -1.9882 0.1969, -3.9961 -1.9882 0.1969, -4.0001 -2.0188 0.1969, -4.0836 -1.8741 0.1969, -4.0551 -1.8859 0.1969, -4.0307 -1.9047 0.1969, -4.1732 -1.8859 0.1969, -4.1447 -1.8741 0.1969, -4.1142 -1.8701 0.1969, -4.2283 -1.9576 0.1969, -4.2165 -1.9291 0.1969, -4.1977 -1.9047 0.1969, -4.2165 -2.0472 0.1969, -4.2283 -2.0188 0.1969, -4.2323 -1.9882 0.1969, -4.1447 -2.1023 0.1969, -4.1732 -2.0905 0.1969, -4.1977 -2.0717 0.1969, -4.0551 -2.0905 0.1969, -4.0836 -2.1023 0.1969, -4.1142 -2.1063 0.1969, -4.0119 -2.0472 0.1969, -4.0307 -2.0717 0.1969, -3.9961 0.3346 2.3622, -4.0001 0.3346 2.3928, -4.0119 0.3346 2.4213, -4.0307 0.3346 2.4457, -4.0551 0.3346 2.4645, -4.0836 0.3346 2.4763, -4.1142 0.3346 2.4803, -4.1447 0.3346 2.4763, -4.1732 0.3346 2.4645, -4.1977 0.3346 2.4457, -4.2165 0.3346 2.4213, -4.2283 0.3346 2.3928, -4.2323 0.3346 2.3622, -4.2283 0.3346 2.3316, -4.2165 0.3346 2.3031, -4.1977 0.3346 2.2787, -4.1732 0.3346 2.2599, -4.1447 0.3346 2.2481, -4.1142 0.3346 2.2441, -4.0836 0.3346 2.2481, -4.0551 0.3346 2.2599, -4.0307 0.3346 2.2787, -4.0119 0.3346 2.3031, -4.0001 0.3346 2.3316, -4.1142 0.1688 2.1886, -4.1142 0.1985 2.2081, -4.0836 0.1664 2.1918, -4.0836 0.1965 2.2116, -4.0551 0.1593 2.2012, -4.0551 0.1907 2.2219, -4.0307 0.148 2.2162, -4.0307 0.1814 2.2382, -4.0119 0.1333 2.2358, -4.0119 0.1694 2.2595, -4.0001 0.1161 2.2585, -4.0001 0.1553 2.2842, -3.9961 0.0977 2.2829, -3.9961 0.1402 2.3108, -4.0001 0.0793 2.3073, -4.0001 0.1251 2.3374, -4.0119 0.0622 2.3301, -4.0119 0.111 2.3622, -4.0307 0.0474 2.3496, -4.0307 0.0989 2.3834, -4.0551 0.0362 2.3646, -4.0551 0.0897 2.3998, -4.0836 0.0291 2.374, -4.0836 0.0838 2.41, -4.1142 0.0266 2.3773, -4.1142 0.0818 2.4135, -4.1447 0.0291 2.374, -4.1447 0.0838 2.41, -4.1732 0.0362 2.3646, -4.1732 0.0897 2.3998, -4.1977 0.0474 2.3496, -4.1977 0.0989 2.3834, -4.2165 0.0622 2.3301, -4.2165 0.111 2.3622, -4.2283 0.0793 2.3073, -4.2283 0.1251 2.3374, -4.2323 0.0977 2.2829, -4.2323 0.1402 2.3108, -4.2283 0.1161 2.2585, -4.2283 0.1553 2.2842, -4.2165 0.1333 2.2358, -4.2165 0.1694 2.2595, -4.1977 0.148 2.2162, -4.1977 0.1814 2.2382, -4.1732 0.1593 2.2012, -4.1732 0.1907 2.2219, -4.1447 0.1664 2.1918, -4.1447 0.1965 2.2116, -4.1142 0.2305 2.2237, -4.0836 0.229 2.2274, -4.0551 0.2245 2.2383, -4.0307 0.2174 2.2557, -4.0119 0.2082 2.2783, -4.0001 0.1974 2.3047, -3.9961 0.1859 2.333, -4.0001 0.1743 2.3613, -4.0119 0.1636 2.3877, -4.0307 0.1543 2.4103, -4.0551 0.1472 2.4277, -4.0836 0.1428 2.4386, -4.1142 0.1413 2.4424, -4.1447 0.1428 2.4386, -4.1732 0.1472 2.4277, -4.1977 0.1543 2.4103, -4.2165 0.1636 2.3877, -4.2283 0.1743 2.3613, -4.2323 0.1859 2.333, -4.2283 0.1974 2.3047, -4.2165 0.2082 2.2783, -4.1977 0.2174 2.2557, -4.1732 0.2245 2.2383, -4.1447 0.229 2.2274, -4.1142 0.2642 2.235, -4.0836 0.2632 2.2388, -4.0551 0.2602 2.2502, -4.0307 0.2554 2.2684, -4.0119 0.2492 2.292, -4.0001 0.2419 2.3196, -3.9961 0.2341 2.3491, -4.0001 0.2263 2.3787, -4.0119 0.219 2.4062, -4.0307 0.2127 2.4299, -4.0551 0.2079 2.448, -4.0836 0.2049 2.4594, -4.1142 0.2039 2.4633, -4.1447 0.2049 2.4594, -4.1732 0.2079 2.448, -4.1977 0.2127 2.4299, -4.2165 0.219 2.4062, -4.2283 0.2263 2.3787, -4.2323 0.2341 2.3491, -4.2283 0.2419 2.3196, -4.2165 0.2492 2.292, -4.1977 0.2554 2.2684, -4.1732 0.2602 2.2502, -4.1447 0.2632 2.2388, -4.1142 0.2992 2.2418, -4.0836 0.2986 2.2458, -4.0551 0.2971 2.2575, -4.0307 0.2947 2.2761, -4.0119 0.2915 2.3004, -4.0001 0.2879 2.3286, -3.9961 0.2839 2.3589, -4.0001 0.28 2.3892, -4.0119 0.2763 2.4175, -4.0307 0.2732 2.4417, -4.0551 0.2708 2.4604, -4.0836 0.2692 2.4721, -4.1142 0.2687 2.4761, -4.1447 0.2692 2.4721, -4.1732 0.2708 2.4604, -4.1977 0.2732 2.4417, -4.2165 0.2763 2.4175, -4.2283 0.28 2.3892, -4.2323 0.2839 2.3589, -4.2283 0.2879 2.3286, -4.2165 0.2915 2.3004, -4.1977 0.2947 2.2761, -4.1732 0.2971 2.2575, -4.1447 0.2986 2.2458, -4.1142 -1.7603 0.7349, -4.0836 -1.7628 0.7381, -4.0551 -1.7699 0.7475, -4.0307 -1.7812 0.7625, -4.0119 -1.7959 0.7821, -4.0001 -1.813 0.8048, -3.9961 -1.8314 0.8292, -4.0001 -1.8498 0.8536, -4.0119 -1.867 0.8764, -4.0307 -1.8817 0.8959, -4.0551 -1.893 0.9109, -4.0836 -1.9001 0.9203, -4.1142 -1.9025 0.9235, -4.1447 -1.9001 0.9203, -4.1732 -1.893 0.9109, -4.1977 -1.8817 0.8959, -4.2165 -1.867 0.8764, -4.2283 -1.8498 0.8536, -4.2323 -1.8314 0.8292, -4.2283 -1.813 0.8048, -4.2165 -1.7959 0.7821, -4.1977 -1.7812 0.7625, -4.1732 -1.7699 0.7475, -4.1447 -1.7628 0.7381, -4.1142 -1.8701 0.5148, -4.1142 -1.8677 0.5511, -4.0836 -1.8741 0.5148, -4.0836 -1.8717 0.5516, -4.0551 -1.8859 0.5148, -4.0551 -1.8834 0.5532, -4.0307 -1.9047 0.5148, -4.0307 -1.902 0.5557, -4.0119 -1.9291 0.5148, -4.0119 -1.9262 0.5589, -4.0001 -1.9576 0.5148, -4.0001 -1.9545 0.5626, -3.9961 -1.9882 0.5148, -3.9961 -1.9848 0.5667, -4.0001 -2.0188 0.5148, -4.0001 -2.0151 0.5707, -4.0119 -2.0472 0.5148, -4.0119 -2.0433 0.5745, -4.0307 -2.0717 0.5148, -4.0307 -2.0675 0.5777, -4.0551 -2.0905 0.5148, -4.0551 -2.0862 0.5801, -4.0836 -2.1023 0.5148, -4.0836 -2.0978 0.5817, -4.1142 -2.1063 0.5148, -4.1142 -2.1018 0.5822, -4.1447 -2.1023 0.5148, -4.1447 -2.0978 0.5817, -4.1732 -2.0905 0.5148, -4.1732 -2.0862 0.5801, -4.1977 -2.0717 0.5148, -4.1977 -2.0675 0.5777, -4.2165 -2.0472 0.5148, -4.2165 -2.0433 0.5745, -4.2283 -2.0188 0.5148, -4.2283 -2.0151 0.5707, -4.2323 -1.9882 0.5148, -4.2323 -1.9848 0.5667, -4.2283 -1.9576 0.5148, -4.2283 -1.9545 0.5626, -4.2165 -1.9291 0.5148, -4.2165 -1.9262 0.5589, -4.1977 -1.9047 0.5148, -4.1977 -1.902 0.5557, -4.1732 -1.8859 0.5148, -4.1732 -1.8834 0.5532, -4.1447 -1.8741 0.5148, -4.1447 -1.8717 0.5516, -4.1142 -1.8605 0.5868, -4.0836 -1.8644 0.5878, -4.0551 -1.8758 0.5909, -4.0307 -1.8939 0.5958, -4.0119 -1.9175 0.6022, -4.0001 -1.945 0.6097, -3.9961 -1.9745 0.6176, -4.0001 -2.004 0.6256, -4.0119 -2.0315 0.6331, -4.0307 -2.0551 0.6395, -4.0551 -2.0733 0.6444, -4.0836 -2.0846 0.6474, -4.1142 -2.0885 0.6485, -4.1447 -2.0846 0.6474, -4.1732 -2.0733 0.6444, -4.1977 -2.0551 0.6395, -4.2165 -2.0315 0.6331, -4.2283 -2.004 0.6256, -4.2323 -1.9745 0.6176, -4.2283 -1.945 0.6097, -4.2165 -1.9175 0.6022, -4.1977 -1.8939 0.5958, -4.1732 -1.8758 0.5909, -4.1447 -1.8644 0.5878, -4.1142 -1.8487 0.6212, -4.0836 -1.8524 0.6228, -4.0551 -1.8633 0.6273, -4.0307 -1.8806 0.6346, -4.0119 -1.9032 0.644, -4.0001 -1.9295 0.655, -3.9961 -1.9577 0.6668, -4.0001 -1.9859 0.6786, -4.0119 -2.0121 0.6896, -4.0307 -2.0347 0.6991, -4.0551 -2.052 0.7063, -4.0836 -2.0629 0.7109, -4.1142 -2.0666 0.7124, -4.1447 -2.0629 0.7109, -4.1732 -2.052 0.7063, -4.1977 -2.0347 0.6991, -4.2165 -2.0121 0.6896, -4.2283 -1.9859 0.6786, -4.2323 -1.9577 0.6668, -4.2283 -1.9295 0.655, -4.2165 -1.9032 0.644, -4.1977 -1.8806 0.6346, -4.1732 -1.8633 0.6273, -4.1447 -1.8524 0.6228, -4.1142 -1.8325 0.6538, -4.0836 -1.8359 0.6558, -4.0551 -1.8461 0.6618, -4.0307 -1.8623 0.6712, -4.0119 -1.8835 0.6836, -4.0001 -1.9081 0.6979, -3.9961 -1.9345 0.7133, -4.0001 -1.9609 0.7288, -4.0119 -1.9855 0.7431, -4.0307 -2.0066 0.7555, -4.0551 -2.0228 0.7649, -4.0836 -2.033 0.7709, -4.1142 -2.0364 0.7729, -4.1447 -2.033 0.7709, -4.1732 -2.0228 0.7649, -4.1977 -2.0066 0.7555, -4.2165 -1.9855 0.7431, -4.2283 -1.9609 0.7288, -4.2323 -1.9345 0.7133, -4.2283 -1.9081 0.6979, -4.2165 -1.8835 0.6836, -4.1977 -1.8623 0.6712, -4.1732 -1.8461 0.6618, -4.1447 -1.8359 0.6558, -4.1142 -1.8121 0.6839, -4.0836 -1.8153 0.6864, -4.0551 -1.8246 0.6936, -4.0307 -1.8394 0.7052, -4.0119 -1.8587 0.7202, -4.0001 -1.8812 0.7376, -3.9961 -1.9053 0.7564, -4.0001 -1.9295 0.7752, -4.0119 -1.952 0.7927, -4.0307 -1.9713 0.8077, -4.0551 -1.9861 0.8192, -4.0836 -1.9954 0.8264, -4.1142 -1.9986 0.8289, -4.1447 -1.9954 0.8264, -4.1732 -1.9861 0.8192, -4.1977 -1.9713 0.8077, -4.2165 -1.952 0.7927, -4.2283 -1.9295 0.7752, -4.2323 -1.9053 0.7564, -4.2283 -1.8812 0.7376, -4.2165 -1.8587 0.7202, -4.1977 -1.8394 0.7052, -4.1732 -1.8246 0.6936, -4.1447 -1.8153 0.6864, -4.1142 -1.7879 0.7111, -4.0836 -1.7907 0.714, -4.0551 -1.799 0.7224, -4.0307 -1.8122 0.7358, -4.0119 -1.8293 0.7532, -4.0001 -1.8493 0.7735, -3.9961 -1.8708 0.7953, -4.0001 -1.8922 0.817, -4.0119 -1.9122 0.8373, -4.0307 -1.9294 0.8548, -4.0551 -1.9426 0.8681, -4.0836 -1.9509 0.8765, -4.1142 -1.9537 0.8794, -4.1447 -1.9509 0.8765, -4.1732 -1.9426 0.8681, -4.1977 -1.9294 0.8548, -4.2165 -1.9122 0.8373, -4.2283 -1.8922 0.817, -4.2323 -1.8708 0.7953, -4.2283 -1.8493 0.7735, -4.2165 -1.8293 0.7532, -4.1977 -1.8122 0.7358, -4.1732 -1.799 0.7224, -4.1447 -1.7907 0.714, -4.4135 1.3583 2.4213, -4.4017 1.3583 2.3928, -4.5157 1.3583 2.3622, -4.3976 1.3583 2.3622, -4.4017 1.3583 2.3316, -4.4852 1.3583 2.4763, -4.4567 1.3583 2.4645, -4.4322 1.3583 2.4457, -4.5748 1.3583 2.4645, -4.5463 1.3583 2.4763, -4.5157 1.3583 2.4803, -4.6298 1.3583 2.3928, -4.618 1.3583 2.4213, -4.5993 1.3583 2.4457, -4.618 1.3583 2.3031, -4.6298 1.3583 2.3316, -4.6339 1.3583 2.3622, -4.5463 1.3583 2.2481, -4.5748 1.3583 2.2599, -4.5993 1.3583 2.2787, -4.4567 1.3583 2.2599, -4.4852 1.3583 2.2481, -4.5157 1.3583 2.2441, -4.4135 1.3583 2.3031, -4.4322 1.3583 2.2787, -4.4135 -1.9291 0.1969, -4.4017 -1.9576 0.1969, -4.5157 -1.9882 0.1969, -4.3976 -1.9882 0.1969, -4.4017 -2.0188 0.1969, -4.4852 -1.8741 0.1969, -4.4567 -1.8859 0.1969, -4.4322 -1.9047 0.1969, -4.5748 -1.8859 0.1969, -4.5463 -1.8741 0.1969, -4.5157 -1.8701 0.1969, -4.6298 -1.9576 0.1969, -4.618 -1.9291 0.1969, -4.5993 -1.9047 0.1969, -4.618 -2.0472 0.1969, -4.6298 -2.0188 0.1969, -4.6339 -1.9882 0.1969, -4.5463 -2.1023 0.1969, -4.5748 -2.0905 0.1969, -4.5993 -2.0717 0.1969, -4.4567 -2.0905 0.1969, -4.4852 -2.1023 0.1969, -4.5157 -2.1063 0.1969, -4.4135 -2.0472 0.1969, -4.4322 -2.0717 0.1969, -4.3976 0.3346 2.3622, -4.4017 0.3346 2.3928, -4.4135 0.3346 2.4213, -4.4322 0.3346 2.4457, -4.4567 0.3346 2.4645, -4.4852 0.3346 2.4763, -4.5157 0.3346 2.4803, -4.5463 0.3346 2.4763, -4.5748 0.3346 2.4645, -4.5993 0.3346 2.4457, -4.618 0.3346 2.4213, -4.6298 0.3346 2.3928, -4.6339 0.3346 2.3622, -4.6298 0.3346 2.3316, -4.618 0.3346 2.3031, -4.5993 0.3346 2.2787, -4.5748 0.3346 2.2599, -4.5463 0.3346 2.2481, -4.5157 0.3346 2.2441, -4.4852 0.3346 2.2481, -4.4567 0.3346 2.2599, -4.4322 0.3346 2.2787, -4.4135 0.3346 2.3031, -4.4017 0.3346 2.3316, -4.5157 0.1688 2.1886, -4.5157 0.1985 2.2081, -4.4852 0.1664 2.1918, -4.4852 0.1965 2.2116, -4.4567 0.1593 2.2012, -4.4567 0.1907 2.2219, -4.4322 0.148 2.2162, -4.4322 0.1814 2.2382, -4.4135 0.1333 2.2358, -4.4135 0.1694 2.2595, -4.4017 0.1161 2.2585, -4.4017 0.1553 2.2842, -4.3976 0.0977 2.2829, -4.3976 0.1402 2.3108, -4.4017 0.0793 2.3073, -4.4017 0.1251 2.3374, -4.4135 0.0622 2.3301, -4.4135 0.111 2.3622, -4.4322 0.0474 2.3496, -4.4322 0.0989 2.3834, -4.4567 0.0362 2.3646, -4.4567 0.0897 2.3998, -4.4852 0.0291 2.374, -4.4852 0.0838 2.41, -4.5157 0.0266 2.3773, -4.5157 0.0818 2.4135, -4.5463 0.0291 2.374, -4.5463 0.0838 2.41, -4.5748 0.0362 2.3646, -4.5748 0.0897 2.3998, -4.5993 0.0474 2.3496, -4.5993 0.0989 2.3834, -4.618 0.0622 2.3301, -4.618 0.111 2.3622, -4.6298 0.0793 2.3073, -4.6298 0.1251 2.3374, -4.6339 0.0977 2.2829, -4.6339 0.1402 2.3108, -4.6298 0.1161 2.2585, -4.6298 0.1553 2.2842, -4.618 0.1333 2.2358, -4.618 0.1694 2.2595, -4.5993 0.148 2.2162, -4.5993 0.1814 2.2382, -4.5748 0.1593 2.2012, -4.5748 0.1907 2.2219, -4.5463 0.1664 2.1918, -4.5463 0.1965 2.2116, -4.5157 0.2305 2.2237, -4.4852 0.229 2.2274, -4.4567 0.2245 2.2383, -4.4322 0.2174 2.2557, -4.4135 0.2082 2.2783, -4.4017 0.1974 2.3047, -4.3976 0.1859 2.333, -4.4017 0.1743 2.3613, -4.4135 0.1636 2.3877, -4.4322 0.1543 2.4103, -4.4567 0.1472 2.4277, -4.4852 0.1428 2.4386, -4.5157 0.1413 2.4424, -4.5463 0.1428 2.4386, -4.5748 0.1472 2.4277, -4.5993 0.1543 2.4103, -4.618 0.1636 2.3877, -4.6298 0.1743 2.3613, -4.6339 0.1859 2.333, -4.6298 0.1974 2.3047, -4.618 0.2082 2.2783, -4.5993 0.2174 2.2557, -4.5748 0.2245 2.2383, -4.5463 0.229 2.2274, -4.5157 0.2642 2.235, -4.4852 0.2632 2.2388, -4.4567 0.2602 2.2502, -4.4322 0.2554 2.2684, -4.4135 0.2492 2.292, -4.4017 0.2419 2.3196, -4.3976 0.2341 2.3491, -4.4017 0.2263 2.3787, -4.4135 0.219 2.4062, -4.4322 0.2127 2.4299, -4.4567 0.2079 2.448, -4.4852 0.2049 2.4594, -4.5157 0.2039 2.4633, -4.5463 0.2049 2.4594, -4.5748 0.2079 2.448, -4.5993 0.2127 2.4299, -4.618 0.219 2.4062, -4.6298 0.2263 2.3787, -4.6339 0.2341 2.3491, -4.6298 0.2419 2.3196, -4.618 0.2492 2.292, -4.5993 0.2554 2.2684, -4.5748 0.2602 2.2502, -4.5463 0.2632 2.2388, -4.5157 0.2992 2.2418, -4.4852 0.2986 2.2458, -4.4567 0.2971 2.2575, -4.4322 0.2947 2.2761, -4.4135 0.2915 2.3004, -4.4017 0.2879 2.3286, -4.3976 0.2839 2.3589, -4.4017 0.28 2.3892, -4.4135 0.2763 2.4175, -4.4322 0.2732 2.4417, -4.4567 0.2708 2.4604, -4.4852 0.2692 2.4721, -4.5157 0.2687 2.4761, -4.5463 0.2692 2.4721, -4.5748 0.2708 2.4604, -4.5993 0.2732 2.4417, -4.618 0.2763 2.4175, -4.6298 0.28 2.3892, -4.6339 0.2839 2.3589, -4.6298 0.2879 2.3286, -4.618 0.2915 2.3004, -4.5993 0.2947 2.2761, -4.5748 0.2971 2.2575, -4.5463 0.2986 2.2458, -4.5157 -1.7603 0.7349, -4.4852 -1.7628 0.7381, -4.4567 -1.7699 0.7475, -4.4322 -1.7812 0.7625, -4.4135 -1.7959 0.7821, -4.4017 -1.813 0.8048, -4.3976 -1.8314 0.8292, -4.4017 -1.8498 0.8536, -4.4135 -1.867 0.8764, -4.4322 -1.8817 0.8959, -4.4567 -1.893 0.9109, -4.4852 -1.9001 0.9203, -4.5157 -1.9025 0.9235, -4.5463 -1.9001 0.9203, -4.5748 -1.893 0.9109, -4.5993 -1.8817 0.8959, -4.618 -1.867 0.8764, -4.6298 -1.8498 0.8536, -4.6339 -1.8314 0.8292, -4.6298 -1.813 0.8048, -4.618 -1.7959 0.7821, -4.5993 -1.7812 0.7625, -4.5748 -1.7699 0.7475, -4.5463 -1.7628 0.7381, -4.5157 -1.8701 0.5148, -4.5157 -1.8677 0.5511, -4.4852 -1.8741 0.5148, -4.4852 -1.8717 0.5516, -4.4567 -1.8859 0.5148, -4.4567 -1.8834 0.5532, -4.4322 -1.9047 0.5148, -4.4322 -1.902 0.5557, -4.4135 -1.9291 0.5148, -4.4135 -1.9262 0.5589, -4.4017 -1.9576 0.5148, -4.4017 -1.9545 0.5626, -4.3976 -1.9882 0.5148, -4.3976 -1.9848 0.5667, -4.4017 -2.0188 0.5148, -4.4017 -2.0151 0.5707, -4.4135 -2.0472 0.5148, -4.4135 -2.0433 0.5745, -4.4322 -2.0717 0.5148, -4.4322 -2.0675 0.5777, -4.4567 -2.0905 0.5148, -4.4567 -2.0862 0.5801, -4.4852 -2.1023 0.5148, -4.4852 -2.0978 0.5817, -4.5157 -2.1063 0.5148, -4.5157 -2.1018 0.5822, -4.5463 -2.1023 0.5148, -4.5463 -2.0978 0.5817, -4.5748 -2.0905 0.5148, -4.5748 -2.0862 0.5801, -4.5993 -2.0717 0.5148, -4.5993 -2.0675 0.5777, -4.618 -2.0472 0.5148, -4.618 -2.0433 0.5745, -4.6298 -2.0188 0.5148, -4.6298 -2.0151 0.5707, -4.6339 -1.9882 0.5148, -4.6339 -1.9848 0.5667, -4.6298 -1.9576 0.5148, -4.6298 -1.9545 0.5626, -4.618 -1.9291 0.5148, -4.618 -1.9262 0.5589, -4.5993 -1.9047 0.5148, -4.5993 -1.902 0.5557, -4.5748 -1.8859 0.5148, -4.5748 -1.8834 0.5532, -4.5463 -1.8741 0.5148, -4.5463 -1.8717 0.5516, -4.5157 -1.8605 0.5868, -4.4852 -1.8644 0.5878, -4.4567 -1.8758 0.5909, -4.4322 -1.8939 0.5958, -4.4135 -1.9175 0.6022, -4.4017 -1.945 0.6097, -4.3976 -1.9745 0.6176, -4.4017 -2.004 0.6256, -4.4135 -2.0315 0.6331, -4.4322 -2.0551 0.6395, -4.4567 -2.0733 0.6444, -4.4852 -2.0846 0.6474, -4.5157 -2.0885 0.6485, -4.5463 -2.0846 0.6474, -4.5748 -2.0733 0.6444, -4.5993 -2.0551 0.6395, -4.618 -2.0315 0.6331, -4.6298 -2.004 0.6256, -4.6339 -1.9745 0.6176, -4.6298 -1.945 0.6097, -4.618 -1.9175 0.6022, -4.5993 -1.8939 0.5958, -4.5748 -1.8758 0.5909, -4.5463 -1.8644 0.5878, -4.5157 -1.8487 0.6212, -4.4852 -1.8524 0.6228, -4.4567 -1.8633 0.6273, -4.4322 -1.8806 0.6346, -4.4135 -1.9032 0.644, -4.4017 -1.9295 0.655, -4.3976 -1.9577 0.6668, -4.4017 -1.9859 0.6786, -4.4135 -2.0121 0.6896, -4.4322 -2.0347 0.6991, -4.4567 -2.052 0.7063, -4.4852 -2.0629 0.7109, -4.5157 -2.0666 0.7124, -4.5463 -2.0629 0.7109, -4.5748 -2.052 0.7063, -4.5993 -2.0347 0.6991, -4.618 -2.0121 0.6896, -4.6298 -1.9859 0.6786, -4.6339 -1.9577 0.6668, -4.6298 -1.9295 0.655, -4.618 -1.9032 0.644, -4.5993 -1.8806 0.6346, -4.5748 -1.8633 0.6273, -4.5463 -1.8524 0.6228, -4.5157 -1.8325 0.6538, -4.4852 -1.8359 0.6558, -4.4567 -1.8461 0.6618, -4.4322 -1.8623 0.6712, -4.4135 -1.8835 0.6836, -4.4017 -1.9081 0.6979, -4.3976 -1.9345 0.7133, -4.4017 -1.9609 0.7288, -4.4135 -1.9855 0.7431, -4.4322 -2.0066 0.7555, -4.4567 -2.0228 0.7649, -4.4852 -2.033 0.7709, -4.5157 -2.0364 0.7729, -4.5463 -2.033 0.7709, -4.5748 -2.0228 0.7649, -4.5993 -2.0066 0.7555, -4.618 -1.9855 0.7431, -4.6298 -1.9609 0.7288, -4.6339 -1.9345 0.7133, -4.6298 -1.9081 0.6979, -4.618 -1.8835 0.6836, -4.5993 -1.8623 0.6712, -4.5748 -1.8461 0.6618, -4.5463 -1.8359 0.6558, -4.5157 -1.8121 0.6839, -4.4852 -1.8153 0.6864, -4.4567 -1.8246 0.6936, -4.4322 -1.8394 0.7052, -4.4135 -1.8587 0.7202, -4.4017 -1.8812 0.7376, -4.3976 -1.9053 0.7564, -4.4017 -1.9295 0.7752, -4.4135 -1.952 0.7927, -4.4322 -1.9713 0.8077, -4.4567 -1.9861 0.8192, -4.4852 -1.9954 0.8264, -4.5157 -1.9986 0.8289, -4.5463 -1.9954 0.8264, -4.5748 -1.9861 0.8192, -4.5993 -1.9713 0.8077, -4.618 -1.952 0.7927, -4.6298 -1.9295 0.7752, -4.6339 -1.9053 0.7564, -4.6298 -1.8812 0.7376, -4.618 -1.8587 0.7202, -4.5993 -1.8394 0.7052, -4.5748 -1.8246 0.6936, -4.5463 -1.8153 0.6864, -4.5157 -1.7879 0.7111, -4.4852 -1.7907 0.714, -4.4567 -1.799 0.7224, -4.4322 -1.8122 0.7358, -4.4135 -1.8293 0.7532, -4.4017 -1.8493 0.7735, -4.3976 -1.8708 0.7953, -4.4017 -1.8922 0.817, -4.4135 -1.9122 0.8373, -4.4322 -1.9294 0.8548, -4.4567 -1.9426 0.8681, -4.4852 -1.9509 0.8765, -4.5157 -1.9537 0.8794, -4.5463 -1.9509 0.8765, -4.5748 -1.9426 0.8681, -4.5993 -1.9294 0.8548, -4.618 -1.9122 0.8373, -4.6298 -1.8922 0.817, -4.6339 -1.8708 0.7953, -4.6298 -1.8493 0.7735, -4.618 -1.8293 0.7532, -4.5993 -1.8122 0.7358, -4.5748 -1.799 0.7224, -4.5463 -1.7907 0.714, 4.4135 1.3583 2.3031, 4.4017 1.3583 2.3316, 4.5157 1.3583 2.3622, 4.3976 1.3583 2.3622, 4.4017 1.3583 2.3928, 4.4852 1.3583 2.2481, 4.4567 1.3583 2.2599, 4.4322 1.3583 2.2787, 4.5748 1.3583 2.2599, 4.5463 1.3583 2.2481, 4.5157 1.3583 2.2441, 4.6298 1.3583 2.3316, 4.618 1.3583 2.3031, 4.5993 1.3583 2.2787, 4.618 1.3583 2.4213, 4.6298 1.3583 2.3928, 4.6339 1.3583 2.3622, 4.5463 1.3583 2.4763, 4.5748 1.3583 2.4645, 4.5993 1.3583 2.4457, 4.4567 1.3583 2.4645, 4.4852 1.3583 2.4763, 4.5157 1.3583 2.4803, 4.4135 1.3583 2.4213, 4.4322 1.3583 2.4457, 4.4135 -2.0472 0.1969, 4.4017 -2.0188 0.1969, 4.5157 -1.9882 0.1969, 4.3976 -1.9882 0.1969, 4.4017 -1.9576 0.1969, 4.4852 -2.1023 0.1969, 4.4567 -2.0905 0.1969, 4.4322 -2.0717 0.1969, 4.5748 -2.0905 0.1969, 4.5463 -2.1023 0.1969, 4.5157 -2.1063 0.1969, 4.6298 -2.0188 0.1969, 4.618 -2.0472 0.1969, 4.5993 -2.0717 0.1969, 4.618 -1.9291 0.1969, 4.6298 -1.9576 0.1969, 4.6339 -1.9882 0.1969, 4.5463 -1.8741 0.1969, 4.5748 -1.8859 0.1969, 4.5993 -1.9047 0.1969, 4.4567 -1.8859 0.1969, 4.4852 -1.8741 0.1969, 4.5157 -1.8701 0.1969, 4.4135 -1.9291 0.1969, 4.4322 -1.9047 0.1969, 4.3976 0.3346 2.3622, 4.4017 0.3346 2.3316, 4.4135 0.3346 2.3031, 4.4322 0.3346 2.2787, 4.4567 0.3346 2.2599, 4.4852 0.3346 2.2481, 4.5157 0.3346 2.2441, 4.5463 0.3346 2.2481, 4.5748 0.3346 2.2599, 4.5993 0.3346 2.2787, 4.618 0.3346 2.3031, 4.6298 0.3346 2.3316, 4.6339 0.3346 2.3622, 4.6298 0.3346 2.3928, 4.618 0.3346 2.4213, 4.5993 0.3346 2.4457, 4.5748 0.3346 2.4645, 4.5463 0.3346 2.4763, 4.5157 0.3346 2.4803, 4.4852 0.3346 2.4763, 4.4567 0.3346 2.4645, 4.4322 0.3346 2.4457, 4.4135 0.3346 2.4213, 4.4017 0.3346 2.3928, 4.5157 0.2992 2.2418, 4.4852 0.2986 2.2458, 4.4567 0.2971 2.2575, 4.4322 0.2947 2.2761, 4.4135 0.2915 2.3004, 4.4017 0.2879 2.3286, 4.3976 0.2839 2.3589, 4.4017 0.28 2.3892, 4.4135 0.2763 2.4175, 4.4322 0.2732 2.4417, 4.4567 0.2708 2.4604, 4.4852 0.2692 2.4721, 4.5157 0.2687 2.4761, 4.5463 0.2692 2.4721, 4.5748 0.2708 2.4604, 4.5993 0.2732 2.4417, 4.618 0.2763 2.4175, 4.6298 0.28 2.3892, 4.6339 0.2839 2.3589, 4.6298 0.2879 2.3286, 4.618 0.2915 2.3004, 4.5993 0.2947 2.2761, 4.5748 0.2971 2.2575, 4.5463 0.2986 2.2458, 4.5157 0.2642 2.235, 4.4852 0.2632 2.2388, 4.4567 0.2602 2.2502, 4.4322 0.2554 2.2684, 4.4135 0.2492 2.292, 4.4017 0.2419 2.3196, 4.3976 0.2341 2.3491, 4.4017 0.2263 2.3787, 4.4135 0.219 2.4062, 4.4322 0.2127 2.4299, 4.4567 0.2079 2.448, 4.4852 0.2049 2.4594, 4.5157 0.2039 2.4633, 4.5463 0.2049 2.4594, 4.5748 0.2079 2.448, 4.5993 0.2127 2.4299, 4.618 0.219 2.4062, 4.6298 0.2263 2.3787, 4.6339 0.2341 2.3491, 4.6298 0.2419 2.3196, 4.618 0.2492 2.292, 4.5993 0.2554 2.2684, 4.5748 0.2602 2.2502, 4.5463 0.2632 2.2388, 4.5157 0.2305 2.2237, 4.4852 0.229 2.2274, 4.4567 0.2245 2.2383, 4.4322 0.2174 2.2557, 4.4135 0.2082 2.2783, 4.4017 0.1974 2.3047, 4.3976 0.1859 2.333, 4.4017 0.1743 2.3613, 4.4135 0.1636 2.3877, 4.4322 0.1543 2.4103, 4.4567 0.1472 2.4277, 4.4852 0.1428 2.4386, 4.5157 0.1413 2.4424, 4.5463 0.1428 2.4386, 4.5748 0.1472 2.4277, 4.5993 0.1543 2.4103, 4.618 0.1636 2.3877, 4.6298 0.1743 2.3613, 4.6339 0.1859 2.333, 4.6298 0.1974 2.3047, 4.618 0.2082 2.2783, 4.5993 0.2174 2.2557, 4.5748 0.2245 2.2383, 4.5463 0.229 2.2274, 4.5157 0.1985 2.2081, 4.4852 0.1965 2.2116, 4.4567 0.1907 2.2219, 4.4322 0.1814 2.2382, 4.4135 0.1694 2.2595, 4.4017 0.1553 2.2842, 4.3976 0.1402 2.3108, 4.4017 0.1251 2.3374, 4.4135 0.111 2.3622, 4.4322 0.0989 2.3834, 4.4567 0.0897 2.3998, 4.4852 0.0838 2.41, 4.5157 0.0818 2.4135, 4.5463 0.0838 2.41, 4.5748 0.0897 2.3998, 4.5993 0.0989 2.3834, 4.618 0.111 2.3622, 4.6298 0.1251 2.3374, 4.6339 0.1402 2.3108, 4.6298 0.1553 2.2842, 4.618 0.1694 2.2595, 4.5993 0.1814 2.2382, 4.5748 0.1907 2.2219, 4.5463 0.1965 2.2116, 4.5157 0.1688 2.1886, 4.4852 0.1664 2.1918, 4.4567 0.1593 2.2012, 4.4322 0.148 2.2162, 4.4135 0.1333 2.2358, 4.4017 0.1161 2.2585, 4.3976 0.0977 2.2829, 4.4017 0.0793 2.3073, 4.4135 0.0622 2.3301, 4.4322 0.0474 2.3496, 4.4567 0.0362 2.3646, 4.4852 0.0291 2.374, 4.5157 0.0266 2.3773, 4.5463 0.0291 2.374, 4.5748 0.0362 2.3646, 4.5993 0.0474 2.3496, 4.618 0.0622 2.3301, 4.6298 0.0793 2.3073, 4.6339 0.0977 2.2829, 4.6298 0.1161 2.2585, 4.618 0.1333 2.2358, 4.5993 0.148 2.2162, 4.5748 0.1593 2.2012, 4.5463 0.1664 2.1918, 4.5157 -1.7603 0.7349, 4.5463 -1.7628 0.7381, 4.5748 -1.7699 0.7475, 4.5993 -1.7812 0.7625, 4.618 -1.7959 0.7821, 4.6298 -1.813 0.8048, 4.6339 -1.8314 0.8292, 4.6298 -1.8498 0.8536, 4.618 -1.867 0.8764, 4.5993 -1.8817 0.8959, 4.5748 -1.893 0.9109, 4.5463 -1.9001 0.9203, 4.5157 -1.9025 0.9235, 4.4852 -1.9001 0.9203, 4.4567 -1.893 0.9109, 4.4322 -1.8817 0.8959, 4.4135 -1.867 0.8764, 4.4017 -1.8498 0.8536, 4.3976 -1.8314 0.8292, 4.4017 -1.813 0.8048, 4.4135 -1.7959 0.7821, 4.4322 -1.7812 0.7625, 4.4567 -1.7699 0.7475, 4.4852 -1.7628 0.7381, 4.5157 -1.7879 0.7111, 4.4852 -1.7907 0.714, 4.4567 -1.799 0.7224, 4.4322 -1.8122 0.7358, 4.4135 -1.8293 0.7532, 4.4017 -1.8493 0.7735, 4.3976 -1.8708 0.7953, 4.4017 -1.8922 0.817, 4.4135 -1.9122 0.8373, 4.4322 -1.9294 0.8548, 4.4567 -1.9426 0.8681, 4.4852 -1.9509 0.8765, 4.5157 -1.9537 0.8794, 4.5463 -1.9509 0.8765, 4.5748 -1.9426 0.8681, 4.5993 -1.9294 0.8548, 4.618 -1.9122 0.8373, 4.6298 -1.8922 0.817, 4.6339 -1.8708 0.7953, 4.6298 -1.8493 0.7735, 4.618 -1.8293 0.7532, 4.5993 -1.8122 0.7358, 4.5748 -1.799 0.7224, 4.5463 -1.7907 0.714, 4.5157 -1.8121 0.6839, 4.4852 -1.8153 0.6864, 4.4567 -1.8246 0.6936, 4.4322 -1.8394 0.7052, 4.4135 -1.8587 0.7202, 4.4017 -1.8812 0.7376, 4.3976 -1.9053 0.7564, 4.4017 -1.9295 0.7752, 4.4135 -1.952 0.7927, 4.4322 -1.9713 0.8077, 4.4567 -1.9861 0.8192, 4.4852 -1.9954 0.8264, 4.5157 -1.9986 0.8289, 4.5463 -1.9954 0.8264, 4.5748 -1.9861 0.8192, 4.5993 -1.9713 0.8077, 4.618 -1.952 0.7927, 4.6298 -1.9295 0.7752, 4.6339 -1.9053 0.7564, 4.6298 -1.8812 0.7376, 4.618 -1.8587 0.7202, 4.5993 -1.8394 0.7052, 4.5748 -1.8246 0.6936, 4.5463 -1.8153 0.6864, 4.5157 -1.8325 0.6538, 4.4852 -1.8359 0.6558, 4.4567 -1.8461 0.6618, 4.4322 -1.8623 0.6712, 4.4135 -1.8835 0.6836, 4.4017 -1.9081 0.6979, 4.3976 -1.9345 0.7133, 4.4017 -1.9609 0.7288, 4.4135 -1.9855 0.7431, 4.4322 -2.0066 0.7555, 4.4567 -2.0228 0.7649, 4.4852 -2.033 0.7709, 4.5157 -2.0364 0.7729, 4.5463 -2.033 0.7709, 4.5748 -2.0228 0.7649, 4.5993 -2.0066 0.7555, 4.618 -1.9855 0.7431, 4.6298 -1.9609 0.7288, 4.6339 -1.9345 0.7133, 4.6298 -1.9081 0.6979, 4.618 -1.8835 0.6836, 4.5993 -1.8623 0.6712, 4.5748 -1.8461 0.6618, 4.5463 -1.8359 0.6558, 4.5157 -1.8487 0.6212, 4.4852 -1.8524 0.6228, 4.4567 -1.8633 0.6273, 4.4322 -1.8806 0.6346, 4.4135 -1.9032 0.644, 4.4017 -1.9295 0.655, 4.3976 -1.9577 0.6668, 4.4017 -1.9859 0.6786, 4.4135 -2.0121 0.6896, 4.4322 -2.0347 0.6991, 4.4567 -2.052 0.7063, 4.4852 -2.0629 0.7109, 4.5157 -2.0666 0.7124, 4.5463 -2.0629 0.7109, 4.5748 -2.052 0.7063, 4.5993 -2.0347 0.6991, 4.618 -2.0121 0.6896, 4.6298 -1.9859 0.6786, 4.6339 -1.9577 0.6668, 4.6298 -1.9295 0.655, 4.618 -1.9032 0.644, 4.5993 -1.8806 0.6346, 4.5748 -1.8633 0.6273, 4.5463 -1.8524 0.6228, 4.5157 -1.8605 0.5868, 4.4852 -1.8644 0.5878, 4.4567 -1.8758 0.5909, 4.4322 -1.8939 0.5958, 4.4135 -1.9175 0.6022, 4.4017 -1.945 0.6097, 4.3976 -1.9745 0.6176, 4.4017 -2.004 0.6256, 4.4135 -2.0315 0.6331, 4.4322 -2.0551 0.6395, 4.4567 -2.0733 0.6444, 4.4852 -2.0846 0.6474, 4.5157 -2.0885 0.6485, 4.5463 -2.0846 0.6474, 4.5748 -2.0733 0.6444, 4.5993 -2.0551 0.6395, 4.618 -2.0315 0.6331, 4.6298 -2.004 0.6256, 4.6339 -1.9745 0.6176, 4.6298 -1.945 0.6097, 4.618 -1.9175 0.6022, 4.5993 -1.8939 0.5958, 4.5748 -1.8758 0.5909, 4.5463 -1.8644 0.5878, 4.5157 -1.8677 0.5511, 4.4852 -1.8717 0.5516, 4.4567 -1.8834 0.5532, 4.4322 -1.902 0.5557, 4.4135 -1.9262 0.5589, 4.4017 -1.9545 0.5626, 4.3976 -1.9848 0.5667, 4.4017 -2.0151 0.5707, 4.4135 -2.0433 0.5745, 4.4322 -2.0675 0.5777, 4.4567 -2.0862 0.5801, 4.4852 -2.0978 0.5817, 4.5157 -2.1018 0.5822, 4.5463 -2.0978 0.5817, 4.5748 -2.0862 0.5801, 4.5993 -2.0675 0.5777, 4.618 -2.0433 0.5745, 4.6298 -2.0151 0.5707, 4.6339 -1.9848 0.5667, 4.6298 -1.9545 0.5626, 4.618 -1.9262 0.5589, 4.5993 -1.902 0.5557, 4.5748 -1.8834 0.5532, 4.5463 -1.8717 0.5516, 4.5157 -1.8701 0.5148, 4.4852 -1.8741 0.5148, 4.4567 -1.8859 0.5148, 4.4322 -1.9047 0.5148, 4.4135 -1.9291 0.5148, 4.4017 -1.9576 0.5148, 4.3976 -1.9882 0.5148, 4.4017 -2.0188 0.5148, 4.4135 -2.0472 0.5148, 4.4322 -2.0717 0.5148, 4.4567 -2.0905 0.5148, 4.4852 -2.1023 0.5148, 4.5157 -2.1063 0.5148, 4.5463 -2.1023 0.5148, 4.5748 -2.0905 0.5148, 4.5993 -2.0717 0.5148, 4.618 -2.0472 0.5148, 4.6298 -2.0188 0.5148, 4.6339 -1.9882 0.5148, 4.6298 -1.9576 0.5148, 4.618 -1.9291 0.5148, 4.5993 -1.9047 0.5148, 4.5748 -1.8859 0.5148, 4.5463 -1.8741 0.5148, 4.0119 1.3583 2.3031, 4.0001 1.3583 2.3316, 4.1142 1.3583 2.3622, 3.9961 1.3583 2.3622, 4.0001 1.3583 2.3928, 4.0836 1.3583 2.2481, 4.0551 1.3583 2.2599, 4.0307 1.3583 2.2787, 4.1732 1.3583 2.2599, 4.1447 1.3583 2.2481, 4.1142 1.3583 2.2441, 4.2283 1.3583 2.3316, 4.2165 1.3583 2.3031, 4.1977 1.3583 2.2787, 4.2165 1.3583 2.4213, 4.2283 1.3583 2.3928, 4.2323 1.3583 2.3622, 4.1447 1.3583 2.4763, 4.1732 1.3583 2.4645, 4.1977 1.3583 2.4457, 4.0551 1.3583 2.4645, 4.0836 1.3583 2.4763, 4.1142 1.3583 2.4803, 4.0119 1.3583 2.4213, 4.0307 1.3583 2.4457, 4.0119 -2.0472 0.1969, 4.0001 -2.0188 0.1969, 4.1142 -1.9882 0.1969, 3.9961 -1.9882 0.1969, 4.0001 -1.9576 0.1969, 4.0836 -2.1023 0.1969, 4.0551 -2.0905 0.1969, 4.0307 -2.0717 0.1969, 4.1732 -2.0905 0.1969, 4.1447 -2.1023 0.1969, 4.1142 -2.1063 0.1969, 4.2283 -2.0188 0.1969, 4.2165 -2.0472 0.1969, 4.1977 -2.0717 0.1969, 4.2165 -1.9291 0.1969, 4.2283 -1.9576 0.1969, 4.2323 -1.9882 0.1969, 4.1447 -1.8741 0.1969, 4.1732 -1.8859 0.1969, 4.1977 -1.9047 0.1969, 4.0551 -1.8859 0.1969, 4.0836 -1.8741 0.1969, 4.1142 -1.8701 0.1969, 4.0119 -1.9291 0.1969, 4.0307 -1.9047 0.1969, 3.9961 0.3346 2.3622, 4.0001 0.3346 2.3316, 4.0119 0.3346 2.3031, 4.0307 0.3346 2.2787, 4.0551 0.3346 2.2599, 4.0836 0.3346 2.2481, 4.1142 0.3346 2.2441, 4.1447 0.3346 2.2481, 4.1732 0.3346 2.2599, 4.1977 0.3346 2.2787, 4.2165 0.3346 2.3031, 4.2283 0.3346 2.3316, 4.2323 0.3346 2.3622, 4.2283 0.3346 2.3928, 4.2165 0.3346 2.4213, 4.1977 0.3346 2.4457, 4.1732 0.3346 2.4645, 4.1447 0.3346 2.4763, 4.1142 0.3346 2.4803, 4.0836 0.3346 2.4763, 4.0551 0.3346 2.4645, 4.0307 0.3346 2.4457, 4.0119 0.3346 2.4213, 4.0001 0.3346 2.3928, 4.1142 0.2992 2.2418, 4.0836 0.2986 2.2458, 4.0551 0.2971 2.2575, 4.0307 0.2947 2.2761, 4.0119 0.2915 2.3004, 4.0001 0.2879 2.3286, 3.9961 0.2839 2.3589, 4.0001 0.28 2.3892, 4.0119 0.2763 2.4175, 4.0307 0.2732 2.4417, 4.0551 0.2708 2.4604, 4.0836 0.2692 2.4721, 4.1142 0.2687 2.4761, 4.1447 0.2692 2.4721, 4.1732 0.2708 2.4604, 4.1977 0.2732 2.4417, 4.2165 0.2763 2.4175, 4.2283 0.28 2.3892, 4.2323 0.2839 2.3589, 4.2283 0.2879 2.3286, 4.2165 0.2915 2.3004, 4.1977 0.2947 2.2761, 4.1732 0.2971 2.2575, 4.1447 0.2986 2.2458, 4.1142 0.2642 2.235, 4.0836 0.2632 2.2388, 4.0551 0.2602 2.2502, 4.0307 0.2554 2.2684, 4.0119 0.2492 2.292, 4.0001 0.2419 2.3196, 3.9961 0.2341 2.3491, 4.0001 0.2263 2.3787, 4.0119 0.219 2.4062, 4.0307 0.2127 2.4299, 4.0551 0.2079 2.448, 4.0836 0.2049 2.4594, 4.1142 0.2039 2.4633, 4.1447 0.2049 2.4594, 4.1732 0.2079 2.448, 4.1977 0.2127 2.4299, 4.2165 0.219 2.4062, 4.2283 0.2263 2.3787, 4.2323 0.2341 2.3491, 4.2283 0.2419 2.3196, 4.2165 0.2492 2.292, 4.1977 0.2554 2.2684, 4.1732 0.2602 2.2502, 4.1447 0.2632 2.2388, 4.1142 0.2305 2.2237, 4.0836 0.229 2.2274, 4.0551 0.2245 2.2383, 4.0307 0.2174 2.2557, 4.0119 0.2082 2.2783, 4.0001 0.1974 2.3047, 3.9961 0.1859 2.333, 4.0001 0.1743 2.3613, 4.0119 0.1636 2.3877, 4.0307 0.1543 2.4103, 4.0551 0.1472 2.4277, 4.0836 0.1428 2.4386, 4.1142 0.1413 2.4424, 4.1447 0.1428 2.4386, 4.1732 0.1472 2.4277, 4.1977 0.1543 2.4103, 4.2165 0.1636 2.3877, 4.2283 0.1743 2.3613, 4.2323 0.1859 2.333, 4.2283 0.1974 2.3047, 4.2165 0.2082 2.2783, 4.1977 0.2174 2.2557, 4.1732 0.2245 2.2383, 4.1447 0.229 2.2274, 4.1142 0.1985 2.2081, 4.0836 0.1965 2.2116, 4.0551 0.1907 2.2219, 4.0307 0.1814 2.2382, 4.0119 0.1694 2.2595, 4.0001 0.1553 2.2842, 3.9961 0.1402 2.3108, 4.0001 0.1251 2.3374, 4.0119 0.111 2.3622, 4.0307 0.0989 2.3834, 4.0551 0.0897 2.3998, 4.0836 0.0838 2.41, 4.1142 0.0818 2.4135, 4.1447 0.0838 2.41, 4.1732 0.0897 2.3998, 4.1977 0.0989 2.3834, 4.2165 0.111 2.3622, 4.2283 0.1251 2.3374, 4.2323 0.1402 2.3108, 4.2283 0.1553 2.2842, 4.2165 0.1694 2.2595, 4.1977 0.1814 2.2382, 4.1732 0.1907 2.2219, 4.1447 0.1965 2.2116, 4.1142 0.1688 2.1886, 4.0836 0.1664 2.1918, 4.0551 0.1593 2.2012, 4.0307 0.148 2.2162, 4.0119 0.1333 2.2358, 4.0001 0.1161 2.2585, 3.9961 0.0977 2.2829, 4.0001 0.0793 2.3073, 4.0119 0.0622 2.3301, 4.0307 0.0474 2.3496, 4.0551 0.0362 2.3646, 4.0836 0.0291 2.374, 4.1142 0.0266 2.3773, 4.1447 0.0291 2.374, 4.1732 0.0362 2.3646, 4.1977 0.0474 2.3496, 4.2165 0.0622 2.3301, 4.2283 0.0793 2.3073, 4.2323 0.0977 2.2829, 4.2283 0.1161 2.2585, 4.2165 0.1333 2.2358, 4.1977 0.148 2.2162, 4.1732 0.1593 2.2012, 4.1447 0.1664 2.1918, 4.1142 -1.7603 0.7349, 4.1447 -1.7628 0.7381, 4.1732 -1.7699 0.7475, 4.1977 -1.7812 0.7625, 4.2165 -1.7959 0.7821, 4.2283 -1.813 0.8048, 4.2323 -1.8314 0.8292, 4.2283 -1.8498 0.8536, 4.2165 -1.867 0.8764, 4.1977 -1.8817 0.8959, 4.1732 -1.893 0.9109, 4.1447 -1.9001 0.9203, 4.1142 -1.9025 0.9235, 4.0836 -1.9001 0.9203, 4.0551 -1.893 0.9109, 4.0307 -1.8817 0.8959, 4.0119 -1.867 0.8764, 4.0001 -1.8498 0.8536, 3.9961 -1.8314 0.8292, 4.0001 -1.813 0.8048, 4.0119 -1.7959 0.7821, 4.0307 -1.7812 0.7625, 4.0551 -1.7699 0.7475, 4.0836 -1.7628 0.7381, 4.1142 -1.7879 0.7111, 4.0836 -1.7907 0.714, 4.0551 -1.799 0.7224, 4.0307 -1.8122 0.7358, 4.0119 -1.8293 0.7532, 4.0001 -1.8493 0.7735, 3.9961 -1.8708 0.7953, 4.0001 -1.8922 0.817, 4.0119 -1.9122 0.8373, 4.0307 -1.9294 0.8548, 4.0551 -1.9426 0.8681, 4.0836 -1.9509 0.8765, 4.1142 -1.9537 0.8794, 4.1447 -1.9509 0.8765, 4.1732 -1.9426 0.8681, 4.1977 -1.9294 0.8548, 4.2165 -1.9122 0.8373, 4.2283 -1.8922 0.817, 4.2323 -1.8708 0.7953, 4.2283 -1.8493 0.7735, 4.2165 -1.8293 0.7532, 4.1977 -1.8122 0.7358, 4.1732 -1.799 0.7224, 4.1447 -1.7907 0.714, 4.1142 -1.8121 0.6839, 4.0836 -1.8153 0.6864, 4.0551 -1.8246 0.6936, 4.0307 -1.8394 0.7052, 4.0119 -1.8587 0.7202, 4.0001 -1.8812 0.7376, 3.9961 -1.9053 0.7564, 4.0001 -1.9295 0.7752, 4.0119 -1.952 0.7927, 4.0307 -1.9713 0.8077, 4.0551 -1.9861 0.8192, 4.0836 -1.9954 0.8264, 4.1142 -1.9986 0.8289, 4.1447 -1.9954 0.8264, 4.1732 -1.9861 0.8192, 4.1977 -1.9713 0.8077, 4.2165 -1.952 0.7927, 4.2283 -1.9295 0.7752, 4.2323 -1.9053 0.7564, 4.2283 -1.8812 0.7376, 4.2165 -1.8587 0.7202, 4.1977 -1.8394 0.7052, 4.1732 -1.8246 0.6936, 4.1447 -1.8153 0.6864, 4.1142 -1.8325 0.6538, 4.0836 -1.8359 0.6558, 4.0551 -1.8461 0.6618, 4.0307 -1.8623 0.6712, 4.0119 -1.8835 0.6836, 4.0001 -1.9081 0.6979, 3.9961 -1.9345 0.7133, 4.0001 -1.9609 0.7288, 4.0119 -1.9855 0.7431, 4.0307 -2.0066 0.7555, 4.0551 -2.0228 0.7649, 4.0836 -2.033 0.7709, 4.1142 -2.0364 0.7729, 4.1447 -2.033 0.7709, 4.1732 -2.0228 0.7649, 4.1977 -2.0066 0.7555, 4.2165 -1.9855 0.7431, 4.2283 -1.9609 0.7288, 4.2323 -1.9345 0.7133, 4.2283 -1.9081 0.6979, 4.2165 -1.8835 0.6836, 4.1977 -1.8623 0.6712, 4.1732 -1.8461 0.6618, 4.1447 -1.8359 0.6558, 4.1142 -1.8487 0.6212, 4.0836 -1.8524 0.6228, 4.0551 -1.8633 0.6273, 4.0307 -1.8806 0.6346, 4.0119 -1.9032 0.644, 4.0001 -1.9295 0.655, 3.9961 -1.9577 0.6668, 4.0001 -1.9859 0.6786, 4.0119 -2.0121 0.6896, 4.0307 -2.0347 0.6991, 4.0551 -2.052 0.7063, 4.0836 -2.0629 0.7109, 4.1142 -2.0666 0.7124, 4.1447 -2.0629 0.7109, 4.1732 -2.052 0.7063, 4.1977 -2.0347 0.6991, 4.2165 -2.0121 0.6896, 4.2283 -1.9859 0.6786, 4.2323 -1.9577 0.6668, 4.2283 -1.9295 0.655, 4.2165 -1.9032 0.644, 4.1977 -1.8806 0.6346, 4.1732 -1.8633 0.6273, 4.1447 -1.8524 0.6228, 4.1142 -1.8605 0.5868, 4.0836 -1.8644 0.5878, 4.0551 -1.8758 0.5909, 4.0307 -1.8939 0.5958, 4.0119 -1.9175 0.6022, 4.0001 -1.945 0.6097, 3.9961 -1.9745 0.6176, 4.0001 -2.004 0.6256, 4.0119 -2.0315 0.6331, 4.0307 -2.0551 0.6395, 4.0551 -2.0733 0.6444, 4.0836 -2.0846 0.6474, 4.1142 -2.0885 0.6485, 4.1447 -2.0846 0.6474, 4.1732 -2.0733 0.6444, 4.1977 -2.0551 0.6395, 4.2165 -2.0315 0.6331, 4.2283 -2.004 0.6256, 4.2323 -1.9745 0.6176, 4.2283 -1.945 0.6097, 4.2165 -1.9175 0.6022, 4.1977 -1.8939 0.5958, 4.1732 -1.8758 0.5909, 4.1447 -1.8644 0.5878, 4.1142 -1.8677 0.5511, 4.0836 -1.8717 0.5516, 4.0551 -1.8834 0.5532, 4.0307 -1.902 0.5557, 4.0119 -1.9262 0.5589, 4.0001 -1.9545 0.5626, 3.9961 -1.9848 0.5667, 4.0001 -2.0151 0.5707, 4.0119 -2.0433 0.5745, 4.0307 -2.0675 0.5777, 4.0551 -2.0862 0.5801, 4.0836 -2.0978 0.5817, 4.1142 -2.1018 0.5822, 4.1447 -2.0978 0.5817, 4.1732 -2.0862 0.5801, 4.1977 -2.0675 0.5777, 4.2165 -2.0433 0.5745, 4.2283 -2.0151 0.5707, 4.2323 -1.9848 0.5667, 4.2283 -1.9545 0.5626, 4.2165 -1.9262 0.5589, 4.1977 -1.902 0.5557, 4.1732 -1.8834 0.5532, 4.1447 -1.8717 0.5516, 4.1142 -1.8701 0.5148, 4.0836 -1.8741 0.5148, 4.0551 -1.8859 0.5148, 4.0307 -1.9047 0.5148, 4.0119 -1.9291 0.5148, 4.0001 -1.9576 0.5148, 3.9961 -1.9882 0.5148, 4.0001 -2.0188 0.5148, 4.0119 -2.0472 0.5148, 4.0307 -2.0717 0.5148, 4.0551 -2.0905 0.5148, 4.0836 -2.1023 0.5148, 4.1142 -2.1063 0.5148, 4.1447 -2.1023 0.5148, 4.1732 -2.0905 0.5148, 4.1977 -2.0717 0.5148, 4.2165 -2.0472 0.5148, 4.2283 -2.0188 0.5148, 4.2323 -1.9882 0.5148, 4.2283 -1.9576 0.5148, 4.2165 -1.9291 0.5148, 4.1977 -1.9047 0.5148, 4.1732 -1.8859 0.5148, 4.1447 -1.8741 0.5148, 3.6103 1.3583 2.3031, 3.5985 1.3583 2.3316, 3.7126 1.3583 2.3622, 3.5945 1.3583 2.3622, 3.5985 1.3583 2.3928, 3.682 1.3583 2.2481, 3.6535 1.3583 2.2599, 3.6291 1.3583 2.2787, 3.7717 1.3583 2.2599, 3.7432 1.3583 2.2481, 3.7126 1.3583 2.2441, 3.8267 1.3583 2.3316, 3.8149 1.3583 2.3031, 3.7961 1.3583 2.2787, 3.8149 1.3583 2.4213, 3.8267 1.3583 2.3928, 3.8307 1.3583 2.3622, 3.7432 1.3583 2.4763, 3.7717 1.3583 2.4645, 3.7961 1.3583 2.4457, 3.6535 1.3583 2.4645, 3.682 1.3583 2.4763, 3.7126 1.3583 2.4803, 3.6103 1.3583 2.4213, 3.6291 1.3583 2.4457, 3.6103 -2.0472 0.1969, 3.5985 -2.0188 0.1969, 3.7126 -1.9882 0.1969, 3.5945 -1.9882 0.1969, 3.5985 -1.9576 0.1969, 3.682 -2.1023 0.1969, 3.6535 -2.0905 0.1969, 3.6291 -2.0717 0.1969, 3.7717 -2.0905 0.1969, 3.7432 -2.1023 0.1969, 3.7126 -2.1063 0.1969, 3.8267 -2.0188 0.1969, 3.8149 -2.0472 0.1969, 3.7961 -2.0717 0.1969, 3.8149 -1.9291 0.1969, 3.8267 -1.9576 0.1969, 3.8307 -1.9882 0.1969, 3.7432 -1.8741 0.1969, 3.7717 -1.8859 0.1969, 3.7961 -1.9047 0.1969, 3.6535 -1.8859 0.1969, 3.682 -1.8741 0.1969, 3.7126 -1.8701 0.1969, 3.6103 -1.9291 0.1969, 3.6291 -1.9047 0.1969, 3.5945 0.3346 2.3622, 3.5985 0.3346 2.3316, 3.6103 0.3346 2.3031, 3.6291 0.3346 2.2787, 3.6535 0.3346 2.2599, 3.682 0.3346 2.2481, 3.7126 0.3346 2.2441, 3.7432 0.3346 2.2481, 3.7717 0.3346 2.2599, 3.7961 0.3346 2.2787, 3.8149 0.3346 2.3031, 3.8267 0.3346 2.3316, 3.8307 0.3346 2.3622, 3.8267 0.3346 2.3928, 3.8149 0.3346 2.4213, 3.7961 0.3346 2.4457, 3.7717 0.3346 2.4645, 3.7432 0.3346 2.4763, 3.7126 0.3346 2.4803, 3.682 0.3346 2.4763, 3.6535 0.3346 2.4645, 3.6291 0.3346 2.4457, 3.6103 0.3346 2.4213, 3.5985 0.3346 2.3928, 3.7126 0.2992 2.2418, 3.682 0.2986 2.2458, 3.6535 0.2971 2.2575, 3.6291 0.2947 2.2761, 3.6103 0.2915 2.3004, 3.5985 0.2879 2.3286, 3.5945 0.2839 2.3589, 3.5985 0.28 2.3892, 3.6103 0.2763 2.4175, 3.6291 0.2732 2.4417, 3.6535 0.2708 2.4604, 3.682 0.2692 2.4721, 3.7126 0.2687 2.4761, 3.7432 0.2692 2.4721, 3.7717 0.2708 2.4604, 3.7961 0.2732 2.4417, 3.8149 0.2763 2.4175, 3.8267 0.28 2.3892, 3.8307 0.2839 2.3589, 3.8267 0.2879 2.3286, 3.8149 0.2915 2.3004, 3.7961 0.2947 2.2761, 3.7717 0.2971 2.2575, 3.7432 0.2986 2.2458, 3.7126 0.2642 2.235, 3.682 0.2632 2.2388, 3.6535 0.2602 2.2502, 3.6291 0.2554 2.2684, 3.6103 0.2492 2.292, 3.5985 0.2419 2.3196, 3.5945 0.2341 2.3491, 3.5985 0.2263 2.3787, 3.6103 0.219 2.4062, 3.6291 0.2127 2.4299, 3.6535 0.2079 2.448, 3.682 0.2049 2.4594, 3.7126 0.2039 2.4633, 3.7432 0.2049 2.4594, 3.7717 0.2079 2.448, 3.7961 0.2127 2.4299, 3.8149 0.219 2.4062, 3.8267 0.2263 2.3787, 3.8307 0.2341 2.3491, 3.8267 0.2419 2.3196, 3.8149 0.2492 2.292, 3.7961 0.2554 2.2684, 3.7717 0.2602 2.2502, 3.7432 0.2632 2.2388, 3.7126 0.2305 2.2237, 3.682 0.229 2.2274, 3.6535 0.2245 2.2383, 3.6291 0.2174 2.2557, 3.6103 0.2082 2.2783, 3.5985 0.1974 2.3047, 3.5945 0.1859 2.333, 3.5985 0.1743 2.3613, 3.6103 0.1636 2.3877, 3.6291 0.1543 2.4103, 3.6535 0.1472 2.4277, 3.682 0.1428 2.4386, 3.7126 0.1413 2.4424, 3.7432 0.1428 2.4386, 3.7717 0.1472 2.4277, 3.7961 0.1543 2.4103, 3.8149 0.1636 2.3877, 3.8267 0.1743 2.3613, 3.8307 0.1859 2.333, 3.8267 0.1974 2.3047, 3.8149 0.2082 2.2783, 3.7961 0.2174 2.2557, 3.7717 0.2245 2.2383, 3.7432 0.229 2.2274, 3.7126 0.1985 2.2081, 3.682 0.1965 2.2116, 3.6535 0.1907 2.2219, 3.6291 0.1814 2.2382, 3.6103 0.1694 2.2595, 3.5985 0.1553 2.2842, 3.5945 0.1402 2.3108, 3.5985 0.1251 2.3374, 3.6103 0.111 2.3622, 3.6291 0.0989 2.3834, 3.6535 0.0897 2.3998, 3.682 0.0838 2.41, 3.7126 0.0818 2.4135, 3.7432 0.0838 2.41, 3.7717 0.0897 2.3998, 3.7961 0.0989 2.3834, 3.8149 0.111 2.3622, 3.8267 0.1251 2.3374, 3.8307 0.1402 2.3108, 3.8267 0.1553 2.2842, 3.8149 0.1694 2.2595, 3.7961 0.1814 2.2382, 3.7717 0.1907 2.2219, 3.7432 0.1965 2.2116, 3.7126 0.1688 2.1886, 3.682 0.1664 2.1918, 3.6535 0.1593 2.2012, 3.6291 0.148 2.2162, 3.6103 0.1333 2.2358, 3.5985 0.1161 2.2585, 3.5945 0.0977 2.2829, 3.5985 0.0793 2.3073, 3.6103 0.0622 2.3301, 3.6291 0.0474 2.3496, 3.6535 0.0362 2.3646, 3.682 0.0291 2.374, 3.7126 0.0266 2.3773, 3.7432 0.0291 2.374, 3.7717 0.0362 2.3646, 3.7961 0.0474 2.3496, 3.8149 0.0622 2.3301, 3.8267 0.0793 2.3073, 3.8307 0.0977 2.2829, 3.8267 0.1161 2.2585, 3.8149 0.1333 2.2358, 3.7961 0.148 2.2162, 3.7717 0.1593 2.2012, 3.7432 0.1664 2.1918, 3.7126 -1.7603 0.7349, 3.7432 -1.7628 0.7381, 3.7717 -1.7699 0.7475, 3.7961 -1.7812 0.7625, 3.8149 -1.7959 0.7821, 3.8267 -1.813 0.8048, 3.8307 -1.8314 0.8292, 3.8267 -1.8498 0.8536, 3.8149 -1.867 0.8764, 3.7961 -1.8817 0.8959, 3.7717 -1.893 0.9109, 3.7432 -1.9001 0.9203, 3.7126 -1.9025 0.9235, 3.682 -1.9001 0.9203, 3.6535 -1.893 0.9109, 3.6291 -1.8817 0.8959, 3.6103 -1.867 0.8764, 3.5985 -1.8498 0.8536, 3.5945 -1.8314 0.8292, 3.5985 -1.813 0.8048, 3.6103 -1.7959 0.7821, 3.6291 -1.7812 0.7625, 3.6535 -1.7699 0.7475, 3.682 -1.7628 0.7381, 3.7126 -1.7879 0.7111, 3.682 -1.7907 0.714, 3.6535 -1.799 0.7224, 3.6291 -1.8122 0.7358, 3.6103 -1.8293 0.7532, 3.5985 -1.8493 0.7735, 3.5945 -1.8708 0.7953, 3.5985 -1.8922 0.817, 3.6103 -1.9122 0.8373, 3.6291 -1.9294 0.8548, 3.6535 -1.9426 0.8681, 3.682 -1.9509 0.8765, 3.7126 -1.9537 0.8794, 3.7432 -1.9509 0.8765, 3.7717 -1.9426 0.8681, 3.7961 -1.9294 0.8548, 3.8149 -1.9122 0.8373, 3.8267 -1.8922 0.817, 3.8307 -1.8708 0.7953, 3.8267 -1.8493 0.7735, 3.8149 -1.8293 0.7532, 3.7961 -1.8122 0.7358, 3.7717 -1.799 0.7224, 3.7432 -1.7907 0.714, 3.7126 -1.8121 0.6839, 3.682 -1.8153 0.6864, 3.6535 -1.8246 0.6936, 3.6291 -1.8394 0.7052, 3.6103 -1.8587 0.7202, 3.5985 -1.8812 0.7376, 3.5945 -1.9053 0.7564, 3.5985 -1.9295 0.7752, 3.6103 -1.952 0.7927, 3.6291 -1.9713 0.8077, 3.6535 -1.9861 0.8192, 3.682 -1.9954 0.8264, 3.7126 -1.9986 0.8289, 3.7432 -1.9954 0.8264, 3.7717 -1.9861 0.8192, 3.7961 -1.9713 0.8077, 3.8149 -1.952 0.7927, 3.8267 -1.9295 0.7752, 3.8307 -1.9053 0.7564, 3.8267 -1.8812 0.7376, 3.8149 -1.8587 0.7202, 3.7961 -1.8394 0.7052, 3.7717 -1.8246 0.6936, 3.7432 -1.8153 0.6864, 3.7126 -1.8325 0.6538, 3.682 -1.8359 0.6558, 3.6535 -1.8461 0.6618, 3.6291 -1.8623 0.6712, 3.6103 -1.8835 0.6836, 3.5985 -1.9081 0.6979, 3.5945 -1.9345 0.7133, 3.5985 -1.9609 0.7288, 3.6103 -1.9855 0.7431, 3.6291 -2.0066 0.7555, 3.6535 -2.0228 0.7649, 3.682 -2.033 0.7709, 3.7126 -2.0364 0.7729, 3.7432 -2.033 0.7709, 3.7717 -2.0228 0.7649, 3.7961 -2.0066 0.7555, 3.8149 -1.9855 0.7431, 3.8267 -1.9609 0.7288, 3.8307 -1.9345 0.7133, 3.8267 -1.9081 0.6979, 3.8149 -1.8835 0.6836, 3.7961 -1.8623 0.6712, 3.7717 -1.8461 0.6618, 3.7432 -1.8359 0.6558, 3.7126 -1.8487 0.6212, 3.682 -1.8524 0.6228, 3.6535 -1.8633 0.6273, 3.6291 -1.8806 0.6346, 3.6103 -1.9032 0.644, 3.5985 -1.9295 0.655, 3.5945 -1.9577 0.6668, 3.5985 -1.9859 0.6786, 3.6103 -2.0121 0.6896, 3.6291 -2.0347 0.6991, 3.6535 -2.052 0.7063, 3.682 -2.0629 0.7109, 3.7126 -2.0666 0.7124, 3.7432 -2.0629 0.7109, 3.7717 -2.052 0.7063, 3.7961 -2.0347 0.6991, 3.8149 -2.0121 0.6896, 3.8267 -1.9859 0.6786, 3.8307 -1.9577 0.6668, 3.8267 -1.9295 0.655, 3.8149 -1.9032 0.644, 3.7961 -1.8806 0.6346, 3.7717 -1.8633 0.6273, 3.7432 -1.8524 0.6228, 3.7126 -1.8605 0.5868, 3.682 -1.8644 0.5878, 3.6535 -1.8758 0.5909, 3.6291 -1.8939 0.5958, 3.6103 -1.9175 0.6022, 3.5985 -1.945 0.6097, 3.5945 -1.9745 0.6176, 3.5985 -2.004 0.6256, 3.6103 -2.0315 0.6331, 3.6291 -2.0551 0.6395, 3.6535 -2.0733 0.6444, 3.682 -2.0846 0.6474, 3.7126 -2.0885 0.6485, 3.7432 -2.0846 0.6474, 3.7717 -2.0733 0.6444, 3.7961 -2.0551 0.6395, 3.8149 -2.0315 0.6331, 3.8267 -2.004 0.6256, 3.8307 -1.9745 0.6176, 3.8267 -1.945 0.6097, 3.8149 -1.9175 0.6022, 3.7961 -1.8939 0.5958, 3.7717 -1.8758 0.5909, 3.7432 -1.8644 0.5878, 3.7126 -1.8677 0.5511, 3.682 -1.8717 0.5516, 3.6535 -1.8834 0.5532, 3.6291 -1.902 0.5557, 3.6103 -1.9262 0.5589, 3.5985 -1.9545 0.5626, 3.5945 -1.9848 0.5667, 3.5985 -2.0151 0.5707, 3.6103 -2.0433 0.5745, 3.6291 -2.0675 0.5777, 3.6535 -2.0862 0.5801, 3.682 -2.0978 0.5817, 3.7126 -2.1018 0.5822, 3.7432 -2.0978 0.5817, 3.7717 -2.0862 0.5801, 3.7961 -2.0675 0.5777, 3.8149 -2.0433 0.5745, 3.8267 -2.0151 0.5707, 3.8307 -1.9848 0.5667, 3.8267 -1.9545 0.5626, 3.8149 -1.9262 0.5589, 3.7961 -1.902 0.5557, 3.7717 -1.8834 0.5532, 3.7432 -1.8717 0.5516, 3.7126 -1.8701 0.5148, 3.682 -1.8741 0.5148, 3.6535 -1.8859 0.5148, 3.6291 -1.9047 0.5148, 3.6103 -1.9291 0.5148, 3.5985 -1.9576 0.5148, 3.5945 -1.9882 0.5148, 3.5985 -2.0188 0.5148, 3.6103 -2.0472 0.5148, 3.6291 -2.0717 0.5148, 3.6535 -2.0905 0.5148, 3.682 -2.1023 0.5148, 3.7126 -2.1063 0.5148, 3.7432 -2.1023 0.5148, 3.7717 -2.0905 0.5148, 3.7961 -2.0717 0.5148, 3.8149 -2.0472 0.5148, 3.8267 -2.0188 0.5148, 3.8307 -1.9882 0.5148, 3.8267 -1.9576 0.5148, 3.8149 -1.9291 0.5148, 3.7961 -1.9047 0.5148, 3.7717 -1.8859 0.5148, 3.7432 -1.8741 0.5148, 3.2087 1.3583 2.3031, 3.1969 1.3583 2.3316, 3.311 1.3583 2.3622, 3.1929 1.3583 2.3622, 3.1969 1.3583 2.3928, 3.2805 1.3583 2.2481, 3.252 1.3583 2.2599, 3.2275 1.3583 2.2787, 3.3701 1.3583 2.2599, 3.3416 1.3583 2.2481, 3.311 1.3583 2.2441, 3.4251 1.3583 2.3316, 3.4133 1.3583 2.3031, 3.3945 1.3583 2.2787, 3.4133 1.3583 2.4213, 3.4251 1.3583 2.3928, 3.4291 1.3583 2.3622, 3.3416 1.3583 2.4763, 3.3701 1.3583 2.4645, 3.3945 1.3583 2.4457, 3.252 1.3583 2.4645, 3.2805 1.3583 2.4763, 3.311 1.3583 2.4803, 3.2087 1.3583 2.4213, 3.2275 1.3583 2.4457, 3.2087 -2.0472 0.1969, 3.1969 -2.0188 0.1969, 3.311 -1.9882 0.1969, 3.1929 -1.9882 0.1969, 3.1969 -1.9576 0.1969, 3.2805 -2.1023 0.1969, 3.252 -2.0905 0.1969, 3.2275 -2.0717 0.1969, 3.3701 -2.0905 0.1969, 3.3416 -2.1023 0.1969, 3.311 -2.1063 0.1969, 3.4251 -2.0188 0.1969, 3.4133 -2.0472 0.1969, 3.3945 -2.0717 0.1969, 3.4133 -1.9291 0.1969, 3.4251 -1.9576 0.1969, 3.4291 -1.9882 0.1969, 3.3416 -1.8741 0.1969, 3.3701 -1.8859 0.1969, 3.3945 -1.9047 0.1969, 3.252 -1.8859 0.1969, 3.2805 -1.8741 0.1969, 3.311 -1.8701 0.1969, 3.2087 -1.9291 0.1969, 3.2275 -1.9047 0.1969, 3.1929 0.3346 2.3622, 3.1969 0.3346 2.3316, 3.2087 0.3346 2.3031, 3.2275 0.3346 2.2787, 3.252 0.3346 2.2599, 3.2805 0.3346 2.2481, 3.311 0.3346 2.2441, 3.3416 0.3346 2.2481, 3.3701 0.3346 2.2599, 3.3945 0.3346 2.2787, 3.4133 0.3346 2.3031, 3.4251 0.3346 2.3316, 3.4291 0.3346 2.3622, 3.4251 0.3346 2.3928, 3.4133 0.3346 2.4213, 3.3945 0.3346 2.4457, 3.3701 0.3346 2.4645, 3.3416 0.3346 2.4763, 3.311 0.3346 2.4803, 3.2805 0.3346 2.4763, 3.252 0.3346 2.4645, 3.2275 0.3346 2.4457, 3.2087 0.3346 2.4213, 3.1969 0.3346 2.3928, 3.311 0.2992 2.2418, 3.2805 0.2986 2.2458, 3.252 0.2971 2.2575, 3.2275 0.2947 2.2761, 3.2087 0.2915 2.3004, 3.1969 0.2879 2.3286, 3.1929 0.2839 2.3589, 3.1969 0.28 2.3892, 3.2087 0.2763 2.4175, 3.2275 0.2732 2.4417, 3.252 0.2708 2.4604, 3.2805 0.2692 2.4721, 3.311 0.2687 2.4761, 3.3416 0.2692 2.4721, 3.3701 0.2708 2.4604, 3.3945 0.2732 2.4417, 3.4133 0.2763 2.4175, 3.4251 0.28 2.3892, 3.4291 0.2839 2.3589, 3.4251 0.2879 2.3286, 3.4133 0.2915 2.3004, 3.3945 0.2947 2.2761, 3.3701 0.2971 2.2575, 3.3416 0.2986 2.2458, 3.311 0.2642 2.235, 3.2805 0.2632 2.2388, 3.252 0.2602 2.2502, 3.2275 0.2554 2.2684, 3.2087 0.2492 2.292, 3.1969 0.2419 2.3196, 3.1929 0.2341 2.3491, 3.1969 0.2263 2.3787, 3.2087 0.219 2.4062, 3.2275 0.2127 2.4299, 3.252 0.2079 2.448, 3.2805 0.2049 2.4594, 3.311 0.2039 2.4633, 3.3416 0.2049 2.4594, 3.3701 0.2079 2.448, 3.3945 0.2127 2.4299, 3.4133 0.219 2.4062, 3.4251 0.2263 2.3787, 3.4291 0.2341 2.3491, 3.4251 0.2419 2.3196, 3.4133 0.2492 2.292, 3.3945 0.2554 2.2684, 3.3701 0.2602 2.2502, 3.3416 0.2632 2.2388, 3.311 0.2305 2.2237, 3.2805 0.229 2.2274, 3.252 0.2245 2.2383, 3.2275 0.2174 2.2557, 3.2087 0.2082 2.2783, 3.1969 0.1974 2.3047, 3.1929 0.1859 2.333, 3.1969 0.1743 2.3613, 3.2087 0.1636 2.3877, 3.2275 0.1543 2.4103, 3.252 0.1472 2.4277, 3.2805 0.1428 2.4386, 3.311 0.1413 2.4424, 3.3416 0.1428 2.4386, 3.3701 0.1472 2.4277, 3.3945 0.1543 2.4103, 3.4133 0.1636 2.3877, 3.4251 0.1743 2.3613, 3.4291 0.1859 2.333, 3.4251 0.1974 2.3047, 3.4133 0.2082 2.2783, 3.3945 0.2174 2.2557, 3.3701 0.2245 2.2383, 3.3416 0.229 2.2274, 3.311 0.1985 2.2081, 3.2805 0.1965 2.2116, 3.252 0.1907 2.2219, 3.2275 0.1814 2.2382, 3.2087 0.1694 2.2595, 3.1969 0.1553 2.2842, 3.1929 0.1402 2.3108, 3.1969 0.1251 2.3374, 3.2087 0.111 2.3622, 3.2275 0.0989 2.3834, 3.252 0.0897 2.3998, 3.2805 0.0838 2.41, 3.311 0.0818 2.4135, 3.3416 0.0838 2.41, 3.3701 0.0897 2.3998, 3.3945 0.0989 2.3834, 3.4133 0.111 2.3622, 3.4251 0.1251 2.3374, 3.4291 0.1402 2.3108, 3.4251 0.1553 2.2842, 3.4133 0.1694 2.2595, 3.3945 0.1814 2.2382, 3.3701 0.1907 2.2219, 3.3416 0.1965 2.2116, 3.311 0.1688 2.1886, 3.2805 0.1664 2.1918, 3.252 0.1593 2.2012, 3.2275 0.148 2.2162, 3.2087 0.1333 2.2358, 3.1969 0.1161 2.2585, 3.1929 0.0977 2.2829, 3.1969 0.0793 2.3073, 3.2087 0.0622 2.3301, 3.2275 0.0474 2.3496, 3.252 0.0362 2.3646, 3.2805 0.0291 2.374, 3.311 0.0266 2.3773, 3.3416 0.0291 2.374, 3.3701 0.0362 2.3646, 3.3945 0.0474 2.3496, 3.4133 0.0622 2.3301, 3.4251 0.0793 2.3073, 3.4291 0.0977 2.2829, 3.4251 0.1161 2.2585, 3.4133 0.1333 2.2358, 3.3945 0.148 2.2162, 3.3701 0.1593 2.2012, 3.3416 0.1664 2.1918, 3.311 -1.7603 0.7349, 3.3416 -1.7628 0.7381, 3.3701 -1.7699 0.7475, 3.3945 -1.7812 0.7625, 3.4133 -1.7959 0.7821, 3.4251 -1.813 0.8048, 3.4291 -1.8314 0.8292, 3.4251 -1.8498 0.8536, 3.4133 -1.867 0.8764, 3.3945 -1.8817 0.8959, 3.3701 -1.893 0.9109, 3.3416 -1.9001 0.9203, 3.311 -1.9025 0.9235, 3.2805 -1.9001 0.9203, 3.252 -1.893 0.9109, 3.2275 -1.8817 0.8959, 3.2087 -1.867 0.8764, 3.1969 -1.8498 0.8536, 3.1929 -1.8314 0.8292, 3.1969 -1.813 0.8048, 3.2087 -1.7959 0.7821, 3.2275 -1.7812 0.7625, 3.252 -1.7699 0.7475, 3.2805 -1.7628 0.7381, 3.311 -1.7879 0.7111, 3.2805 -1.7907 0.714, 3.252 -1.799 0.7224, 3.2275 -1.8122 0.7358, 3.2087 -1.8293 0.7532, 3.1969 -1.8493 0.7735, 3.1929 -1.8708 0.7953, 3.1969 -1.8922 0.817, 3.2087 -1.9122 0.8373, 3.2275 -1.9294 0.8548, 3.252 -1.9426 0.8681, 3.2805 -1.9509 0.8765, 3.311 -1.9537 0.8794, 3.3416 -1.9509 0.8765, 3.3701 -1.9426 0.8681, 3.3945 -1.9294 0.8548, 3.4133 -1.9122 0.8373, 3.4251 -1.8922 0.817, 3.4291 -1.8708 0.7953, 3.4251 -1.8493 0.7735, 3.4133 -1.8293 0.7532, 3.3945 -1.8122 0.7358, 3.3701 -1.799 0.7224, 3.3416 -1.7907 0.714, 3.311 -1.8121 0.6839, 3.2805 -1.8153 0.6864, 3.252 -1.8246 0.6936, 3.2275 -1.8394 0.7052, 3.2087 -1.8587 0.7202, 3.1969 -1.8812 0.7376, 3.1929 -1.9053 0.7564, 3.1969 -1.9295 0.7752, 3.2087 -1.952 0.7927, 3.2275 -1.9713 0.8077, 3.252 -1.9861 0.8192, 3.2805 -1.9954 0.8264, 3.311 -1.9986 0.8289, 3.3416 -1.9954 0.8264, 3.3701 -1.9861 0.8192, 3.3945 -1.9713 0.8077, 3.4133 -1.952 0.7927, 3.4251 -1.9295 0.7752, 3.4291 -1.9053 0.7564, 3.4251 -1.8812 0.7376, 3.4133 -1.8587 0.7202, 3.3945 -1.8394 0.7052, 3.3701 -1.8246 0.6936, 3.3416 -1.8153 0.6864, 3.311 -1.8325 0.6538, 3.2805 -1.8359 0.6558, 3.252 -1.8461 0.6618, 3.2275 -1.8623 0.6712, 3.2087 -1.8835 0.6836, 3.1969 -1.9081 0.6979, 3.1929 -1.9345 0.7133, 3.1969 -1.9609 0.7288, 3.2087 -1.9855 0.7431, 3.2275 -2.0066 0.7555, 3.252 -2.0228 0.7649, 3.2805 -2.033 0.7709, 3.311 -2.0364 0.7729, 3.3416 -2.033 0.7709, 3.3701 -2.0228 0.7649, 3.3945 -2.0066 0.7555, 3.4133 -1.9855 0.7431, 3.4251 -1.9609 0.7288, 3.4291 -1.9345 0.7133, 3.4251 -1.9081 0.6979, 3.4133 -1.8835 0.6836, 3.3945 -1.8623 0.6712, 3.3701 -1.8461 0.6618, 3.3416 -1.8359 0.6558, 3.311 -1.8487 0.6212, 3.2805 -1.8524 0.6228, 3.252 -1.8633 0.6273, 3.2275 -1.8806 0.6346, 3.2087 -1.9032 0.644, 3.1969 -1.9295 0.655, 3.1929 -1.9577 0.6668, 3.1969 -1.9859 0.6786, 3.2087 -2.0121 0.6896, 3.2275 -2.0347 0.6991, 3.252 -2.052 0.7063, 3.2805 -2.0629 0.7109, 3.311 -2.0666 0.7124, 3.3416 -2.0629 0.7109, 3.3701 -2.052 0.7063, 3.3945 -2.0347 0.6991, 3.4133 -2.0121 0.6896, 3.4251 -1.9859 0.6786, 3.4291 -1.9577 0.6668, 3.4251 -1.9295 0.655, 3.4133 -1.9032 0.644, 3.3945 -1.8806 0.6346, 3.3701 -1.8633 0.6273, 3.3416 -1.8524 0.6228, 3.311 -1.8605 0.5868, 3.2805 -1.8644 0.5878, 3.252 -1.8758 0.5909, 3.2275 -1.8939 0.5958, 3.2087 -1.9175 0.6022, 3.1969 -1.945 0.6097, 3.1929 -1.9745 0.6176, 3.1969 -2.004 0.6256, 3.2087 -2.0315 0.6331, 3.2275 -2.0551 0.6395, 3.252 -2.0733 0.6444, 3.2805 -2.0846 0.6474, 3.311 -2.0885 0.6485, 3.3416 -2.0846 0.6474, 3.3701 -2.0733 0.6444, 3.3945 -2.0551 0.6395, 3.4133 -2.0315 0.6331, 3.4251 -2.004 0.6256, 3.4291 -1.9745 0.6176, 3.4251 -1.945 0.6097, 3.4133 -1.9175 0.6022, 3.3945 -1.8939 0.5958, 3.3701 -1.8758 0.5909, 3.3416 -1.8644 0.5878, 3.311 -1.8677 0.5511, 3.2805 -1.8717 0.5516, 3.252 -1.8834 0.5532, 3.2275 -1.902 0.5557, 3.2087 -1.9262 0.5589, 3.1969 -1.9545 0.5626, 3.1929 -1.9848 0.5667, 3.1969 -2.0151 0.5707, 3.2087 -2.0433 0.5745, 3.2275 -2.0675 0.5777, 3.252 -2.0862 0.5801, 3.2805 -2.0978 0.5817, 3.311 -2.1018 0.5822, 3.3416 -2.0978 0.5817, 3.3701 -2.0862 0.5801, 3.3945 -2.0675 0.5777, 3.4133 -2.0433 0.5745, 3.4251 -2.0151 0.5707, 3.4291 -1.9848 0.5667, 3.4251 -1.9545 0.5626, 3.4133 -1.9262 0.5589, 3.3945 -1.902 0.5557, 3.3701 -1.8834 0.5532, 3.3416 -1.8717 0.5516, 3.311 -1.8701 0.5148, 3.2805 -1.8741 0.5148, 3.252 -1.8859 0.5148, 3.2275 -1.9047 0.5148, 3.2087 -1.9291 0.5148, 3.1969 -1.9576 0.5148, 3.1929 -1.9882 0.5148, 3.1969 -2.0188 0.5148, 3.2087 -2.0472 0.5148, 3.2275 -2.0717 0.5148, 3.252 -2.0905 0.5148, 3.2805 -2.1023 0.5148, 3.311 -2.1063 0.5148, 3.3416 -2.1023 0.5148, 3.3701 -2.0905 0.5148, 3.3945 -2.0717 0.5148, 3.4133 -2.0472 0.5148, 3.4251 -2.0188 0.5148, 3.4291 -1.9882 0.5148, 3.4251 -1.9576 0.5148, 3.4133 -1.9291 0.5148, 3.3945 -1.9047 0.5148, 3.3701 -1.8859 0.5148, 3.3416 -1.8741 0.5148, 2.8072 1.3583 2.3031, 2.7954 1.3583 2.3316, 2.9094 1.3583 2.3622, 2.7913 1.3583 2.3622, 2.7954 1.3583 2.3928, 2.8789 1.3583 2.2481, 2.8504 1.3583 2.2599, 2.8259 1.3583 2.2787, 2.9685 1.3583 2.2599, 2.94 1.3583 2.2481, 2.9094 1.3583 2.2441, 3.0235 1.3583 2.3316, 3.0117 1.3583 2.3031, 2.993 1.3583 2.2787, 3.0117 1.3583 2.4213, 3.0235 1.3583 2.3928, 3.0276 1.3583 2.3622, 2.94 1.3583 2.4763, 2.9685 1.3583 2.4645, 2.993 1.3583 2.4457, 2.8504 1.3583 2.4645, 2.8789 1.3583 2.4763, 2.9094 1.3583 2.4803, 2.8072 1.3583 2.4213, 2.8259 1.3583 2.4457, 2.8072 -2.0472 0.1969, 2.7954 -2.0188 0.1969, 2.9094 -1.9882 0.1969, 2.7913 -1.9882 0.1969, 2.7954 -1.9576 0.1969, 2.8789 -2.1023 0.1969, 2.8504 -2.0905 0.1969, 2.8259 -2.0717 0.1969, 2.9685 -2.0905 0.1969, 2.94 -2.1023 0.1969, 2.9094 -2.1063 0.1969, 3.0235 -2.0188 0.1969, 3.0117 -2.0472 0.1969, 2.993 -2.0717 0.1969, 3.0117 -1.9291 0.1969, 3.0235 -1.9576 0.1969, 3.0276 -1.9882 0.1969, 2.94 -1.8741 0.1969, 2.9685 -1.8859 0.1969, 2.993 -1.9047 0.1969, 2.8504 -1.8859 0.1969, 2.8789 -1.8741 0.1969, 2.9094 -1.8701 0.1969, 2.8072 -1.9291 0.1969, 2.8259 -1.9047 0.1969, 2.7913 0.3346 2.3622, 2.7954 0.3346 2.3316, 2.8072 0.3346 2.3031, 2.8259 0.3346 2.2787, 2.8504 0.3346 2.2599, 2.8789 0.3346 2.2481, 2.9094 0.3346 2.2441, 2.94 0.3346 2.2481, 2.9685 0.3346 2.2599, 2.993 0.3346 2.2787, 3.0117 0.3346 2.3031, 3.0235 0.3346 2.3316, 3.0276 0.3346 2.3622, 3.0235 0.3346 2.3928, 3.0117 0.3346 2.4213, 2.993 0.3346 2.4457, 2.9685 0.3346 2.4645, 2.94 0.3346 2.4763, 2.9094 0.3346 2.4803, 2.8789 0.3346 2.4763, 2.8504 0.3346 2.4645, 2.8259 0.3346 2.4457, 2.8072 0.3346 2.4213, 2.7954 0.3346 2.3928, 2.9094 0.2992 2.2418, 2.8789 0.2986 2.2458, 2.8504 0.2971 2.2575, 2.8259 0.2947 2.2761, 2.8072 0.2915 2.3004, 2.7954 0.2879 2.3286, 2.7913 0.2839 2.3589, 2.7954 0.28 2.3892, 2.8072 0.2763 2.4175, 2.8259 0.2732 2.4417, 2.8504 0.2708 2.4604, 2.8789 0.2692 2.4721, 2.9094 0.2687 2.4761, 2.94 0.2692 2.4721, 2.9685 0.2708 2.4604, 2.993 0.2732 2.4417, 3.0117 0.2763 2.4175, 3.0235 0.28 2.3892, 3.0276 0.2839 2.3589, 3.0235 0.2879 2.3286, 3.0117 0.2915 2.3004, 2.993 0.2947 2.2761, 2.9685 0.2971 2.2575, 2.94 0.2986 2.2458, 2.9094 0.2642 2.235, 2.8789 0.2632 2.2388, 2.8504 0.2602 2.2502, 2.8259 0.2554 2.2684, 2.8072 0.2492 2.292, 2.7954 0.2419 2.3196, 2.7913 0.2341 2.3491, 2.7954 0.2263 2.3787, 2.8072 0.219 2.4062, 2.8259 0.2127 2.4299, 2.8504 0.2079 2.448, 2.8789 0.2049 2.4594, 2.9094 0.2039 2.4633, 2.94 0.2049 2.4594, 2.9685 0.2079 2.448, 2.993 0.2127 2.4299, 3.0117 0.219 2.4062, 3.0235 0.2263 2.3787, 3.0276 0.2341 2.3491, 3.0235 0.2419 2.3196, 3.0117 0.2492 2.292, 2.993 0.2554 2.2684, 2.9685 0.2602 2.2502, 2.94 0.2632 2.2388, 2.9094 0.2305 2.2237, 2.8789 0.229 2.2274, 2.8504 0.2245 2.2383, 2.8259 0.2174 2.2557, 2.8072 0.2082 2.2783, 2.7954 0.1974 2.3047, 2.7913 0.1859 2.333, 2.7954 0.1743 2.3613, 2.8072 0.1636 2.3877, 2.8259 0.1543 2.4103, 2.8504 0.1472 2.4277, 2.8789 0.1428 2.4386, 2.9094 0.1413 2.4424, 2.94 0.1428 2.4386, 2.9685 0.1472 2.4277, 2.993 0.1543 2.4103, 3.0117 0.1636 2.3877, 3.0235 0.1743 2.3613, 3.0276 0.1859 2.333, 3.0235 0.1974 2.3047, 3.0117 0.2082 2.2783, 2.993 0.2174 2.2557, 2.9685 0.2245 2.2383, 2.94 0.229 2.2274, 2.9094 0.1985 2.2081, 2.8789 0.1965 2.2116, 2.8504 0.1907 2.2219, 2.8259 0.1814 2.2382, 2.8072 0.1694 2.2595, 2.7954 0.1553 2.2842, 2.7913 0.1402 2.3108, 2.7954 0.1251 2.3374, 2.8072 0.111 2.3622, 2.8259 0.0989 2.3834, 2.8504 0.0897 2.3998, 2.8789 0.0838 2.41, 2.9094 0.0818 2.4135, 2.94 0.0838 2.41, 2.9685 0.0897 2.3998, 2.993 0.0989 2.3834, 3.0117 0.111 2.3622, 3.0235 0.1251 2.3374, 3.0276 0.1402 2.3108, 3.0235 0.1553 2.2842, 3.0117 0.1694 2.2595, 2.993 0.1814 2.2382, 2.9685 0.1907 2.2219, 2.94 0.1965 2.2116, 2.9094 0.1688 2.1886, 2.8789 0.1664 2.1918, 2.8504 0.1593 2.2012, 2.8259 0.148 2.2162, 2.8072 0.1333 2.2358, 2.7954 0.1161 2.2585, 2.7913 0.0977 2.2829, 2.7954 0.0793 2.3073, 2.8072 0.0622 2.3301, 2.8259 0.0474 2.3496, 2.8504 0.0362 2.3646, 2.8789 0.0291 2.374, 2.9094 0.0266 2.3773, 2.94 0.0291 2.374, 2.9685 0.0362 2.3646, 2.993 0.0474 2.3496, 3.0117 0.0622 2.3301, 3.0235 0.0793 2.3073, 3.0276 0.0977 2.2829, 3.0235 0.1161 2.2585, 3.0117 0.1333 2.2358, 2.993 0.148 2.2162, 2.9685 0.1593 2.2012, 2.94 0.1664 2.1918, 2.9094 -1.7603 0.7349, 2.94 -1.7628 0.7381, 2.9685 -1.7699 0.7475, 2.993 -1.7812 0.7625, 3.0117 -1.7959 0.7821, 3.0235 -1.813 0.8048, 3.0276 -1.8314 0.8292, 3.0235 -1.8498 0.8536, 3.0117 -1.867 0.8764, 2.993 -1.8817 0.8959, 2.9685 -1.893 0.9109, 2.94 -1.9001 0.9203, 2.9094 -1.9025 0.9235, 2.8789 -1.9001 0.9203, 2.8504 -1.893 0.9109, 2.8259 -1.8817 0.8959, 2.8072 -1.867 0.8764, 2.7954 -1.8498 0.8536, 2.7913 -1.8314 0.8292, 2.7954 -1.813 0.8048, 2.8072 -1.7959 0.7821, 2.8259 -1.7812 0.7625, 2.8504 -1.7699 0.7475, 2.8789 -1.7628 0.7381, 2.9094 -1.7879 0.7111, 2.8789 -1.7907 0.714, 2.8504 -1.799 0.7224, 2.8259 -1.8122 0.7358, 2.8072 -1.8293 0.7532, 2.7954 -1.8493 0.7735, 2.7913 -1.8708 0.7953, 2.7954 -1.8922 0.817, 2.8072 -1.9122 0.8373, 2.8259 -1.9294 0.8548, 2.8504 -1.9426 0.8681, 2.8789 -1.9509 0.8765, 2.9094 -1.9537 0.8794, 2.94 -1.9509 0.8765, 2.9685 -1.9426 0.8681, 2.993 -1.9294 0.8548, 3.0117 -1.9122 0.8373, 3.0235 -1.8922 0.817, 3.0276 -1.8708 0.7953, 3.0235 -1.8493 0.7735, 3.0117 -1.8293 0.7532, 2.993 -1.8122 0.7358, 2.9685 -1.799 0.7224, 2.94 -1.7907 0.714, 2.9094 -1.8121 0.6839, 2.8789 -1.8153 0.6864, 2.8504 -1.8246 0.6936, 2.8259 -1.8394 0.7052, 2.8072 -1.8587 0.7202, 2.7954 -1.8812 0.7376, 2.7913 -1.9053 0.7564, 2.7954 -1.9295 0.7752, 2.8072 -1.952 0.7927, 2.8259 -1.9713 0.8077, 2.8504 -1.9861 0.8192, 2.8789 -1.9954 0.8264, 2.9094 -1.9986 0.8289, 2.94 -1.9954 0.8264, 2.9685 -1.9861 0.8192, 2.993 -1.9713 0.8077, 3.0117 -1.952 0.7927, 3.0235 -1.9295 0.7752, 3.0276 -1.9053 0.7564, 3.0235 -1.8812 0.7376, 3.0117 -1.8587 0.7202, 2.993 -1.8394 0.7052, 2.9685 -1.8246 0.6936, 2.94 -1.8153 0.6864, 2.9094 -1.8325 0.6538, 2.8789 -1.8359 0.6558, 2.8504 -1.8461 0.6618, 2.8259 -1.8623 0.6712, 2.8072 -1.8835 0.6836, 2.7954 -1.9081 0.6979, 2.7913 -1.9345 0.7133, 2.7954 -1.9609 0.7288, 2.8072 -1.9855 0.7431, 2.8259 -2.0066 0.7555, 2.8504 -2.0228 0.7649, 2.8789 -2.033 0.7709, 2.9094 -2.0364 0.7729, 2.94 -2.033 0.7709, 2.9685 -2.0228 0.7649, 2.993 -2.0066 0.7555, 3.0117 -1.9855 0.7431, 3.0235 -1.9609 0.7288, 3.0276 -1.9345 0.7133, 3.0235 -1.9081 0.6979, 3.0117 -1.8835 0.6836, 2.993 -1.8623 0.6712, 2.9685 -1.8461 0.6618, 2.94 -1.8359 0.6558, 2.9094 -1.8487 0.6212, 2.8789 -1.8524 0.6228, 2.8504 -1.8633 0.6273, 2.8259 -1.8806 0.6346, 2.8072 -1.9032 0.644, 2.7954 -1.9295 0.655, 2.7913 -1.9577 0.6668, 2.7954 -1.9859 0.6786, 2.8072 -2.0121 0.6896, 2.8259 -2.0347 0.6991, 2.8504 -2.052 0.7063, 2.8789 -2.0629 0.7109, 2.9094 -2.0666 0.7124, 2.94 -2.0629 0.7109, 2.9685 -2.052 0.7063, 2.993 -2.0347 0.6991, 3.0117 -2.0121 0.6896, 3.0235 -1.9859 0.6786, 3.0276 -1.9577 0.6668, 3.0235 -1.9295 0.655, 3.0117 -1.9032 0.644, 2.993 -1.8806 0.6346, 2.9685 -1.8633 0.6273, 2.94 -1.8524 0.6228, 2.9094 -1.8605 0.5868, 2.8789 -1.8644 0.5878, 2.8504 -1.8758 0.5909, 2.8259 -1.8939 0.5958, 2.8072 -1.9175 0.6022, 2.7954 -1.945 0.6097, 2.7913 -1.9745 0.6176, 2.7954 -2.004 0.6256, 2.8072 -2.0315 0.6331, 2.8259 -2.0551 0.6395, 2.8504 -2.0733 0.6444, 2.8789 -2.0846 0.6474, 2.9094 -2.0885 0.6485, 2.94 -2.0846 0.6474, 2.9685 -2.0733 0.6444, 2.993 -2.0551 0.6395, 3.0117 -2.0315 0.6331, 3.0235 -2.004 0.6256, 3.0276 -1.9745 0.6176, 3.0235 -1.945 0.6097, 3.0117 -1.9175 0.6022, 2.993 -1.8939 0.5958, 2.9685 -1.8758 0.5909, 2.94 -1.8644 0.5878, 2.9094 -1.8677 0.5511, 2.8789 -1.8717 0.5516, 2.8504 -1.8834 0.5532, 2.8259 -1.902 0.5557, 2.8072 -1.9262 0.5589, 2.7954 -1.9545 0.5626, 2.7913 -1.9848 0.5667, 2.7954 -2.0151 0.5707, 2.8072 -2.0433 0.5745, 2.8259 -2.0675 0.5777, 2.8504 -2.0862 0.5801, 2.8789 -2.0978 0.5817, 2.9094 -2.1018 0.5822, 2.94 -2.0978 0.5817, 2.9685 -2.0862 0.5801, 2.993 -2.0675 0.5777, 3.0117 -2.0433 0.5745, 3.0235 -2.0151 0.5707, 3.0276 -1.9848 0.5667, 3.0235 -1.9545 0.5626, 3.0117 -1.9262 0.5589, 2.993 -1.902 0.5557, 2.9685 -1.8834 0.5532, 2.94 -1.8717 0.5516, 2.9094 -1.8701 0.5148, 2.8789 -1.8741 0.5148, 2.8504 -1.8859 0.5148, 2.8259 -1.9047 0.5148, 2.8072 -1.9291 0.5148, 2.7954 -1.9576 0.5148, 2.7913 -1.9882 0.5148, 2.7954 -2.0188 0.5148, 2.8072 -2.0472 0.5148, 2.8259 -2.0717 0.5148, 2.8504 -2.0905 0.5148, 2.8789 -2.1023 0.5148, 2.9094 -2.1063 0.5148, 2.94 -2.1023 0.5148, 2.9685 -2.0905 0.5148, 2.993 -2.0717 0.5148, 3.0117 -2.0472 0.5148, 3.0235 -2.0188 0.5148, 3.0276 -1.9882 0.5148, 3.0235 -1.9576 0.5148, 3.0117 -1.9291 0.5148, 2.993 -1.9047 0.5148, 2.9685 -1.8859 0.5148, 2.94 -1.8741 0.5148, 2.4056 1.3583 2.3031, 2.3938 1.3583 2.3316, 2.5079 1.3583 2.3622, 2.3898 1.3583 2.3622, 2.3938 1.3583 2.3928, 2.4773 1.3583 2.2481, 2.4488 1.3583 2.2599, 2.4244 1.3583 2.2787, 2.5669 1.3583 2.2599, 2.5384 1.3583 2.2481, 2.5079 1.3583 2.2441, 2.622 1.3583 2.3316, 2.6102 1.3583 2.3031, 2.5914 1.3583 2.2787, 2.6102 1.3583 2.4213, 2.622 1.3583 2.3928, 2.626 1.3583 2.3622, 2.5384 1.3583 2.4763, 2.5669 1.3583 2.4645, 2.5914 1.3583 2.4457, 2.4488 1.3583 2.4645, 2.4773 1.3583 2.4763, 2.5079 1.3583 2.4803, 2.4056 1.3583 2.4213, 2.4244 1.3583 2.4457, 2.4056 -2.0472 0.1969, 2.3938 -2.0188 0.1969, 2.5079 -1.9882 0.1969, 2.3898 -1.9882 0.1969, 2.3938 -1.9576 0.1969, 2.4773 -2.1023 0.1969, 2.4488 -2.0905 0.1969, 2.4244 -2.0717 0.1969, 2.5669 -2.0905 0.1969, 2.5384 -2.1023 0.1969, 2.5079 -2.1063 0.1969, 2.622 -2.0188 0.1969, 2.6102 -2.0472 0.1969, 2.5914 -2.0717 0.1969, 2.6102 -1.9291 0.1969, 2.622 -1.9576 0.1969, 2.626 -1.9882 0.1969, 2.5384 -1.8741 0.1969, 2.5669 -1.8859 0.1969, 2.5914 -1.9047 0.1969, 2.4488 -1.8859 0.1969, 2.4773 -1.8741 0.1969, 2.5079 -1.8701 0.1969, 2.4056 -1.9291 0.1969, 2.4244 -1.9047 0.1969, 2.3898 0.3346 2.3622, 2.3938 0.3346 2.3316, 2.4056 0.3346 2.3031, 2.4244 0.3346 2.2787, 2.4488 0.3346 2.2599, 2.4773 0.3346 2.2481, 2.5079 0.3346 2.2441, 2.5384 0.3346 2.2481, 2.5669 0.3346 2.2599, 2.5914 0.3346 2.2787, 2.6102 0.3346 2.3031, 2.622 0.3346 2.3316, 2.626 0.3346 2.3622, 2.622 0.3346 2.3928, 2.6102 0.3346 2.4213, 2.5914 0.3346 2.4457, 2.5669 0.3346 2.4645, 2.5384 0.3346 2.4763, 2.5079 0.3346 2.4803, 2.4773 0.3346 2.4763, 2.4488 0.3346 2.4645, 2.4244 0.3346 2.4457, 2.4056 0.3346 2.4213, 2.3938 0.3346 2.3928, 2.5079 0.2992 2.2418, 2.4773 0.2986 2.2458, 2.4488 0.2971 2.2575, 2.4244 0.2947 2.2761, 2.4056 0.2915 2.3004, 2.3938 0.2879 2.3286, 2.3898 0.2839 2.3589, 2.3938 0.28 2.3892, 2.4056 0.2763 2.4175, 2.4244 0.2732 2.4417, 2.4488 0.2708 2.4604, 2.4773 0.2692 2.4721, 2.5079 0.2687 2.4761, 2.5384 0.2692 2.4721, 2.5669 0.2708 2.4604, 2.5914 0.2732 2.4417, 2.6102 0.2763 2.4175, 2.622 0.28 2.3892, 2.626 0.2839 2.3589, 2.622 0.2879 2.3286, 2.6102 0.2915 2.3004, 2.5914 0.2947 2.2761, 2.5669 0.2971 2.2575, 2.5384 0.2986 2.2458, 2.5079 0.2642 2.235, 2.4773 0.2632 2.2388, 2.4488 0.2602 2.2502, 2.4244 0.2554 2.2684, 2.4056 0.2492 2.292, 2.3938 0.2419 2.3196, 2.3898 0.2341 2.3491, 2.3938 0.2263 2.3787, 2.4056 0.219 2.4062, 2.4244 0.2127 2.4299, 2.4488 0.2079 2.448, 2.4773 0.2049 2.4594, 2.5079 0.2039 2.4633, 2.5384 0.2049 2.4594, 2.5669 0.2079 2.448, 2.5914 0.2127 2.4299, 2.6102 0.219 2.4062, 2.622 0.2263 2.3787, 2.626 0.2341 2.3491, 2.622 0.2419 2.3196, 2.6102 0.2492 2.292, 2.5914 0.2554 2.2684, 2.5669 0.2602 2.2502, 2.5384 0.2632 2.2388, 2.5079 0.2305 2.2237, 2.4773 0.229 2.2274, 2.4488 0.2245 2.2383, 2.4244 0.2174 2.2557, 2.4056 0.2082 2.2783, 2.3938 0.1974 2.3047, 2.3898 0.1859 2.333, 2.3938 0.1743 2.3613, 2.4056 0.1636 2.3877, 2.4244 0.1543 2.4103, 2.4488 0.1472 2.4277, 2.4773 0.1428 2.4386, 2.5079 0.1413 2.4424, 2.5384 0.1428 2.4386, 2.5669 0.1472 2.4277, 2.5914 0.1543 2.4103, 2.6102 0.1636 2.3877, 2.622 0.1743 2.3613, 2.626 0.1859 2.333, 2.622 0.1974 2.3047, 2.6102 0.2082 2.2783, 2.5914 0.2174 2.2557, 2.5669 0.2245 2.2383, 2.5384 0.229 2.2274, 2.5079 0.1985 2.2081, 2.4773 0.1965 2.2116, 2.4488 0.1907 2.2219, 2.4244 0.1814 2.2382, 2.4056 0.1694 2.2595, 2.3938 0.1553 2.2842, 2.3898 0.1402 2.3108, 2.3938 0.1251 2.3374, 2.4056 0.111 2.3622, 2.4244 0.0989 2.3834, 2.4488 0.0897 2.3998, 2.4773 0.0838 2.41, 2.5079 0.0818 2.4135, 2.5384 0.0838 2.41, 2.5669 0.0897 2.3998, 2.5914 0.0989 2.3834, 2.6102 0.111 2.3622, 2.622 0.1251 2.3374, 2.626 0.1402 2.3108, 2.622 0.1553 2.2842, 2.6102 0.1694 2.2595, 2.5914 0.1814 2.2382, 2.5669 0.1907 2.2219, 2.5384 0.1965 2.2116, 2.5079 0.1688 2.1886, 2.4773 0.1664 2.1918, 2.4488 0.1593 2.2012, 2.4244 0.148 2.2162, 2.4056 0.1333 2.2358, 2.3938 0.1161 2.2585, 2.3898 0.0977 2.2829, 2.3938 0.0793 2.3073, 2.4056 0.0622 2.3301, 2.4244 0.0474 2.3496, 2.4488 0.0362 2.3646, 2.4773 0.0291 2.374, 2.5079 0.0266 2.3773, 2.5384 0.0291 2.374, 2.5669 0.0362 2.3646, 2.5914 0.0474 2.3496, 2.6102 0.0622 2.3301, 2.622 0.0793 2.3073, 2.626 0.0977 2.2829, 2.622 0.1161 2.2585, 2.6102 0.1333 2.2358, 2.5914 0.148 2.2162, 2.5669 0.1593 2.2012, 2.5384 0.1664 2.1918, 2.5079 -1.7603 0.7349, 2.5384 -1.7628 0.7381, 2.5669 -1.7699 0.7475, 2.5914 -1.7812 0.7625, 2.6102 -1.7959 0.7821, 2.622 -1.813 0.8048, 2.626 -1.8314 0.8292, 2.622 -1.8498 0.8536, 2.6102 -1.867 0.8764, 2.5914 -1.8817 0.8959, 2.5669 -1.893 0.9109, 2.5384 -1.9001 0.9203, 2.5079 -1.9025 0.9235, 2.4773 -1.9001 0.9203, 2.4488 -1.893 0.9109, 2.4244 -1.8817 0.8959, 2.4056 -1.867 0.8764, 2.3938 -1.8498 0.8536, 2.3898 -1.8314 0.8292, 2.3938 -1.813 0.8048, 2.4056 -1.7959 0.7821, 2.4244 -1.7812 0.7625, 2.4488 -1.7699 0.7475, 2.4773 -1.7628 0.7381, 2.5079 -1.7879 0.7111, 2.4773 -1.7907 0.714, 2.4488 -1.799 0.7224, 2.4244 -1.8122 0.7358, 2.4056 -1.8293 0.7532, 2.3938 -1.8493 0.7735, 2.3898 -1.8708 0.7953, 2.3938 -1.8922 0.817, 2.4056 -1.9122 0.8373, 2.4244 -1.9294 0.8548, 2.4488 -1.9426 0.8681, 2.4773 -1.9509 0.8765, 2.5079 -1.9537 0.8794, 2.5384 -1.9509 0.8765, 2.5669 -1.9426 0.8681, 2.5914 -1.9294 0.8548, 2.6102 -1.9122 0.8373, 2.622 -1.8922 0.817, 2.626 -1.8708 0.7953, 2.622 -1.8493 0.7735, 2.6102 -1.8293 0.7532, 2.5914 -1.8122 0.7358, 2.5669 -1.799 0.7224, 2.5384 -1.7907 0.714, 2.5079 -1.8121 0.6839, 2.4773 -1.8153 0.6864, 2.4488 -1.8246 0.6936, 2.4244 -1.8394 0.7052, 2.4056 -1.8587 0.7202, 2.3938 -1.8812 0.7376, 2.3898 -1.9053 0.7564, 2.3938 -1.9295 0.7752, 2.4056 -1.952 0.7927, 2.4244 -1.9713 0.8077, 2.4488 -1.9861 0.8192, 2.4773 -1.9954 0.8264, 2.5079 -1.9986 0.8289, 2.5384 -1.9954 0.8264, 2.5669 -1.9861 0.8192, 2.5914 -1.9713 0.8077, 2.6102 -1.952 0.7927, 2.622 -1.9295 0.7752, 2.626 -1.9053 0.7564, 2.622 -1.8812 0.7376, 2.6102 -1.8587 0.7202, 2.5914 -1.8394 0.7052, 2.5669 -1.8246 0.6936, 2.5384 -1.8153 0.6864, 2.5079 -1.8325 0.6538, 2.4773 -1.8359 0.6558, 2.4488 -1.8461 0.6618, 2.4244 -1.8623 0.6712, 2.4056 -1.8835 0.6836, 2.3938 -1.9081 0.6979, 2.3898 -1.9345 0.7133, 2.3938 -1.9609 0.7288, 2.4056 -1.9855 0.7431, 2.4244 -2.0066 0.7555, 2.4488 -2.0228 0.7649, 2.4773 -2.033 0.7709, 2.5079 -2.0364 0.7729, 2.5384 -2.033 0.7709, 2.5669 -2.0228 0.7649, 2.5914 -2.0066 0.7555, 2.6102 -1.9855 0.7431, 2.622 -1.9609 0.7288, 2.626 -1.9345 0.7133, 2.622 -1.9081 0.6979, 2.6102 -1.8835 0.6836, 2.5914 -1.8623 0.6712, 2.5669 -1.8461 0.6618, 2.5384 -1.8359 0.6558, 2.5079 -1.8487 0.6212, 2.4773 -1.8524 0.6228, 2.4488 -1.8633 0.6273, 2.4244 -1.8806 0.6346, 2.4056 -1.9032 0.644, 2.3938 -1.9295 0.655, 2.3898 -1.9577 0.6668, 2.3938 -1.9859 0.6786, 2.4056 -2.0121 0.6896, 2.4244 -2.0347 0.6991, 2.4488 -2.052 0.7063, 2.4773 -2.0629 0.7109, 2.5079 -2.0666 0.7124, 2.5384 -2.0629 0.7109, 2.5669 -2.052 0.7063, 2.5914 -2.0347 0.6991, 2.6102 -2.0121 0.6896, 2.622 -1.9859 0.6786, 2.626 -1.9577 0.6668, 2.622 -1.9295 0.655, 2.6102 -1.9032 0.644, 2.5914 -1.8806 0.6346, 2.5669 -1.8633 0.6273, 2.5384 -1.8524 0.6228, 2.5079 -1.8605 0.5868, 2.4773 -1.8644 0.5878, 2.4488 -1.8758 0.5909, 2.4244 -1.8939 0.5958, 2.4056 -1.9175 0.6022, 2.3938 -1.945 0.6097, 2.3898 -1.9745 0.6176, 2.3938 -2.004 0.6256, 2.4056 -2.0315 0.6331, 2.4244 -2.0551 0.6395, 2.4488 -2.0733 0.6444, 2.4773 -2.0846 0.6474, 2.5079 -2.0885 0.6485, 2.5384 -2.0846 0.6474, 2.5669 -2.0733 0.6444, 2.5914 -2.0551 0.6395, 2.6102 -2.0315 0.6331, 2.622 -2.004 0.6256, 2.626 -1.9745 0.6176, 2.622 -1.945 0.6097, 2.6102 -1.9175 0.6022, 2.5914 -1.8939 0.5958, 2.5669 -1.8758 0.5909, 2.5384 -1.8644 0.5878, 2.5079 -1.8677 0.5511, 2.4773 -1.8717 0.5516, 2.4488 -1.8834 0.5532, 2.4244 -1.902 0.5557, 2.4056 -1.9262 0.5589, 2.3938 -1.9545 0.5626, 2.3898 -1.9848 0.5667, 2.3938 -2.0151 0.5707, 2.4056 -2.0433 0.5745, 2.4244 -2.0675 0.5777, 2.4488 -2.0862 0.5801, 2.4773 -2.0978 0.5817, 2.5079 -2.1018 0.5822, 2.5384 -2.0978 0.5817, 2.5669 -2.0862 0.5801, 2.5914 -2.0675 0.5777, 2.6102 -2.0433 0.5745, 2.622 -2.0151 0.5707, 2.626 -1.9848 0.5667, 2.622 -1.9545 0.5626, 2.6102 -1.9262 0.5589, 2.5914 -1.902 0.5557, 2.5669 -1.8834 0.5532, 2.5384 -1.8717 0.5516, 2.5079 -1.8701 0.5148, 2.4773 -1.8741 0.5148, 2.4488 -1.8859 0.5148, 2.4244 -1.9047 0.5148, 2.4056 -1.9291 0.5148, 2.3938 -1.9576 0.5148, 2.3898 -1.9882 0.5148, 2.3938 -2.0188 0.5148, 2.4056 -2.0472 0.5148, 2.4244 -2.0717 0.5148, 2.4488 -2.0905 0.5148, 2.4773 -2.1023 0.5148, 2.5079 -2.1063 0.5148, 2.5384 -2.1023 0.5148, 2.5669 -2.0905 0.5148, 2.5914 -2.0717 0.5148, 2.6102 -2.0472 0.5148, 2.622 -2.0188 0.5148, 2.626 -1.9882 0.5148, 2.622 -1.9576 0.5148, 2.6102 -1.9291 0.5148, 2.5914 -1.9047 0.5148, 2.5669 -1.8859 0.5148, 2.5384 -1.8741 0.5148, 2.004 1.3583 2.3031, 1.9922 1.3583 2.3316, 2.1063 1.3583 2.3622, 1.9882 1.3583 2.3622, 1.9922 1.3583 2.3928, 2.0757 1.3583 2.2481, 2.0472 1.3583 2.2599, 2.0228 1.3583 2.2787, 2.1654 1.3583 2.2599, 2.1369 1.3583 2.2481, 2.1063 1.3583 2.2441, 2.2204 1.3583 2.3316, 2.2086 1.3583 2.3031, 2.1898 1.3583 2.2787, 2.2086 1.3583 2.4213, 2.2204 1.3583 2.3928, 2.2244 1.3583 2.3622, 2.1369 1.3583 2.4763, 2.1654 1.3583 2.4645, 2.1898 1.3583 2.4457, 2.0472 1.3583 2.4645, 2.0757 1.3583 2.4763, 2.1063 1.3583 2.4803, 2.004 1.3583 2.4213, 2.0228 1.3583 2.4457, 2.004 -2.0472 0.1969, 1.9922 -2.0188 0.1969, 2.1063 -1.9882 0.1969, 1.9882 -1.9882 0.1969, 1.9922 -1.9576 0.1969, 2.0757 -2.1023 0.1969, 2.0472 -2.0905 0.1969, 2.0228 -2.0717 0.1969, 2.1654 -2.0905 0.1969, 2.1369 -2.1023 0.1969, 2.1063 -2.1063 0.1969, 2.2204 -2.0188 0.1969, 2.2086 -2.0472 0.1969, 2.1898 -2.0717 0.1969, 2.2086 -1.9291 0.1969, 2.2204 -1.9576 0.1969, 2.2244 -1.9882 0.1969, 2.1369 -1.8741 0.1969, 2.1654 -1.8859 0.1969, 2.1898 -1.9047 0.1969, 2.0472 -1.8859 0.1969, 2.0757 -1.8741 0.1969, 2.1063 -1.8701 0.1969, 2.004 -1.9291 0.1969, 2.0228 -1.9047 0.1969, 1.9882 0.3346 2.3622, 1.9922 0.3346 2.3316, 2.004 0.3346 2.3031, 2.0228 0.3346 2.2787, 2.0472 0.3346 2.2599, 2.0757 0.3346 2.2481, 2.1063 0.3346 2.2441, 2.1369 0.3346 2.2481, 2.1654 0.3346 2.2599, 2.1898 0.3346 2.2787, 2.2086 0.3346 2.3031, 2.2204 0.3346 2.3316, 2.2244 0.3346 2.3622, 2.2204 0.3346 2.3928, 2.2086 0.3346 2.4213, 2.1898 0.3346 2.4457, 2.1654 0.3346 2.4645, 2.1369 0.3346 2.4763, 2.1063 0.3346 2.4803, 2.0757 0.3346 2.4763, 2.0472 0.3346 2.4645, 2.0228 0.3346 2.4457, 2.004 0.3346 2.4213, 1.9922 0.3346 2.3928, 2.1063 0.2992 2.2418, 2.0757 0.2986 2.2458, 2.0472 0.2971 2.2575, 2.0228 0.2947 2.2761, 2.004 0.2915 2.3004, 1.9922 0.2879 2.3286, 1.9882 0.2839 2.3589, 1.9922 0.28 2.3892, 2.004 0.2763 2.4175, 2.0228 0.2732 2.4417, 2.0472 0.2708 2.4604, 2.0757 0.2692 2.4721, 2.1063 0.2687 2.4761, 2.1369 0.2692 2.4721, 2.1654 0.2708 2.4604, 2.1898 0.2732 2.4417, 2.2086 0.2763 2.4175, 2.2204 0.28 2.3892, 2.2244 0.2839 2.3589, 2.2204 0.2879 2.3286, 2.2086 0.2915 2.3004, 2.1898 0.2947 2.2761, 2.1654 0.2971 2.2575, 2.1369 0.2986 2.2458, 2.1063 0.2642 2.235, 2.0757 0.2632 2.2388, 2.0472 0.2602 2.2502, 2.0228 0.2554 2.2684, 2.004 0.2492 2.292, 1.9922 0.2419 2.3196, 1.9882 0.2341 2.3491, 1.9922 0.2263 2.3787, 2.004 0.219 2.4062, 2.0228 0.2127 2.4299, 2.0472 0.2079 2.448, 2.0757 0.2049 2.4594, 2.1063 0.2039 2.4633, 2.1369 0.2049 2.4594, 2.1654 0.2079 2.448, 2.1898 0.2127 2.4299, 2.2086 0.219 2.4062, 2.2204 0.2263 2.3787, 2.2244 0.2341 2.3491, 2.2204 0.2419 2.3196, 2.2086 0.2492 2.292, 2.1898 0.2554 2.2684, 2.1654 0.2602 2.2502, 2.1369 0.2632 2.2388, 2.1063 0.2305 2.2237, 2.0757 0.229 2.2274, 2.0472 0.2245 2.2383, 2.0228 0.2174 2.2557, 2.004 0.2082 2.2783, 1.9922 0.1974 2.3047, 1.9882 0.1859 2.333, 1.9922 0.1743 2.3613, 2.004 0.1636 2.3877, 2.0228 0.1543 2.4103, 2.0472 0.1472 2.4277, 2.0757 0.1428 2.4386, 2.1063 0.1413 2.4424, 2.1369 0.1428 2.4386, 2.1654 0.1472 2.4277, 2.1898 0.1543 2.4103, 2.2086 0.1636 2.3877, 2.2204 0.1743 2.3613, 2.2244 0.1859 2.333, 2.2204 0.1974 2.3047, 2.2086 0.2082 2.2783, 2.1898 0.2174 2.2557, 2.1654 0.2245 2.2383, 2.1369 0.229 2.2274, 2.1063 0.1985 2.2081, 2.0757 0.1965 2.2116, 2.0472 0.1907 2.2219, 2.0228 0.1814 2.2382, 2.004 0.1694 2.2595, 1.9922 0.1553 2.2842, 1.9882 0.1402 2.3108, 1.9922 0.1251 2.3374, 2.004 0.111 2.3622, 2.0228 0.0989 2.3834, 2.0472 0.0897 2.3998, 2.0757 0.0838 2.41, 2.1063 0.0818 2.4135, 2.1369 0.0838 2.41, 2.1654 0.0897 2.3998, 2.1898 0.0989 2.3834, 2.2086 0.111 2.3622, 2.2204 0.1251 2.3374, 2.2244 0.1402 2.3108, 2.2204 0.1553 2.2842, 2.2086 0.1694 2.2595, 2.1898 0.1814 2.2382, 2.1654 0.1907 2.2219, 2.1369 0.1965 2.2116, 2.1063 0.1688 2.1886, 2.0757 0.1664 2.1918, 2.0472 0.1593 2.2012, 2.0228 0.148 2.2162, 2.004 0.1333 2.2358, 1.9922 0.1161 2.2585, 1.9882 0.0977 2.2829, 1.9922 0.0793 2.3073, 2.004 0.0622 2.3301, 2.0228 0.0474 2.3496, 2.0472 0.0362 2.3646, 2.0757 0.0291 2.374, 2.1063 0.0266 2.3773, 2.1369 0.0291 2.374, 2.1654 0.0362 2.3646, 2.1898 0.0474 2.3496, 2.2086 0.0622 2.3301, 2.2204 0.0793 2.3073, 2.2244 0.0977 2.2829, 2.2204 0.1161 2.2585, 2.2086 0.1333 2.2358, 2.1898 0.148 2.2162, 2.1654 0.1593 2.2012, 2.1369 0.1664 2.1918, 2.1063 -1.7603 0.7349, 2.1369 -1.7628 0.7381, 2.1654 -1.7699 0.7475, 2.1898 -1.7812 0.7625, 2.2086 -1.7959 0.7821, 2.2204 -1.813 0.8048, 2.2244 -1.8314 0.8292, 2.2204 -1.8498 0.8536, 2.2086 -1.867 0.8764, 2.1898 -1.8817 0.8959, 2.1654 -1.893 0.9109, 2.1369 -1.9001 0.9203, 2.1063 -1.9025 0.9235, 2.0757 -1.9001 0.9203, 2.0472 -1.893 0.9109, 2.0228 -1.8817 0.8959, 2.004 -1.867 0.8764, 1.9922 -1.8498 0.8536, 1.9882 -1.8314 0.8292, 1.9922 -1.813 0.8048, 2.004 -1.7959 0.7821, 2.0228 -1.7812 0.7625, 2.0472 -1.7699 0.7475, 2.0757 -1.7628 0.7381, 2.1063 -1.7879 0.7111, 2.0757 -1.7907 0.714, 2.0472 -1.799 0.7224, 2.0228 -1.8122 0.7358, 2.004 -1.8293 0.7532, 1.9922 -1.8493 0.7735, 1.9882 -1.8708 0.7953, 1.9922 -1.8922 0.817, 2.004 -1.9122 0.8373, 2.0228 -1.9294 0.8548, 2.0472 -1.9426 0.8681, 2.0757 -1.9509 0.8765, 2.1063 -1.9537 0.8794, 2.1369 -1.9509 0.8765, 2.1654 -1.9426 0.8681, 2.1898 -1.9294 0.8548, 2.2086 -1.9122 0.8373, 2.2204 -1.8922 0.817, 2.2244 -1.8708 0.7953, 2.2204 -1.8493 0.7735, 2.2086 -1.8293 0.7532, 2.1898 -1.8122 0.7358, 2.1654 -1.799 0.7224, 2.1369 -1.7907 0.714, 2.1063 -1.8121 0.6839, 2.0757 -1.8153 0.6864, 2.0472 -1.8246 0.6936, 2.0228 -1.8394 0.7052, 2.004 -1.8587 0.7202, 1.9922 -1.8812 0.7376, 1.9882 -1.9053 0.7564, 1.9922 -1.9295 0.7752, 2.004 -1.952 0.7927, 2.0228 -1.9713 0.8077, 2.0472 -1.9861 0.8192, 2.0757 -1.9954 0.8264, 2.1063 -1.9986 0.8289, 2.1369 -1.9954 0.8264, 2.1654 -1.9861 0.8192, 2.1898 -1.9713 0.8077, 2.2086 -1.952 0.7927, 2.2204 -1.9295 0.7752, 2.2244 -1.9053 0.7564, 2.2204 -1.8812 0.7376, 2.2086 -1.8587 0.7202, 2.1898 -1.8394 0.7052, 2.1654 -1.8246 0.6936, 2.1369 -1.8153 0.6864, 2.1063 -1.8325 0.6538, 2.0757 -1.8359 0.6558, 2.0472 -1.8461 0.6618, 2.0228 -1.8623 0.6712, 2.004 -1.8835 0.6836, 1.9922 -1.9081 0.6979, 1.9882 -1.9345 0.7133, 1.9922 -1.9609 0.7288, 2.004 -1.9855 0.7431, 2.0228 -2.0066 0.7555, 2.0472 -2.0228 0.7649, 2.0757 -2.033 0.7709, 2.1063 -2.0364 0.7729, 2.1369 -2.033 0.7709, 2.1654 -2.0228 0.7649, 2.1898 -2.0066 0.7555, 2.2086 -1.9855 0.7431, 2.2204 -1.9609 0.7288, 2.2244 -1.9345 0.7133, 2.2204 -1.9081 0.6979, 2.2086 -1.8835 0.6836, 2.1898 -1.8623 0.6712, 2.1654 -1.8461 0.6618, 2.1369 -1.8359 0.6558, 2.1063 -1.8487 0.6212, 2.0757 -1.8524 0.6228, 2.0472 -1.8633 0.6273, 2.0228 -1.8806 0.6346, 2.004 -1.9032 0.644, 1.9922 -1.9295 0.655, 1.9882 -1.9577 0.6668, 1.9922 -1.9859 0.6786, 2.004 -2.0121 0.6896, 2.0228 -2.0347 0.6991, 2.0472 -2.052 0.7063, 2.0757 -2.0629 0.7109, 2.1063 -2.0666 0.7124, 2.1369 -2.0629 0.7109, 2.1654 -2.052 0.7063, 2.1898 -2.0347 0.6991, 2.2086 -2.0121 0.6896, 2.2204 -1.9859 0.6786, 2.2244 -1.9577 0.6668, 2.2204 -1.9295 0.655, 2.2086 -1.9032 0.644, 2.1898 -1.8806 0.6346, 2.1654 -1.8633 0.6273, 2.1369 -1.8524 0.6228, 2.1063 -1.8605 0.5868, 2.0757 -1.8644 0.5878, 2.0472 -1.8758 0.5909, 2.0228 -1.8939 0.5958, 2.004 -1.9175 0.6022, 1.9922 -1.945 0.6097, 1.9882 -1.9745 0.6176, 1.9922 -2.004 0.6256, 2.004 -2.0315 0.6331, 2.0228 -2.0551 0.6395, 2.0472 -2.0733 0.6444, 2.0757 -2.0846 0.6474, 2.1063 -2.0885 0.6485, 2.1369 -2.0846 0.6474, 2.1654 -2.0733 0.6444, 2.1898 -2.0551 0.6395, 2.2086 -2.0315 0.6331, 2.2204 -2.004 0.6256, 2.2244 -1.9745 0.6176, 2.2204 -1.945 0.6097, 2.2086 -1.9175 0.6022, 2.1898 -1.8939 0.5958, 2.1654 -1.8758 0.5909, 2.1369 -1.8644 0.5878, 2.1063 -1.8677 0.5511, 2.0757 -1.8717 0.5516, 2.0472 -1.8834 0.5532, 2.0228 -1.902 0.5557, 2.004 -1.9262 0.5589, 1.9922 -1.9545 0.5626, 1.9882 -1.9848 0.5667, 1.9922 -2.0151 0.5707, 2.004 -2.0433 0.5745, 2.0228 -2.0675 0.5777, 2.0472 -2.0862 0.5801, 2.0757 -2.0978 0.5817, 2.1063 -2.1018 0.5822, 2.1369 -2.0978 0.5817, 2.1654 -2.0862 0.5801, 2.1898 -2.0675 0.5777, 2.2086 -2.0433 0.5745, 2.2204 -2.0151 0.5707, 2.2244 -1.9848 0.5667, 2.2204 -1.9545 0.5626, 2.2086 -1.9262 0.5589, 2.1898 -1.902 0.5557, 2.1654 -1.8834 0.5532, 2.1369 -1.8717 0.5516, 2.1063 -1.8701 0.5148, 2.0757 -1.8741 0.5148, 2.0472 -1.8859 0.5148, 2.0228 -1.9047 0.5148, 2.004 -1.9291 0.5148, 1.9922 -1.9576 0.5148, 1.9882 -1.9882 0.5148, 1.9922 -2.0188 0.5148, 2.004 -2.0472 0.5148, 2.0228 -2.0717 0.5148, 2.0472 -2.0905 0.5148, 2.0757 -2.1023 0.5148, 2.1063 -2.1063 0.5148, 2.1369 -2.1023 0.5148, 2.1654 -2.0905 0.5148, 2.1898 -2.0717 0.5148, 2.2086 -2.0472 0.5148, 2.2204 -2.0188 0.5148, 2.2244 -1.9882 0.5148, 2.2204 -1.9576 0.5148, 2.2086 -1.9291 0.5148, 2.1898 -1.9047 0.5148, 2.1654 -1.8859 0.5148, 2.1369 -1.8741 0.5148, 1.6024 1.3583 2.3031, 1.5906 1.3583 2.3316, 1.7047 1.3583 2.3622, 1.5866 1.3583 2.3622, 1.5906 1.3583 2.3928, 1.6742 1.3583 2.2481, 1.6457 1.3583 2.2599, 1.6212 1.3583 2.2787, 1.7638 1.3583 2.2599, 1.7353 1.3583 2.2481, 1.7047 1.3583 2.2441, 1.8188 1.3583 2.3316, 1.807 1.3583 2.3031, 1.7882 1.3583 2.2787, 1.807 1.3583 2.4213, 1.8188 1.3583 2.3928, 1.8228 1.3583 2.3622, 1.7353 1.3583 2.4763, 1.7638 1.3583 2.4645, 1.7882 1.3583 2.4457, 1.6457 1.3583 2.4645, 1.6742 1.3583 2.4763, 1.7047 1.3583 2.4803, 1.6024 1.3583 2.4213, 1.6212 1.3583 2.4457, 1.6024 -2.0472 0.1969, 1.5906 -2.0188 0.1969, 1.7047 -1.9882 0.1969, 1.5866 -1.9882 0.1969, 1.5906 -1.9576 0.1969, 1.6742 -2.1023 0.1969, 1.6457 -2.0905 0.1969, 1.6212 -2.0717 0.1969, 1.7638 -2.0905 0.1969, 1.7353 -2.1023 0.1969, 1.7047 -2.1063 0.1969, 1.8188 -2.0188 0.1969, 1.807 -2.0472 0.1969, 1.7882 -2.0717 0.1969, 1.807 -1.9291 0.1969, 1.8188 -1.9576 0.1969, 1.8228 -1.9882 0.1969, 1.7353 -1.8741 0.1969, 1.7638 -1.8859 0.1969, 1.7882 -1.9047 0.1969, 1.6457 -1.8859 0.1969, 1.6742 -1.8741 0.1969, 1.7047 -1.8701 0.1969, 1.6024 -1.9291 0.1969, 1.6212 -1.9047 0.1969, 1.5866 0.3346 2.3622, 1.5906 0.3346 2.3316, 1.6024 0.3346 2.3031, 1.6212 0.3346 2.2787, 1.6457 0.3346 2.2599, 1.6742 0.3346 2.2481, 1.7047 0.3346 2.2441, 1.7353 0.3346 2.2481, 1.7638 0.3346 2.2599, 1.7882 0.3346 2.2787, 1.807 0.3346 2.3031, 1.8188 0.3346 2.3316, 1.8228 0.3346 2.3622, 1.8188 0.3346 2.3928, 1.807 0.3346 2.4213, 1.7882 0.3346 2.4457, 1.7638 0.3346 2.4645, 1.7353 0.3346 2.4763, 1.7047 0.3346 2.4803, 1.6742 0.3346 2.4763, 1.6457 0.3346 2.4645, 1.6212 0.3346 2.4457, 1.6024 0.3346 2.4213, 1.5906 0.3346 2.3928, 1.7047 0.2992 2.2418, 1.6742 0.2986 2.2458, 1.6457 0.2971 2.2575, 1.6212 0.2947 2.2761, 1.6024 0.2915 2.3004, 1.5906 0.2879 2.3286, 1.5866 0.2839 2.3589, 1.5906 0.28 2.3892, 1.6024 0.2763 2.4175, 1.6212 0.2732 2.4417, 1.6457 0.2708 2.4604, 1.6742 0.2692 2.4721, 1.7047 0.2687 2.4761, 1.7353 0.2692 2.4721, 1.7638 0.2708 2.4604, 1.7882 0.2732 2.4417, 1.807 0.2763 2.4175, 1.8188 0.28 2.3892, 1.8228 0.2839 2.3589, 1.8188 0.2879 2.3286, 1.807 0.2915 2.3004, 1.7882 0.2947 2.2761, 1.7638 0.2971 2.2575, 1.7353 0.2986 2.2458, 1.7047 0.2642 2.235, 1.6742 0.2632 2.2388, 1.6457 0.2602 2.2502, 1.6212 0.2554 2.2684, 1.6024 0.2492 2.292, 1.5906 0.2419 2.3196, 1.5866 0.2341 2.3491, 1.5906 0.2263 2.3787, 1.6024 0.219 2.4062, 1.6212 0.2127 2.4299, 1.6457 0.2079 2.448, 1.6742 0.2049 2.4594, 1.7047 0.2039 2.4633, 1.7353 0.2049 2.4594, 1.7638 0.2079 2.448, 1.7882 0.2127 2.4299, 1.807 0.219 2.4062, 1.8188 0.2263 2.3787, 1.8228 0.2341 2.3491, 1.8188 0.2419 2.3196, 1.807 0.2492 2.292, 1.7882 0.2554 2.2684, 1.7638 0.2602 2.2502, 1.7353 0.2632 2.2388, 1.7047 0.2305 2.2237, 1.6742 0.229 2.2274, 1.6457 0.2245 2.2383, 1.6212 0.2174 2.2557, 1.6024 0.2082 2.2783, 1.5906 0.1974 2.3047, 1.5866 0.1859 2.333, 1.5906 0.1743 2.3613, 1.6024 0.1636 2.3877, 1.6212 0.1543 2.4103, 1.6457 0.1472 2.4277, 1.6742 0.1428 2.4386, 1.7047 0.1413 2.4424, 1.7353 0.1428 2.4386, 1.7638 0.1472 2.4277, 1.7882 0.1543 2.4103, 1.807 0.1636 2.3877, 1.8188 0.1743 2.3613, 1.8228 0.1859 2.333, 1.8188 0.1974 2.3047, 1.807 0.2082 2.2783, 1.7882 0.2174 2.2557, 1.7638 0.2245 2.2383, 1.7353 0.229 2.2274, 1.7047 0.1985 2.2081, 1.6742 0.1965 2.2116, 1.6457 0.1907 2.2219, 1.6212 0.1814 2.2382, 1.6024 0.1694 2.2595, 1.5906 0.1553 2.2842, 1.5866 0.1402 2.3108, 1.5906 0.1251 2.3374, 1.6024 0.111 2.3622, 1.6212 0.0989 2.3834, 1.6457 0.0897 2.3998, 1.6742 0.0838 2.41, 1.7047 0.0818 2.4135, 1.7353 0.0838 2.41, 1.7638 0.0897 2.3998, 1.7882 0.0989 2.3834, 1.807 0.111 2.3622, 1.8188 0.1251 2.3374, 1.8228 0.1402 2.3108, 1.8188 0.1553 2.2842, 1.807 0.1694 2.2595, 1.7882 0.1814 2.2382, 1.7638 0.1907 2.2219, 1.7353 0.1965 2.2116, 1.7047 0.1688 2.1886, 1.6742 0.1664 2.1918, 1.6457 0.1593 2.2012, 1.6212 0.148 2.2162, 1.6024 0.1333 2.2358, 1.5906 0.1161 2.2585, 1.5866 0.0977 2.2829, 1.5906 0.0793 2.3073, 1.6024 0.0622 2.3301, 1.6212 0.0474 2.3496, 1.6457 0.0362 2.3646, 1.6742 0.0291 2.374, 1.7047 0.0266 2.3773, 1.7353 0.0291 2.374, 1.7638 0.0362 2.3646, 1.7882 0.0474 2.3496, 1.807 0.0622 2.3301, 1.8188 0.0793 2.3073, 1.8228 0.0977 2.2829, 1.8188 0.1161 2.2585, 1.807 0.1333 2.2358, 1.7882 0.148 2.2162, 1.7638 0.1593 2.2012, 1.7353 0.1664 2.1918, 1.7047 -1.7603 0.7349, 1.7353 -1.7628 0.7381, 1.7638 -1.7699 0.7475, 1.7882 -1.7812 0.7625, 1.807 -1.7959 0.7821, 1.8188 -1.813 0.8048, 1.8228 -1.8314 0.8292, 1.8188 -1.8498 0.8536, 1.807 -1.867 0.8764, 1.7882 -1.8817 0.8959, 1.7638 -1.893 0.9109, 1.7353 -1.9001 0.9203, 1.7047 -1.9025 0.9235, 1.6742 -1.9001 0.9203, 1.6457 -1.893 0.9109, 1.6212 -1.8817 0.8959, 1.6024 -1.867 0.8764, 1.5906 -1.8498 0.8536, 1.5866 -1.8314 0.8292, 1.5906 -1.813 0.8048, 1.6024 -1.7959 0.7821, 1.6212 -1.7812 0.7625, 1.6457 -1.7699 0.7475, 1.6742 -1.7628 0.7381, 1.7047 -1.7879 0.7111, 1.6742 -1.7907 0.714, 1.6457 -1.799 0.7224, 1.6212 -1.8122 0.7358, 1.6024 -1.8293 0.7532, 1.5906 -1.8493 0.7735, 1.5866 -1.8708 0.7953, 1.5906 -1.8922 0.817, 1.6024 -1.9122 0.8373, 1.6212 -1.9294 0.8548, 1.6457 -1.9426 0.8681, 1.6742 -1.9509 0.8765, 1.7047 -1.9537 0.8794, 1.7353 -1.9509 0.8765, 1.7638 -1.9426 0.8681, 1.7882 -1.9294 0.8548, 1.807 -1.9122 0.8373, 1.8188 -1.8922 0.817, 1.8228 -1.8708 0.7953, 1.8188 -1.8493 0.7735, 1.807 -1.8293 0.7532, 1.7882 -1.8122 0.7358, 1.7638 -1.799 0.7224, 1.7353 -1.7907 0.714, 1.7047 -1.8121 0.6839, 1.6742 -1.8153 0.6864, 1.6457 -1.8246 0.6936, 1.6212 -1.8394 0.7052, 1.6024 -1.8587 0.7202, 1.5906 -1.8812 0.7376, 1.5866 -1.9053 0.7564, 1.5906 -1.9295 0.7752, 1.6024 -1.952 0.7927, 1.6212 -1.9713 0.8077, 1.6457 -1.9861 0.8192, 1.6742 -1.9954 0.8264, 1.7047 -1.9986 0.8289, 1.7353 -1.9954 0.8264, 1.7638 -1.9861 0.8192, 1.7882 -1.9713 0.8077, 1.807 -1.952 0.7927, 1.8188 -1.9295 0.7752, 1.8228 -1.9053 0.7564, 1.8188 -1.8812 0.7376, 1.807 -1.8587 0.7202, 1.7882 -1.8394 0.7052, 1.7638 -1.8246 0.6936, 1.7353 -1.8153 0.6864, 1.7047 -1.8325 0.6538, 1.6742 -1.8359 0.6558, 1.6457 -1.8461 0.6618, 1.6212 -1.8623 0.6712, 1.6024 -1.8835 0.6836, 1.5906 -1.9081 0.6979, 1.5866 -1.9345 0.7133, 1.5906 -1.9609 0.7288, 1.6024 -1.9855 0.7431, 1.6212 -2.0066 0.7555, 1.6457 -2.0228 0.7649, 1.6742 -2.033 0.7709, 1.7047 -2.0364 0.7729, 1.7353 -2.033 0.7709, 1.7638 -2.0228 0.7649, 1.7882 -2.0066 0.7555, 1.807 -1.9855 0.7431, 1.8188 -1.9609 0.7288, 1.8228 -1.9345 0.7133, 1.8188 -1.9081 0.6979, 1.807 -1.8835 0.6836, 1.7882 -1.8623 0.6712, 1.7638 -1.8461 0.6618, 1.7353 -1.8359 0.6558, 1.7047 -1.8487 0.6212, 1.6742 -1.8524 0.6228, 1.6457 -1.8633 0.6273, 1.6212 -1.8806 0.6346, 1.6024 -1.9032 0.644, 1.5906 -1.9295 0.655, 1.5866 -1.9577 0.6668, 1.5906 -1.9859 0.6786, 1.6024 -2.0121 0.6896, 1.6212 -2.0347 0.6991, 1.6457 -2.052 0.7063, 1.6742 -2.0629 0.7109, 1.7047 -2.0666 0.7124, 1.7353 -2.0629 0.7109, 1.7638 -2.052 0.7063, 1.7882 -2.0347 0.6991, 1.807 -2.0121 0.6896, 1.8188 -1.9859 0.6786, 1.8228 -1.9577 0.6668, 1.8188 -1.9295 0.655, 1.807 -1.9032 0.644, 1.7882 -1.8806 0.6346, 1.7638 -1.8633 0.6273, 1.7353 -1.8524 0.6228, 1.7047 -1.8605 0.5868, 1.6742 -1.8644 0.5878, 1.6457 -1.8758 0.5909, 1.6212 -1.8939 0.5958, 1.6024 -1.9175 0.6022, 1.5906 -1.945 0.6097, 1.5866 -1.9745 0.6176, 1.5906 -2.004 0.6256, 1.6024 -2.0315 0.6331, 1.6212 -2.0551 0.6395, 1.6457 -2.0733 0.6444, 1.6742 -2.0846 0.6474, 1.7047 -2.0885 0.6485, 1.7353 -2.0846 0.6474, 1.7638 -2.0733 0.6444, 1.7882 -2.0551 0.6395, 1.807 -2.0315 0.6331, 1.8188 -2.004 0.6256, 1.8228 -1.9745 0.6176, 1.8188 -1.945 0.6097, 1.807 -1.9175 0.6022, 1.7882 -1.8939 0.5958, 1.7638 -1.8758 0.5909, 1.7353 -1.8644 0.5878, 1.7047 -1.8677 0.5511, 1.6742 -1.8717 0.5516, 1.6457 -1.8834 0.5532, 1.6212 -1.902 0.5557, 1.6024 -1.9262 0.5589, 1.5906 -1.9545 0.5626, 1.5866 -1.9848 0.5667, 1.5906 -2.0151 0.5707, 1.6024 -2.0433 0.5745, 1.6212 -2.0675 0.5777, 1.6457 -2.0862 0.5801, 1.6742 -2.0978 0.5817, 1.7047 -2.1018 0.5822, 1.7353 -2.0978 0.5817, 1.7638 -2.0862 0.5801, 1.7882 -2.0675 0.5777, 1.807 -2.0433 0.5745, 1.8188 -2.0151 0.5707, 1.8228 -1.9848 0.5667, 1.8188 -1.9545 0.5626, 1.807 -1.9262 0.5589, 1.7882 -1.902 0.5557, 1.7638 -1.8834 0.5532, 1.7353 -1.8717 0.5516, 1.7047 -1.8701 0.5148, 1.6742 -1.8741 0.5148, 1.6457 -1.8859 0.5148, 1.6212 -1.9047 0.5148, 1.6024 -1.9291 0.5148, 1.5906 -1.9576 0.5148, 1.5866 -1.9882 0.5148, 1.5906 -2.0188 0.5148, 1.6024 -2.0472 0.5148, 1.6212 -2.0717 0.5148, 1.6457 -2.0905 0.5148, 1.6742 -2.1023 0.5148, 1.7047 -2.1063 0.5148, 1.7353 -2.1023 0.5148, 1.7638 -2.0905 0.5148, 1.7882 -2.0717 0.5148, 1.807 -2.0472 0.5148, 1.8188 -2.0188 0.5148, 1.8228 -1.9882 0.5148, 1.8188 -1.9576 0.5148, 1.807 -1.9291 0.5148, 1.7882 -1.9047 0.5148, 1.7638 -1.8859 0.5148, 1.7353 -1.8741 0.5148, 4.3976 0.0551 0.0787, 4.3984 0.0414 0.0787, 4.5157 0.0551 0.0787, 4.4171 0.12 0.0787, 4.4048 0.0955 0.0787, 4.3984 0.0688 0.0787, 4.4819 0.1683 0.0787, 4.4567 0.1574 0.0787, 4.4347 0.141 0.0787, 4.5625 0.1636 0.0787, 4.5363 0.1714 0.0787, 4.5089 0.173 0.0787, 4.6213 0.1081 0.0787, 4.6062 0.131 0.0787, 4.5863 0.1499 0.0787, 4.6307 0.0279 0.0787, 4.6339 0.0551 0.0787, 4.6307 0.0824 0.0787, 4.5863 -0.0396 0.0787, 4.6062 -0.0208 0.0787, 4.6213 0.0021 0.0787, 4.5089 -0.0628 0.0787, 4.5363 -0.0612 0.0787, 4.5625 -0.0533 0.0787, 4.4347 -0.0308 0.0787, 4.4567 -0.0472 0.0787, 4.4819 -0.058 0.0787, 4.4048 0.0147 0.0787, 4.4171 -0.0098 0.0787, 4.3984 0.0688 -1.1024, 4.4048 0.0955 -1.1024, 4.4171 0.12 -1.1024, 4.4347 0.141 -1.1024, 4.4567 0.1574 -1.1024, 4.4819 0.1683 -1.1024, 4.5089 0.173 -1.1024, 4.5363 0.1714 -1.1024, 4.5625 0.1636 -1.1024, 4.5863 0.1499 -1.1024, 4.6062 0.131 -1.1024, 4.6213 0.1081 -1.1024, 4.6307 0.0824 -1.1024, 4.6339 0.0551 -1.1024, 4.6307 0.0279 -1.1024, 4.6213 0.0021 -1.1024, 4.6062 -0.0208 -1.1024, 4.5863 -0.0396 -1.1024, 4.5625 -0.0533 -1.1024, 4.5363 -0.0612 -1.1024, 4.5089 -0.0628 -1.1024, 4.4819 -0.058 -1.1024, 4.4567 -0.0472 -1.1024, 4.4347 -0.0308 -1.1024, 4.4171 -0.0098 -1.1024, 4.4048 0.0147 -1.1024, 4.3984 0.0414 -1.1024, 4.5509 0.0728 -1.1811, 4.5541 0.0642 -1.1811, 4.5157 0.0551 -1.1811, 4.5551 0.0551 -1.1811, 4.5541 0.046 -1.1811, 4.5313 0.0913 -1.1811, 4.5393 0.0867 -1.1811, 4.5459 0.0804 -1.1811, 4.5045 0.0928 -1.1811, 4.5135 0.0944 -1.1811, 4.5226 0.0939 -1.1811, 4.4829 0.0768 -1.1811, 4.4887 0.0838 -1.1811, 4.4961 0.0892 -1.1811, 4.4766 0.0505 -1.1811, 4.4766 0.0597 -1.1811, 4.4788 0.0686 -1.1811, 4.4887 0.0265 -1.1811, 4.4829 0.0335 -1.1811, 4.4788 0.0417 -1.1811, 4.5135 0.0158 -1.1811, 4.5045 0.0174 -1.1811, 4.4961 0.021 -1.1811, 4.5393 0.0235 -1.1811, 4.5313 0.019 -1.1811, 4.5226 0.0163 -1.1811, 4.5509 0.0374 -1.1811, 4.5459 0.0298 -1.1811, 3.9961 0.7559 0.0787, 3.9969 0.7422 0.0787, 4.1142 0.7559 0.0787, 4.0155 0.8208 0.0787, 4.0032 0.7963 0.0787, 3.9969 0.7696 0.0787, 4.0803 0.8691 0.0787, 4.0551 0.8582 0.0787, 4.0331 0.8418 0.0787, 4.161 0.8644 0.0787, 4.1347 0.8722 0.0787, 4.1073 0.8738 0.0787, 4.2197 0.8089 0.0787, 4.2047 0.8318 0.0787, 4.1847 0.8506 0.0787, 4.2291 0.7287 0.0787, 4.2323 0.7559 0.0787, 4.2291 0.7831 0.0787, 4.1847 0.6612 0.0787, 4.2047 0.68 0.0787, 4.2197 0.7029 0.0787, 4.1073 0.638 0.0787, 4.1347 0.6396 0.0787, 4.161 0.6475 0.0787, 4.0331 0.67 0.0787, 4.0551 0.6536 0.0787, 4.0803 0.6428 0.0787, 4.0032 0.7155 0.0787, 4.0155 0.691 0.0787, 3.9969 0.7696 -1.1024, 4.0032 0.7963 -1.1024, 4.0155 0.8208 -1.1024, 4.0331 0.8418 -1.1024, 4.0551 0.8582 -1.1024, 4.0803 0.8691 -1.1024, 4.1073 0.8738 -1.1024, 4.1347 0.8722 -1.1024, 4.161 0.8644 -1.1024, 4.1847 0.8506 -1.1024, 4.2047 0.8318 -1.1024, 4.2197 0.8089 -1.1024, 4.2291 0.7831 -1.1024, 4.2323 0.7559 -1.1024, 4.2291 0.7287 -1.1024, 4.2197 0.7029 -1.1024, 4.2047 0.68 -1.1024, 4.1847 0.6612 -1.1024, 4.161 0.6475 -1.1024, 4.1347 0.6396 -1.1024, 4.1073 0.638 -1.1024, 4.0803 0.6428 -1.1024, 4.0551 0.6536 -1.1024, 4.0331 0.67 -1.1024, 4.0155 0.691 -1.1024, 4.0032 0.7155 -1.1024, 3.9969 0.7422 -1.1024, 4.1494 0.7736 -1.1811, 4.1525 0.765 -1.1811, 4.1142 0.7559 -1.1811, 4.1535 0.7559 -1.1811, 4.1525 0.7468 -1.1811, 4.1298 0.7921 -1.1811, 4.1377 0.7875 -1.1811, 4.1443 0.7812 -1.1811, 4.1029 0.7936 -1.1811, 4.1119 0.7952 -1.1811, 4.121 0.7947 -1.1811, 4.0813 0.7775 -1.1811, 4.0872 0.7845 -1.1811, 4.0945 0.79 -1.1811, 4.0751 0.7513 -1.1811, 4.0751 0.7605 -1.1811, 4.0772 0.7694 -1.1811, 4.0872 0.7273 -1.1811, 4.0813 0.7343 -1.1811, 4.0772 0.7424 -1.1811, 4.1119 0.7166 -1.1811, 4.1029 0.7182 -1.1811, 4.0945 0.7218 -1.1811, 4.1377 0.7243 -1.1811, 4.1298 0.7198 -1.1811, 4.121 0.7171 -1.1811, 4.1494 0.7382 -1.1811, 4.1443 0.7306 -1.1811, 3.1929 0.7559 0.0787, 3.1937 0.7422 0.0787, 3.311 0.7559 0.0787, 3.2123 0.8208 0.0787, 3.2 0.7963 0.0787, 3.1937 0.7696 0.0787, 3.2771 0.8691 0.0787, 3.252 0.8582 0.0787, 3.23 0.8418 0.0787, 3.3578 0.8644 0.0787, 3.3315 0.8722 0.0787, 3.3042 0.8738 0.0787, 3.4166 0.8089 0.0787, 3.4015 0.8318 0.0787, 3.3816 0.8506 0.0787, 3.4259 0.7287 0.0787, 3.4291 0.7559 0.0787, 3.4259 0.7831 0.0787, 3.3816 0.6612 0.0787, 3.4015 0.68 0.0787, 3.4166 0.7029 0.0787, 3.3042 0.638 0.0787, 3.3315 0.6396 0.0787, 3.3578 0.6475 0.0787, 3.23 0.67 0.0787, 3.252 0.6536 0.0787, 3.2771 0.6428 0.0787, 3.2 0.7155 0.0787, 3.2123 0.691 0.0787, 3.1937 0.7696 -1.1024, 3.2 0.7963 -1.1024, 3.2123 0.8208 -1.1024, 3.23 0.8418 -1.1024, 3.252 0.8582 -1.1024, 3.2771 0.8691 -1.1024, 3.3042 0.8738 -1.1024, 3.3315 0.8722 -1.1024, 3.3578 0.8644 -1.1024, 3.3816 0.8506 -1.1024, 3.4015 0.8318 -1.1024, 3.4166 0.8089 -1.1024, 3.4259 0.7831 -1.1024, 3.4291 0.7559 -1.1024, 3.4259 0.7287 -1.1024, 3.4166 0.7029 -1.1024, 3.4015 0.68 -1.1024, 3.3816 0.6612 -1.1024, 3.3578 0.6475 -1.1024, 3.3315 0.6396 -1.1024, 3.3042 0.638 -1.1024, 3.2771 0.6428 -1.1024, 3.252 0.6536 -1.1024, 3.23 0.67 -1.1024, 3.2123 0.691 -1.1024, 3.2 0.7155 -1.1024, 3.1937 0.7422 -1.1024, 3.3462 0.7736 -1.1811, 3.3493 0.765 -1.1811, 3.311 0.7559 -1.1811, 3.3504 0.7559 -1.1811, 3.3493 0.7468 -1.1811, 3.3266 0.7921 -1.1811, 3.3345 0.7875 -1.1811, 3.3412 0.7812 -1.1811, 3.2997 0.7936 -1.1811, 3.3087 0.7952 -1.1811, 3.3179 0.7947 -1.1811, 3.2781 0.7775 -1.1811, 3.284 0.7845 -1.1811, 3.2913 0.79 -1.1811, 3.2719 0.7513 -1.1811, 3.2719 0.7605 -1.1811, 3.274 0.7694 -1.1811, 3.284 0.7273 -1.1811, 3.2781 0.7343 -1.1811, 3.274 0.7424 -1.1811, 3.3087 0.7166 -1.1811, 3.2997 0.7182 -1.1811, 3.2913 0.7218 -1.1811, 3.3345 0.7243 -1.1811, 3.3266 0.7198 -1.1811, 3.3179 0.7171 -1.1811, 3.3462 0.7382 -1.1811, 3.3412 0.7306 -1.1811, 2.3898 0.7559 0.0787, 2.3906 0.7422 0.0787, 2.5079 0.7559 0.0787, 2.4092 0.8208 0.0787, 2.3969 0.7963 0.0787, 2.3906 0.7696 0.0787, 2.474 0.8691 0.0787, 2.4488 0.8582 0.0787, 2.4268 0.8418 0.0787, 2.5547 0.8644 0.0787, 2.5284 0.8722 0.0787, 2.501 0.8738 0.0787, 2.6134 0.8089 0.0787, 2.5984 0.8318 0.0787, 2.5784 0.8506 0.0787, 2.6228 0.7287 0.0787, 2.626 0.7559 0.0787, 2.6228 0.7831 0.0787, 2.5784 0.6612 0.0787, 2.5984 0.68 0.0787, 2.6134 0.7029 0.0787, 2.501 0.638 0.0787, 2.5284 0.6396 0.0787, 2.5547 0.6475 0.0787, 2.4268 0.67 0.0787, 2.4488 0.6536 0.0787, 2.474 0.6428 0.0787, 2.3969 0.7155 0.0787, 2.4092 0.691 0.0787, 2.3906 0.7696 -1.1024, 2.3969 0.7963 -1.1024, 2.4092 0.8208 -1.1024, 2.4268 0.8418 -1.1024, 2.4488 0.8582 -1.1024, 2.474 0.8691 -1.1024, 2.501 0.8738 -1.1024, 2.5284 0.8722 -1.1024, 2.5547 0.8644 -1.1024, 2.5784 0.8506 -1.1024, 2.5984 0.8318 -1.1024, 2.6134 0.8089 -1.1024, 2.6228 0.7831 -1.1024, 2.626 0.7559 -1.1024, 2.6228 0.7287 -1.1024, 2.6134 0.7029 -1.1024, 2.5984 0.68 -1.1024, 2.5784 0.6612 -1.1024, 2.5547 0.6475 -1.1024, 2.5284 0.6396 -1.1024, 2.501 0.638 -1.1024, 2.474 0.6428 -1.1024, 2.4488 0.6536 -1.1024, 2.4268 0.67 -1.1024, 2.4092 0.691 -1.1024, 2.3969 0.7155 -1.1024, 2.3906 0.7422 -1.1024, 2.5431 0.7736 -1.1811, 2.5462 0.765 -1.1811, 2.5079 0.7559 -1.1811, 2.5472 0.7559 -1.1811, 2.5462 0.7468 -1.1811, 2.5235 0.7921 -1.1811, 2.5314 0.7875 -1.1811, 2.538 0.7812 -1.1811, 2.4966 0.7936 -1.1811, 2.5056 0.7952 -1.1811, 2.5147 0.7947 -1.1811, 2.475 0.7775 -1.1811, 2.4809 0.7845 -1.1811, 2.4882 0.79 -1.1811, 2.4688 0.7513 -1.1811, 2.4688 0.7605 -1.1811, 2.4709 0.7694 -1.1811, 2.4809 0.7273 -1.1811, 2.475 0.7343 -1.1811, 2.4709 0.7424 -1.1811, 2.5056 0.7166 -1.1811, 2.4966 0.7182 -1.1811, 2.4882 0.7218 -1.1811, 2.5314 0.7243 -1.1811, 2.5235 0.7198 -1.1811, 2.5147 0.7171 -1.1811, 2.5431 0.7382 -1.1811, 2.538 0.7306 -1.1811, 1.5866 0.7559 0.0787, 1.5874 0.7422 0.0787, 1.7047 0.7559 0.0787, 1.606 0.8208 0.0787, 1.5937 0.7963 0.0787, 1.5874 0.7696 0.0787, 1.6709 0.8691 0.0787, 1.6457 0.8582 0.0787, 1.6237 0.8418 0.0787, 1.7515 0.8644 0.0787, 1.7252 0.8722 0.0787, 1.6979 0.8738 0.0787, 1.8103 0.8089 0.0787, 1.7952 0.8318 0.0787, 1.7753 0.8506 0.0787, 1.8197 0.7287 0.0787, 1.8228 0.7559 0.0787, 1.8197 0.7831 0.0787, 1.7753 0.6612 0.0787, 1.7952 0.68 0.0787, 1.8103 0.7029 0.0787, 1.6979 0.638 0.0787, 1.7252 0.6396 0.0787, 1.7515 0.6475 0.0787, 1.6237 0.67 0.0787, 1.6457 0.6536 0.0787, 1.6709 0.6428 0.0787, 1.5937 0.7155 0.0787, 1.606 0.691 0.0787, 1.5874 0.7696 -1.1024, 1.5937 0.7963 -1.1024, 1.606 0.8208 -1.1024, 1.6237 0.8418 -1.1024, 1.6457 0.8582 -1.1024, 1.6709 0.8691 -1.1024, 1.6979 0.8738 -1.1024, 1.7252 0.8722 -1.1024, 1.7515 0.8644 -1.1024, 1.7753 0.8506 -1.1024, 1.7952 0.8318 -1.1024, 1.8103 0.8089 -1.1024, 1.8197 0.7831 -1.1024, 1.8228 0.7559 -1.1024, 1.8197 0.7287 -1.1024, 1.8103 0.7029 -1.1024, 1.7952 0.68 -1.1024, 1.7753 0.6612 -1.1024, 1.7515 0.6475 -1.1024, 1.7252 0.6396 -1.1024, 1.6979 0.638 -1.1024, 1.6709 0.6428 -1.1024, 1.6457 0.6536 -1.1024, 1.6237 0.67 -1.1024, 1.606 0.691 -1.1024, 1.5937 0.7155 -1.1024, 1.5874 0.7422 -1.1024, 1.7399 0.7736 -1.1811, 1.743 0.765 -1.1811, 1.7047 0.7559 -1.1811, 1.7441 0.7559 -1.1811, 1.743 0.7468 -1.1811, 1.7203 0.7921 -1.1811, 1.7282 0.7875 -1.1811, 1.7349 0.7812 -1.1811, 1.6934 0.7936 -1.1811, 1.7024 0.7952 -1.1811, 1.7116 0.7947 -1.1811, 1.6718 0.7775 -1.1811, 1.6777 0.7845 -1.1811, 1.685 0.79 -1.1811, 1.6656 0.7513 -1.1811, 1.6656 0.7605 -1.1811, 1.6677 0.7694 -1.1811, 1.6777 0.7273 -1.1811, 1.6718 0.7343 -1.1811, 1.6677 0.7424 -1.1811, 1.7024 0.7166 -1.1811, 1.6934 0.7182 -1.1811, 1.685 0.7218 -1.1811, 1.7282 0.7243 -1.1811, 1.7203 0.7198 -1.1811, 1.7116 0.7171 -1.1811, 1.7399 0.7382 -1.1811, 1.7349 0.7306 -1.1811, 3.5945 0.0551 0.0787, 3.5953 0.0414 0.0787, 3.7126 0.0551 0.0787, 3.6139 0.12 0.0787, 3.6016 0.0955 0.0787, 3.5953 0.0688 0.0787, 3.6787 0.1683 0.0787, 3.6535 0.1574 0.0787, 3.6315 0.141 0.0787, 3.7594 0.1636 0.0787, 3.7331 0.1714 0.0787, 3.7057 0.173 0.0787, 3.8181 0.1081 0.0787, 3.8031 0.131 0.0787, 3.7831 0.1499 0.0787, 3.8275 0.0279 0.0787, 3.8307 0.0551 0.0787, 3.8275 0.0824 0.0787, 3.7831 -0.0396 0.0787, 3.8031 -0.0208 0.0787, 3.8181 0.0021 0.0787, 3.7057 -0.0628 0.0787, 3.7331 -0.0612 0.0787, 3.7594 -0.0533 0.0787, 3.6315 -0.0308 0.0787, 3.6535 -0.0472 0.0787, 3.6787 -0.058 0.0787, 3.6016 0.0147 0.0787, 3.6139 -0.0098 0.0787, 3.5953 0.0688 -1.1024, 3.6016 0.0955 -1.1024, 3.6139 0.12 -1.1024, 3.6315 0.141 -1.1024, 3.6535 0.1574 -1.1024, 3.6787 0.1683 -1.1024, 3.7057 0.173 -1.1024, 3.7331 0.1714 -1.1024, 3.7594 0.1636 -1.1024, 3.7831 0.1499 -1.1024, 3.8031 0.131 -1.1024, 3.8181 0.1081 -1.1024, 3.8275 0.0824 -1.1024, 3.8307 0.0551 -1.1024, 3.8275 0.0279 -1.1024, 3.8181 0.0021 -1.1024, 3.8031 -0.0208 -1.1024, 3.7831 -0.0396 -1.1024, 3.7594 -0.0533 -1.1024, 3.7331 -0.0612 -1.1024, 3.7057 -0.0628 -1.1024, 3.6787 -0.058 -1.1024, 3.6535 -0.0472 -1.1024, 3.6315 -0.0308 -1.1024, 3.6139 -0.0098 -1.1024, 3.6016 0.0147 -1.1024, 3.5953 0.0414 -1.1024, 3.7478 0.0728 -1.1811, 3.7509 0.0642 -1.1811, 3.7126 0.0551 -1.1811, 3.752 0.0551 -1.1811, 3.7509 0.046 -1.1811, 3.7282 0.0913 -1.1811, 3.7361 0.0867 -1.1811, 3.7428 0.0804 -1.1811, 3.7013 0.0928 -1.1811, 3.7103 0.0944 -1.1811, 3.7194 0.0939 -1.1811, 3.6797 0.0768 -1.1811, 3.6856 0.0838 -1.1811, 3.6929 0.0892 -1.1811, 3.6735 0.0505 -1.1811, 3.6735 0.0597 -1.1811, 3.6756 0.0686 -1.1811, 3.6856 0.0265 -1.1811, 3.6797 0.0335 -1.1811, 3.6756 0.0417 -1.1811, 3.7103 0.0158 -1.1811, 3.7013 0.0174 -1.1811, 3.6929 0.021 -1.1811, 3.7361 0.0235 -1.1811, 3.7282 0.019 -1.1811, 3.7194 0.0163 -1.1811, 3.7478 0.0374 -1.1811, 3.7428 0.0298 -1.1811, 2.7913 0.0551 0.0787, 2.7921 0.0414 0.0787, 2.9094 0.0551 0.0787, 2.8108 0.12 0.0787, 2.7985 0.0955 0.0787, 2.7921 0.0688 0.0787, 2.8756 0.1683 0.0787, 2.8504 0.1574 0.0787, 2.8284 0.141 0.0787, 2.9562 0.1636 0.0787, 2.93 0.1714 0.0787, 2.9026 0.173 0.0787, 3.015 0.1081 0.0787, 2.9999 0.131 0.0787, 2.98 0.1499 0.0787, 3.0244 0.0279 0.0787, 3.0276 0.0551 0.0787, 3.0244 0.0824 0.0787, 2.98 -0.0396 0.0787, 2.9999 -0.0208 0.0787, 3.015 0.0021 0.0787, 2.9026 -0.0628 0.0787, 2.93 -0.0612 0.0787, 2.9562 -0.0533 0.0787, 2.8284 -0.0308 0.0787, 2.8504 -0.0472 0.0787, 2.8756 -0.058 0.0787, 2.7985 0.0147 0.0787, 2.8108 -0.0098 0.0787, 2.7921 0.0688 -1.1024, 2.7985 0.0955 -1.1024, 2.8108 0.12 -1.1024, 2.8284 0.141 -1.1024, 2.8504 0.1574 -1.1024, 2.8756 0.1683 -1.1024, 2.9026 0.173 -1.1024, 2.93 0.1714 -1.1024, 2.9562 0.1636 -1.1024, 2.98 0.1499 -1.1024, 2.9999 0.131 -1.1024, 3.015 0.1081 -1.1024, 3.0244 0.0824 -1.1024, 3.0276 0.0551 -1.1024, 3.0244 0.0279 -1.1024, 3.015 0.0021 -1.1024, 2.9999 -0.0208 -1.1024, 2.98 -0.0396 -1.1024, 2.9562 -0.0533 -1.1024, 2.93 -0.0612 -1.1024, 2.9026 -0.0628 -1.1024, 2.8756 -0.058 -1.1024, 2.8504 -0.0472 -1.1024, 2.8284 -0.0308 -1.1024, 2.8108 -0.0098 -1.1024, 2.7985 0.0147 -1.1024, 2.7921 0.0414 -1.1024, 2.9446 0.0728 -1.1811, 2.9478 0.0642 -1.1811, 2.9094 0.0551 -1.1811, 2.9488 0.0551 -1.1811, 2.9478 0.046 -1.1811, 2.925 0.0913 -1.1811, 2.933 0.0867 -1.1811, 2.9396 0.0804 -1.1811, 2.8982 0.0928 -1.1811, 2.9072 0.0944 -1.1811, 2.9163 0.0939 -1.1811, 2.8766 0.0768 -1.1811, 2.8824 0.0838 -1.1811, 2.8898 0.0892 -1.1811, 2.8703 0.0505 -1.1811, 2.8703 0.0597 -1.1811, 2.8725 0.0686 -1.1811, 2.8824 0.0265 -1.1811, 2.8766 0.0335 -1.1811, 2.8725 0.0417 -1.1811, 2.9072 0.0158 -1.1811, 2.8982 0.0174 -1.1811, 2.8898 0.021 -1.1811, 2.933 0.0235 -1.1811, 2.925 0.019 -1.1811, 2.9163 0.0163 -1.1811, 2.9446 0.0374 -1.1811, 2.9396 0.0298 -1.1811, 1.9882 0.0551 0.0787, 1.989 0.0414 0.0787, 2.1063 0.0551 0.0787, 2.0076 0.12 0.0787, 1.9953 0.0955 0.0787, 1.989 0.0688 0.0787, 2.0724 0.1683 0.0787, 2.0472 0.1574 0.0787, 2.0252 0.141 0.0787, 2.1531 0.1636 0.0787, 2.1268 0.1714 0.0787, 2.0994 0.173 0.0787, 2.2118 0.1081 0.0787, 2.1968 0.131 0.0787, 2.1768 0.1499 0.0787, 2.2212 0.0279 0.0787, 2.2244 0.0551 0.0787, 2.2212 0.0824 0.0787, 2.1768 -0.0396 0.0787, 2.1968 -0.0208 0.0787, 2.2118 0.0021 0.0787, 2.0994 -0.0628 0.0787, 2.1268 -0.0612 0.0787, 2.1531 -0.0533 0.0787, 2.0252 -0.0308 0.0787, 2.0472 -0.0472 0.0787, 2.0724 -0.058 0.0787, 1.9953 0.0147 0.0787, 2.0076 -0.0098 0.0787, 1.989 0.0688 -1.1024, 1.9953 0.0955 -1.1024, 2.0076 0.12 -1.1024, 2.0252 0.141 -1.1024, 2.0472 0.1574 -1.1024, 2.0724 0.1683 -1.1024, 2.0994 0.173 -1.1024, 2.1268 0.1714 -1.1024, 2.1531 0.1636 -1.1024, 2.1768 0.1499 -1.1024, 2.1968 0.131 -1.1024, 2.2118 0.1081 -1.1024, 2.2212 0.0824 -1.1024, 2.2244 0.0551 -1.1024, 2.2212 0.0279 -1.1024, 2.2118 0.0021 -1.1024, 2.1968 -0.0208 -1.1024, 2.1768 -0.0396 -1.1024, 2.1531 -0.0533 -1.1024, 2.1268 -0.0612 -1.1024, 2.0994 -0.0628 -1.1024, 2.0724 -0.058 -1.1024, 2.0472 -0.0472 -1.1024, 2.0252 -0.0308 -1.1024, 2.0076 -0.0098 -1.1024, 1.9953 0.0147 -1.1024, 1.989 0.0414 -1.1024, 2.1415 0.0728 -1.1811, 2.1446 0.0642 -1.1811, 2.1063 0.0551 -1.1811, 2.1457 0.0551 -1.1811, 2.1446 0.046 -1.1811, 2.1219 0.0913 -1.1811, 2.1298 0.0867 -1.1811, 2.1365 0.0804 -1.1811, 2.095 0.0928 -1.1811, 2.104 0.0944 -1.1811, 2.1131 0.0939 -1.1811, 2.0734 0.0768 -1.1811, 2.0793 0.0838 -1.1811, 2.0866 0.0892 -1.1811, 2.0672 0.0505 -1.1811, 2.0672 0.0597 -1.1811, 2.0693 0.0686 -1.1811, 2.0793 0.0265 -1.1811, 2.0734 0.0335 -1.1811, 2.0693 0.0417 -1.1811, 2.104 0.0158 -1.1811, 2.095 0.0174 -1.1811, 2.0866 0.021 -1.1811, 2.1298 0.0235 -1.1811, 2.1219 0.019 -1.1811, 2.1131 0.0163 -1.1811, 2.1415 0.0374 -1.1811, 2.1365 0.0298 -1.1811, -4.2323 0.0551 0.0787, -4.2315 0.0414 0.0787, -4.1142 0.0551 0.0787, -4.2129 0.12 0.0787, -4.2252 0.0955 0.0787, -4.2315 0.0688 0.0787, -4.148 0.1683 0.0787, -4.1732 0.1574 0.0787, -4.1952 0.141 0.0787, -4.0674 0.1636 0.0787, -4.0937 0.1714 0.0787, -4.121 0.173 0.0787, -4.0086 0.1081 0.0787, -4.0237 0.131 0.0787, -4.0436 0.1499 0.0787, -3.9992 0.0279 0.0787, -3.9961 0.0551 0.0787, -3.9992 0.0824 0.0787, -4.0436 -0.0396 0.0787, -4.0237 -0.0208 0.0787, -4.0086 0.0021 0.0787, -4.121 -0.0628 0.0787, -4.0937 -0.0612 0.0787, -4.0674 -0.0533 0.0787, -4.1952 -0.0308 0.0787, -4.1732 -0.0472 0.0787, -4.148 -0.058 0.0787, -4.2252 0.0147 0.0787, -4.2129 -0.0098 0.0787, -4.2315 0.0688 -1.1024, -4.2252 0.0955 -1.1024, -4.2129 0.12 -1.1024, -4.1952 0.141 -1.1024, -4.1732 0.1574 -1.1024, -4.148 0.1683 -1.1024, -4.121 0.173 -1.1024, -4.0937 0.1714 -1.1024, -4.0674 0.1636 -1.1024, -4.0436 0.1499 -1.1024, -4.0237 0.131 -1.1024, -4.0086 0.1081 -1.1024, -3.9992 0.0824 -1.1024, -3.9961 0.0551 -1.1024, -3.9992 0.0279 -1.1024, -4.0086 0.0021 -1.1024, -4.0237 -0.0208 -1.1024, -4.0436 -0.0396 -1.1024, -4.0674 -0.0533 -1.1024, -4.0937 -0.0612 -1.1024, -4.121 -0.0628 -1.1024, -4.148 -0.058 -1.1024, -4.1732 -0.0472 -1.1024, -4.1952 -0.0308 -1.1024, -4.2129 -0.0098 -1.1024, -4.2252 0.0147 -1.1024, -4.2315 0.0414 -1.1024, -4.079 0.0728 -1.1811, -4.0759 0.0642 -1.1811, -4.1142 0.0551 -1.1811, -4.0748 0.0551 -1.1811, -4.0759 0.046 -1.1811, -4.0986 0.0913 -1.1811, -4.0907 0.0867 -1.1811, -4.084 0.0804 -1.1811, -4.1255 0.0928 -1.1811, -4.1165 0.0944 -1.1811, -4.1073 0.0939 -1.1811, -4.1471 0.0768 -1.1811, -4.1412 0.0838 -1.1811, -4.1339 0.0892 -1.1811, -4.1533 0.0505 -1.1811, -4.1533 0.0597 -1.1811, -4.1512 0.0686 -1.1811, -4.1412 0.0265 -1.1811, -4.1471 0.0335 -1.1811, -4.1512 0.0417 -1.1811, -4.1165 0.0158 -1.1811, -4.1255 0.0174 -1.1811, -4.1339 0.021 -1.1811, -4.0907 0.0235 -1.1811, -4.0986 0.019 -1.1811, -4.1073 0.0163 -1.1811, -4.079 0.0374 -1.1811, -4.084 0.0298 -1.1811, -4.6339 0.7559 0.0787, -4.6331 0.7422 0.0787, -4.5157 0.7559 0.0787, -4.6144 0.8208 0.0787, -4.6267 0.7963 0.0787, -4.6331 0.7696 0.0787, -4.5496 0.8691 0.0787, -4.5748 0.8582 0.0787, -4.5968 0.8418 0.0787, -4.469 0.8644 0.0787, -4.4952 0.8722 0.0787, -4.5226 0.8738 0.0787, -4.4102 0.8089 0.0787, -4.4253 0.8318 0.0787, -4.4452 0.8506 0.0787, -4.4008 0.7287 0.0787, -4.3976 0.7559 0.0787, -4.4008 0.7831 0.0787, -4.4452 0.6612 0.0787, -4.4253 0.68 0.0787, -4.4102 0.7029 0.0787, -4.5226 0.638 0.0787, -4.4952 0.6396 0.0787, -4.469 0.6475 0.0787, -4.5968 0.67 0.0787, -4.5748 0.6536 0.0787, -4.5496 0.6428 0.0787, -4.6267 0.7155 0.0787, -4.6144 0.691 0.0787, -4.6331 0.7696 -1.1024, -4.6267 0.7963 -1.1024, -4.6144 0.8208 -1.1024, -4.5968 0.8418 -1.1024, -4.5748 0.8582 -1.1024, -4.5496 0.8691 -1.1024, -4.5226 0.8738 -1.1024, -4.4952 0.8722 -1.1024, -4.469 0.8644 -1.1024, -4.4452 0.8506 -1.1024, -4.4253 0.8318 -1.1024, -4.4102 0.8089 -1.1024, -4.4008 0.7831 -1.1024, -4.3976 0.7559 -1.1024, -4.4008 0.7287 -1.1024, -4.4102 0.7029 -1.1024, -4.4253 0.68 -1.1024, -4.4452 0.6612 -1.1024, -4.469 0.6475 -1.1024, -4.4952 0.6396 -1.1024, -4.5226 0.638 -1.1024, -4.5496 0.6428 -1.1024, -4.5748 0.6536 -1.1024, -4.5968 0.67 -1.1024, -4.6144 0.691 -1.1024, -4.6267 0.7155 -1.1024, -4.6331 0.7422 -1.1024, -4.4806 0.7736 -1.1811, -4.4774 0.765 -1.1811, -4.5157 0.7559 -1.1811, -4.4764 0.7559 -1.1811, -4.4774 0.7468 -1.1811, -4.5002 0.7921 -1.1811, -4.4922 0.7875 -1.1811, -4.4856 0.7812 -1.1811, -4.527 0.7936 -1.1811, -4.518 0.7952 -1.1811, -4.5089 0.7947 -1.1811, -4.5486 0.7775 -1.1811, -4.5428 0.7845 -1.1811, -4.5354 0.79 -1.1811, -4.5549 0.7513 -1.1811, -4.5549 0.7605 -1.1811, -4.5527 0.7694 -1.1811, -4.5428 0.7273 -1.1811, -4.5486 0.7343 -1.1811, -4.5527 0.7424 -1.1811, -4.518 0.7166 -1.1811, -4.527 0.7182 -1.1811, -4.5354 0.7218 -1.1811, -4.4922 0.7243 -1.1811, -4.5002 0.7198 -1.1811, -4.5089 0.7171 -1.1811, -4.4806 0.7382 -1.1811, -4.4856 0.7306 -1.1811, -3.8307 0.7559 0.0787, -3.8299 0.7422 0.0787, -3.7126 0.7559 0.0787, -3.8113 0.8208 0.0787, -3.8236 0.7963 0.0787, -3.8299 0.7696 0.0787, -3.7465 0.8691 0.0787, -3.7717 0.8582 0.0787, -3.7937 0.8418 0.0787, -3.6658 0.8644 0.0787, -3.6921 0.8722 0.0787, -3.7195 0.8738 0.0787, -3.6071 0.8089 0.0787, -3.6221 0.8318 0.0787, -3.6421 0.8506 0.0787, -3.5977 0.7287 0.0787, -3.5945 0.7559 0.0787, -3.5977 0.7831 0.0787, -3.6421 0.6612 0.0787, -3.6221 0.68 0.0787, -3.6071 0.7029 0.0787, -3.7195 0.638 0.0787, -3.6921 0.6396 0.0787, -3.6658 0.6475 0.0787, -3.7937 0.67 0.0787, -3.7717 0.6536 0.0787, -3.7465 0.6428 0.0787, -3.8236 0.7155 0.0787, -3.8113 0.691 0.0787, -3.8299 0.7696 -1.1024, -3.8236 0.7963 -1.1024, -3.8113 0.8208 -1.1024, -3.7937 0.8418 -1.1024, -3.7717 0.8582 -1.1024, -3.7465 0.8691 -1.1024, -3.7195 0.8738 -1.1024, -3.6921 0.8722 -1.1024, -3.6658 0.8644 -1.1024, -3.6421 0.8506 -1.1024, -3.6221 0.8318 -1.1024, -3.6071 0.8089 -1.1024, -3.5977 0.7831 -1.1024, -3.5945 0.7559 -1.1024, -3.5977 0.7287 -1.1024, -3.6071 0.7029 -1.1024, -3.6221 0.68 -1.1024, -3.6421 0.6612 -1.1024, -3.6658 0.6475 -1.1024, -3.6921 0.6396 -1.1024, -3.7195 0.638 -1.1024, -3.7465 0.6428 -1.1024, -3.7717 0.6536 -1.1024, -3.7937 0.67 -1.1024, -3.8113 0.691 -1.1024, -3.8236 0.7155 -1.1024, -3.8299 0.7422 -1.1024, -3.6774 0.7736 -1.1811, -3.6743 0.765 -1.1811, -3.7126 0.7559 -1.1811, -3.6732 0.7559 -1.1811, -3.6743 0.7468 -1.1811, -3.697 0.7921 -1.1811, -3.6891 0.7875 -1.1811, -3.6824 0.7812 -1.1811, -3.7239 0.7936 -1.1811, -3.7149 0.7952 -1.1811, -3.7058 0.7947 -1.1811, -3.7455 0.7775 -1.1811, -3.7396 0.7845 -1.1811, -3.7323 0.79 -1.1811, -3.7517 0.7513 -1.1811, -3.7517 0.7605 -1.1811, -3.7496 0.7694 -1.1811, -3.7396 0.7273 -1.1811, -3.7455 0.7343 -1.1811, -3.7496 0.7424 -1.1811, -3.7149 0.7166 -1.1811, -3.7239 0.7182 -1.1811, -3.7323 0.7218 -1.1811, -3.6891 0.7243 -1.1811, -3.697 0.7198 -1.1811, -3.7058 0.7171 -1.1811, -3.6774 0.7382 -1.1811, -3.6824 0.7306 -1.1811, -3.4291 0.0551 0.0787, -3.4283 0.0414 0.0787, -3.311 0.0551 0.0787, -3.4097 0.12 0.0787, -3.422 0.0955 0.0787, -3.4283 0.0688 0.0787, -3.3449 0.1683 0.0787, -3.3701 0.1574 0.0787, -3.3921 0.141 0.0787, -3.2642 0.1636 0.0787, -3.2905 0.1714 0.0787, -3.3179 0.173 0.0787, -3.2055 0.1081 0.0787, -3.2205 0.131 0.0787, -3.2405 0.1499 0.0787, -3.1961 0.0279 0.0787, -3.1929 0.0551 0.0787, -3.1961 0.0824 0.0787, -3.2405 -0.0396 0.0787, -3.2205 -0.0208 0.0787, -3.2055 0.0021 0.0787, -3.3179 -0.0628 0.0787, -3.2905 -0.0612 0.0787, -3.2642 -0.0533 0.0787, -3.3921 -0.0308 0.0787, -3.3701 -0.0472 0.0787, -3.3449 -0.058 0.0787, -3.422 0.0147 0.0787, -3.4097 -0.0098 0.0787, -3.4283 0.0688 -1.1024, -3.422 0.0955 -1.1024, -3.4097 0.12 -1.1024, -3.3921 0.141 -1.1024, -3.3701 0.1574 -1.1024, -3.3449 0.1683 -1.1024, -3.3179 0.173 -1.1024, -3.2905 0.1714 -1.1024, -3.2642 0.1636 -1.1024, -3.2405 0.1499 -1.1024, -3.2205 0.131 -1.1024, -3.2055 0.1081 -1.1024, -3.1961 0.0824 -1.1024, -3.1929 0.0551 -1.1024, -3.1961 0.0279 -1.1024, -3.2055 0.0021 -1.1024, -3.2205 -0.0208 -1.1024, -3.2405 -0.0396 -1.1024, -3.2642 -0.0533 -1.1024, -3.2905 -0.0612 -1.1024, -3.3179 -0.0628 -1.1024, -3.3449 -0.058 -1.1024, -3.3701 -0.0472 -1.1024, -3.3921 -0.0308 -1.1024, -3.4097 -0.0098 -1.1024, -3.422 0.0147 -1.1024, -3.4283 0.0414 -1.1024, -3.2758 0.0728 -1.1811, -3.2727 0.0642 -1.1811, -3.311 0.0551 -1.1811, -3.2717 0.0551 -1.1811, -3.2727 0.046 -1.1811, -3.2954 0.0913 -1.1811, -3.2875 0.0867 -1.1811, -3.2809 0.0804 -1.1811, -3.3223 0.0928 -1.1811, -3.3133 0.0944 -1.1811, -3.3042 0.0939 -1.1811, -3.3439 0.0768 -1.1811, -3.338 0.0838 -1.1811, -3.3307 0.0892 -1.1811, -3.3501 0.0505 -1.1811, -3.3501 0.0597 -1.1811, -3.348 0.0686 -1.1811, -3.338 0.0265 -1.1811, -3.3439 0.0335 -1.1811, -3.348 0.0417 -1.1811, -3.3133 0.0158 -1.1811, -3.3223 0.0174 -1.1811, -3.3307 0.021 -1.1811, -3.2875 0.0235 -1.1811, -3.2954 0.019 -1.1811, -3.3042 0.0163 -1.1811, -3.2758 0.0374 -1.1811, -3.2809 0.0298 -1.1811, -2.626 0.0551 0.0787, -2.6252 0.0414 0.0787, -2.5079 0.0551 0.0787, -2.6066 0.12 0.0787, -2.6189 0.0955 0.0787, -2.6252 0.0688 0.0787, -2.5417 0.1683 0.0787, -2.5669 0.1574 0.0787, -2.5889 0.141 0.0787, -2.4611 0.1636 0.0787, -2.4874 0.1714 0.0787, -2.5147 0.173 0.0787, -2.4023 0.1081 0.0787, -2.4174 0.131 0.0787, -2.4373 0.1499 0.0787, -2.3929 0.0279 0.0787, -2.3898 0.0551 0.0787, -2.3929 0.0824 0.0787, -2.4373 -0.0396 0.0787, -2.4174 -0.0208 0.0787, -2.4023 0.0021 0.0787, -2.5147 -0.0628 0.0787, -2.4874 -0.0612 0.0787, -2.4611 -0.0533 0.0787, -2.5889 -0.0308 0.0787, -2.5669 -0.0472 0.0787, -2.5417 -0.058 0.0787, -2.6189 0.0147 0.0787, -2.6066 -0.0098 0.0787, -2.6252 0.0688 -1.1024, -2.6189 0.0955 -1.1024, -2.6066 0.12 -1.1024, -2.5889 0.141 -1.1024, -2.5669 0.1574 -1.1024, -2.5417 0.1683 -1.1024, -2.5147 0.173 -1.1024, -2.4874 0.1714 -1.1024, -2.4611 0.1636 -1.1024, -2.4373 0.1499 -1.1024, -2.4174 0.131 -1.1024, -2.4023 0.1081 -1.1024, -2.3929 0.0824 -1.1024, -2.3898 0.0551 -1.1024, -2.3929 0.0279 -1.1024, -2.4023 0.0021 -1.1024, -2.4174 -0.0208 -1.1024, -2.4373 -0.0396 -1.1024, -2.4611 -0.0533 -1.1024, -2.4874 -0.0612 -1.1024, -2.5147 -0.0628 -1.1024, -2.5417 -0.058 -1.1024, -2.5669 -0.0472 -1.1024, -2.5889 -0.0308 -1.1024, -2.6066 -0.0098 -1.1024, -2.6189 0.0147 -1.1024, -2.6252 0.0414 -1.1024, -2.4727 0.0728 -1.1811, -2.4696 0.0642 -1.1811, -2.5079 0.0551 -1.1811, -2.4685 0.0551 -1.1811, -2.4696 0.046 -1.1811, -2.4923 0.0913 -1.1811, -2.4844 0.0867 -1.1811, -2.4777 0.0804 -1.1811, -2.5192 0.0928 -1.1811, -2.5102 0.0944 -1.1811, -2.501 0.0939 -1.1811, -2.5408 0.0768 -1.1811, -2.5349 0.0838 -1.1811, -2.5276 0.0892 -1.1811, -2.547 0.0505 -1.1811, -2.547 0.0597 -1.1811, -2.5449 0.0686 -1.1811, -2.5349 0.0265 -1.1811, -2.5408 0.0335 -1.1811, -2.5449 0.0417 -1.1811, -2.5102 0.0158 -1.1811, -2.5192 0.0174 -1.1811, -2.5276 0.021 -1.1811, -2.4844 0.0235 -1.1811, -2.4923 0.019 -1.1811, -2.501 0.0163 -1.1811, -2.4727 0.0374 -1.1811, -2.4777 0.0298 -1.1811, -3.0276 0.7559 0.0787, -3.0268 0.7422 0.0787, -2.9094 0.7559 0.0787, -3.0081 0.8208 0.0787, -3.0204 0.7963 0.0787, -3.0268 0.7696 0.0787, -2.9433 0.8691 0.0787, -2.9685 0.8582 0.0787, -2.9905 0.8418 0.0787, -2.8627 0.8644 0.0787, -2.8889 0.8722 0.0787, -2.9163 0.8738 0.0787, -2.8039 0.8089 0.0787, -2.819 0.8318 0.0787, -2.8389 0.8506 0.0787, -2.7945 0.7287 0.0787, -2.7913 0.7559 0.0787, -2.7945 0.7831 0.0787, -2.8389 0.6612 0.0787, -2.819 0.68 0.0787, -2.8039 0.7029 0.0787, -2.9163 0.638 0.0787, -2.8889 0.6396 0.0787, -2.8627 0.6475 0.0787, -2.9905 0.67 0.0787, -2.9685 0.6536 0.0787, -2.9433 0.6428 0.0787, -3.0204 0.7155 0.0787, -3.0081 0.691 0.0787, -3.0268 0.7696 -1.1024, -3.0204 0.7963 -1.1024, -3.0081 0.8208 -1.1024, -2.9905 0.8418 -1.1024, -2.9685 0.8582 -1.1024, -2.9433 0.8691 -1.1024, -2.9163 0.8738 -1.1024, -2.8889 0.8722 -1.1024, -2.8627 0.8644 -1.1024, -2.8389 0.8506 -1.1024, -2.819 0.8318 -1.1024, -2.8039 0.8089 -1.1024, -2.7945 0.7831 -1.1024, -2.7913 0.7559 -1.1024, -2.7945 0.7287 -1.1024, -2.8039 0.7029 -1.1024, -2.819 0.68 -1.1024, -2.8389 0.6612 -1.1024, -2.8627 0.6475 -1.1024, -2.8889 0.6396 -1.1024, -2.9163 0.638 -1.1024, -2.9433 0.6428 -1.1024, -2.9685 0.6536 -1.1024, -2.9905 0.67 -1.1024, -3.0081 0.691 -1.1024, -3.0204 0.7155 -1.1024, -3.0268 0.7422 -1.1024, -2.8743 0.7736 -1.1811, -2.8711 0.765 -1.1811, -2.9094 0.7559 -1.1811, -2.8701 0.7559 -1.1811, -2.8711 0.7468 -1.1811, -2.8939 0.7921 -1.1811, -2.8859 0.7875 -1.1811, -2.8793 0.7812 -1.1811, -2.9207 0.7936 -1.1811, -2.9117 0.7952 -1.1811, -2.9026 0.7947 -1.1811, -2.9423 0.7775 -1.1811, -2.9365 0.7845 -1.1811, -2.9291 0.79 -1.1811, -2.9486 0.7513 -1.1811, -2.9486 0.7605 -1.1811, -2.9464 0.7694 -1.1811, -2.9365 0.7273 -1.1811, -2.9423 0.7343 -1.1811, -2.9464 0.7424 -1.1811, -2.9117 0.7166 -1.1811, -2.9207 0.7182 -1.1811, -2.9291 0.7218 -1.1811, -2.8859 0.7243 -1.1811, -2.8939 0.7198 -1.1811, -2.9026 0.7171 -1.1811, -2.8743 0.7382 -1.1811, -2.8793 0.7306 -1.1811, -2.2244 0.7559 0.0787, -2.2236 0.7422 0.0787, -2.1063 0.7559 0.0787, -2.205 0.8208 0.0787, -2.2173 0.7963 0.0787, -2.2236 0.7696 0.0787, -2.1402 0.8691 0.0787, -2.1654 0.8582 0.0787, -2.1874 0.8418 0.0787, -2.0595 0.8644 0.0787, -2.0858 0.8722 0.0787, -2.1132 0.8738 0.0787, -2.0008 0.8089 0.0787, -2.0158 0.8318 0.0787, -2.0358 0.8506 0.0787, -1.9914 0.7287 0.0787, -1.9882 0.7559 0.0787, -1.9914 0.7831 0.0787, -2.0358 0.6612 0.0787, -2.0158 0.68 0.0787, -2.0008 0.7029 0.0787, -2.1132 0.638 0.0787, -2.0858 0.6396 0.0787, -2.0595 0.6475 0.0787, -2.1874 0.67 0.0787, -2.1654 0.6536 0.0787, -2.1402 0.6428 0.0787, -2.2173 0.7155 0.0787, -2.205 0.691 0.0787, -2.2236 0.7696 -1.1024, -2.2173 0.7963 -1.1024, -2.205 0.8208 -1.1024, -2.1874 0.8418 -1.1024, -2.1654 0.8582 -1.1024, -2.1402 0.8691 -1.1024, -2.1132 0.8738 -1.1024, -2.0858 0.8722 -1.1024, -2.0595 0.8644 -1.1024, -2.0358 0.8506 -1.1024, -2.0158 0.8318 -1.1024, -2.0008 0.8089 -1.1024, -1.9914 0.7831 -1.1024, -1.9882 0.7559 -1.1024, -1.9914 0.7287 -1.1024, -2.0008 0.7029 -1.1024, -2.0158 0.68 -1.1024, -2.0358 0.6612 -1.1024, -2.0595 0.6475 -1.1024, -2.0858 0.6396 -1.1024, -2.1132 0.638 -1.1024, -2.1402 0.6428 -1.1024, -2.1654 0.6536 -1.1024, -2.1874 0.67 -1.1024, -2.205 0.691 -1.1024, -2.2173 0.7155 -1.1024, -2.2236 0.7422 -1.1024, -2.0711 0.7736 -1.1811, -2.068 0.765 -1.1811, -2.1063 0.7559 -1.1811, -2.0669 0.7559 -1.1811, -2.068 0.7468 -1.1811, -2.0907 0.7921 -1.1811, -2.0828 0.7875 -1.1811, -2.0761 0.7812 -1.1811, -2.1176 0.7936 -1.1811, -2.1086 0.7952 -1.1811, -2.0995 0.7947 -1.1811, -2.1392 0.7775 -1.1811, -2.1333 0.7845 -1.1811, -2.126 0.79 -1.1811, -2.1454 0.7513 -1.1811, -2.1454 0.7605 -1.1811, -2.1433 0.7694 -1.1811, -2.1333 0.7273 -1.1811, -2.1392 0.7343 -1.1811, -2.1433 0.7424 -1.1811, -2.1086 0.7166 -1.1811, -2.1176 0.7182 -1.1811, -2.126 0.7218 -1.1811, -2.0828 0.7243 -1.1811, -2.0907 0.7198 -1.1811, -2.0995 0.7171 -1.1811, -2.0711 0.7382 -1.1811, -2.0761 0.7306 -1.1811, -1.8228 0.0551 0.0787, -1.822 0.0414 0.0787, -1.7047 0.0551 0.0787, -1.8034 0.12 0.0787, -1.8157 0.0955 0.0787, -1.822 0.0688 0.0787, -1.7386 0.1683 0.0787, -1.7638 0.1574 0.0787, -1.7858 0.141 0.0787, -1.6579 0.1636 0.0787, -1.6842 0.1714 0.0787, -1.7116 0.173 0.0787, -1.5992 0.1081 0.0787, -1.6142 0.131 0.0787, -1.6342 0.1499 0.0787, -1.5898 0.0279 0.0787, -1.5866 0.0551 0.0787, -1.5898 0.0824 0.0787, -1.6342 -0.0396 0.0787, -1.6142 -0.0208 0.0787, -1.5992 0.0021 0.0787, -1.7116 -0.0628 0.0787, -1.6842 -0.0612 0.0787, -1.6579 -0.0533 0.0787, -1.7858 -0.0308 0.0787, -1.7638 -0.0472 0.0787, -1.7386 -0.058 0.0787, -1.8157 0.0147 0.0787, -1.8034 -0.0098 0.0787, -1.822 0.0688 -1.1024, -1.8157 0.0955 -1.1024, -1.8034 0.12 -1.1024, -1.7858 0.141 -1.1024, -1.7638 0.1574 -1.1024, -1.7386 0.1683 -1.1024, -1.7116 0.173 -1.1024, -1.6842 0.1714 -1.1024, -1.6579 0.1636 -1.1024, -1.6342 0.1499 -1.1024, -1.6142 0.131 -1.1024, -1.5992 0.1081 -1.1024, -1.5898 0.0824 -1.1024, -1.5866 0.0551 -1.1024, -1.5898 0.0279 -1.1024, -1.5992 0.0021 -1.1024, -1.6142 -0.0208 -1.1024, -1.6342 -0.0396 -1.1024, -1.6579 -0.0533 -1.1024, -1.6842 -0.0612 -1.1024, -1.7116 -0.0628 -1.1024, -1.7386 -0.058 -1.1024, -1.7638 -0.0472 -1.1024, -1.7858 -0.0308 -1.1024, -1.8034 -0.0098 -1.1024, -1.8157 0.0147 -1.1024, -1.822 0.0414 -1.1024, -1.6695 0.0728 -1.1811, -1.6664 0.0642 -1.1811, -1.7047 0.0551 -1.1811, -1.6654 0.0551 -1.1811, -1.6664 0.046 -1.1811, -1.6891 0.0913 -1.1811, -1.6812 0.0867 -1.1811, -1.6746 0.0804 -1.1811, -1.716 0.0928 -1.1811, -1.707 0.0944 -1.1811, -1.6979 0.0939 -1.1811, -1.7376 0.0768 -1.1811, -1.7317 0.0838 -1.1811, -1.7244 0.0892 -1.1811, -1.7438 0.0505 -1.1811, -1.7438 0.0597 -1.1811, -1.7417 0.0686 -1.1811, -1.7317 0.0265 -1.1811, -1.7376 0.0335 -1.1811, -1.7417 0.0417 -1.1811, -1.707 0.0158 -1.1811, -1.716 0.0174 -1.1811, -1.7244 0.021 -1.1811, -1.6812 0.0235 -1.1811, -1.6891 0.019 -1.1811, -1.6979 0.0163 -1.1811, -1.6695 0.0374 -1.1811, -1.6746 0.0298 -1.1811, -1.6746 0.0298 -1.1811
            ]
        }
        coordIndex [
            0,1,2,-1,2,1,3,-1,2,3,4,-1,5,6,2,-1,2,6,7,-1,2,7,0,-1,8,9,2,-1,2,9,10,-1,2,10,5,-1,11,12,2,-1,2,12,13,-1,2,13,8,-1,14,15,2,-1,2,15,16,-1,2,16,11,-1,17,18,2,-1,2,18,19,-1,2,19,14,-1,20,21,2,-1,2,21,22,-1,2,22,17,-1,4,23,2,-1,2,23,24,-1,2,24,20,-1,25,26,27,-1,27,26,28,-1,27,28,29,-1,30,31,27,-1,27,31,32,-1,27,32,25,-1,33,34,27,-1,27,34,35,-1,27,35,30,-1,36,37,27,-1,27,37,38,-1,27,38,33,-1,39,40,27,-1,27,40,41,-1,27,41,36,-1,42,43,27,-1,27,43,44,-1,27,44,39,-1,45,46,27,-1,27,46,47,-1,27,47,42,-1,29,48,27,-1,27,48,49,-1,27,49,45,-1,50,1,51,-1,51,1,0,-1,51,0,52,-1,52,0,7,-1,52,7,53,-1,53,7,6,-1,53,6,54,-1,54,6,5,-1,54,5,55,-1,55,5,10,-1,55,10,56,-1,56,10,9,-1,56,9,57,-1,57,9,8,-1,57,8,58,-1,58,8,13,-1,58,13,59,-1,59,13,12,-1,59,12,60,-1,60,12,11,-1,60,11,61,-1,61,11,16,-1,61,16,62,-1,62,16,15,-1,62,15,63,-1,63,15,14,-1,63,14,64,-1,64,14,19,-1,64,19,65,-1,65,19,18,-1,65,18,66,-1,66,18,17,-1,66,17,67,-1,67,17,22,-1,67,22,68,-1,68,22,21,-1,68,21,69,-1,69,21,20,-1,69,20,70,-1,70,20,24,-1,70,24,71,-1,71,24,23,-1,71,23,72,-1,72,23,4,-1,72,4,73,-1,73,4,3,-1,73,3,50,-1,50,3,1,-1,74,75,76,-1,76,75,77,-1,76,77,78,-1,78,77,79,-1,78,79,80,-1,80,79,81,-1,80,81,82,-1,82,81,83,-1,82,83,84,-1,84,83,85,-1,84,85,86,-1,86,85,87,-1,86,87,88,-1,88,87,89,-1,88,89,90,-1,90,89,91,-1,90,91,92,-1,92,91,93,-1,92,93,94,-1,94,93,95,-1,94,95,96,-1,96,95,97,-1,96,97,98,-1,98,97,99,-1,98,99,100,-1,100,99,101,-1,100,101,102,-1,102,101,103,-1,102,103,104,-1,104,103,105,-1,104,105,106,-1,106,105,107,-1,106,107,108,-1,108,107,109,-1,108,109,110,-1,110,109,111,-1,110,111,112,-1,112,111,113,-1,112,113,114,-1,114,113,115,-1,114,115,116,-1,116,115,117,-1,116,117,118,-1,118,117,119,-1,118,119,120,-1,120,119,121,-1,120,121,74,-1,74,121,75,-1,75,122,77,-1,77,122,123,-1,77,123,79,-1,79,123,124,-1,79,124,81,-1,81,124,125,-1,81,125,83,-1,83,125,126,-1,83,126,85,-1,85,126,127,-1,85,127,87,-1,87,127,128,-1,87,128,89,-1,89,128,129,-1,89,129,91,-1,91,129,130,-1,91,130,93,-1,93,130,131,-1,93,131,95,-1,95,131,132,-1,95,132,97,-1,97,132,133,-1,97,133,99,-1,99,133,134,-1,99,134,101,-1,101,134,135,-1,101,135,103,-1,103,135,136,-1,103,136,105,-1,105,136,137,-1,105,137,107,-1,107,137,138,-1,107,138,109,-1,109,138,139,-1,109,139,111,-1,111,139,140,-1,111,140,113,-1,113,140,141,-1,113,141,115,-1,115,141,142,-1,115,142,117,-1,117,142,143,-1,117,143,119,-1,119,143,144,-1,119,144,121,-1,121,144,145,-1,121,145,75,-1,75,145,122,-1,122,146,123,-1,123,146,147,-1,123,147,124,-1,124,147,148,-1,124,148,125,-1,125,148,149,-1,125,149,126,-1,126,149,150,-1,126,150,127,-1,127,150,151,-1,127,151,128,-1,128,151,152,-1,128,152,129,-1,129,152,153,-1,129,153,130,-1,130,153,154,-1,130,154,131,-1,131,154,155,-1,131,155,132,-1,132,155,156,-1,132,156,133,-1,133,156,157,-1,133,157,134,-1,134,157,158,-1,134,158,135,-1,135,158,159,-1,135,159,136,-1,136,159,160,-1,136,160,137,-1,137,160,161,-1,137,161,138,-1,138,161,162,-1,138,162,139,-1,139,162,163,-1,139,163,140,-1,140,163,164,-1,140,164,141,-1,141,164,165,-1,141,165,142,-1,142,165,166,-1,142,166,143,-1,143,166,167,-1,143,167,144,-1,144,167,168,-1,144,168,145,-1,145,168,169,-1,145,169,122,-1,122,169,146,-1,146,170,147,-1,147,170,171,-1,147,171,148,-1,148,171,172,-1,148,172,149,-1,149,172,173,-1,149,173,150,-1,150,173,174,-1,150,174,151,-1,151,174,175,-1,151,175,152,-1,152,175,176,-1,152,176,153,-1,153,176,177,-1,153,177,154,-1,154,177,178,-1,154,178,155,-1,155,178,179,-1,155,179,156,-1,156,179,180,-1,156,180,157,-1,157,180,181,-1,157,181,158,-1,158,181,182,-1,158,182,159,-1,159,182,183,-1,159,183,160,-1,160,183,184,-1,160,184,161,-1,161,184,185,-1,161,185,162,-1,162,185,186,-1,162,186,163,-1,163,186,187,-1,163,187,164,-1,164,187,188,-1,164,188,165,-1,165,188,189,-1,165,189,166,-1,166,189,190,-1,166,190,167,-1,167,190,191,-1,167,191,168,-1,168,191,192,-1,168,192,169,-1,169,192,193,-1,169,193,146,-1,146,193,170,-1,170,68,171,-1,171,68,69,-1,171,69,172,-1,172,69,70,-1,172,70,173,-1,173,70,71,-1,173,71,174,-1,174,71,72,-1,174,72,175,-1,175,72,73,-1,175,73,176,-1,176,73,50,-1,176,50,177,-1,177,50,51,-1,177,51,178,-1,178,51,52,-1,178,52,179,-1,179,52,53,-1,179,53,180,-1,180,53,54,-1,180,54,181,-1,181,54,55,-1,181,55,182,-1,182,55,56,-1,182,56,183,-1,183,56,57,-1,183,57,184,-1,184,57,58,-1,184,58,185,-1,185,58,59,-1,185,59,186,-1,186,59,60,-1,186,60,187,-1,187,60,61,-1,187,61,188,-1,188,61,62,-1,188,62,189,-1,189,62,63,-1,189,63,190,-1,190,63,64,-1,190,64,191,-1,191,64,65,-1,191,65,192,-1,192,65,66,-1,192,66,193,-1,193,66,67,-1,193,67,170,-1,170,67,68,-1,194,76,195,-1,195,76,78,-1,195,78,196,-1,196,78,80,-1,196,80,197,-1,197,80,82,-1,197,82,198,-1,198,82,84,-1,198,84,199,-1,199,84,86,-1,199,86,200,-1,200,86,88,-1,200,88,201,-1,201,88,90,-1,201,90,202,-1,202,90,92,-1,202,92,203,-1,203,92,94,-1,203,94,204,-1,204,94,96,-1,204,96,205,-1,205,96,98,-1,205,98,206,-1,206,98,100,-1,206,100,207,-1,207,100,102,-1,207,102,208,-1,208,102,104,-1,208,104,209,-1,209,104,106,-1,209,106,210,-1,210,106,108,-1,210,108,211,-1,211,108,110,-1,211,110,212,-1,212,110,112,-1,212,112,213,-1,213,112,114,-1,213,114,214,-1,214,114,116,-1,214,116,215,-1,215,116,118,-1,215,118,216,-1,216,118,120,-1,216,120,217,-1,217,120,74,-1,217,74,194,-1,194,74,76,-1,218,219,220,-1,220,219,221,-1,220,221,222,-1,222,221,223,-1,222,223,224,-1,224,223,225,-1,224,225,226,-1,226,225,227,-1,226,227,228,-1,228,227,229,-1,228,229,230,-1,230,229,231,-1,230,231,232,-1,232,231,233,-1,232,233,234,-1,234,233,235,-1,234,235,236,-1,236,235,237,-1,236,237,238,-1,238,237,239,-1,238,239,240,-1,240,239,241,-1,240,241,242,-1,242,241,243,-1,242,243,244,-1,244,243,245,-1,244,245,246,-1,246,245,247,-1,246,247,248,-1,248,247,249,-1,248,249,250,-1,250,249,251,-1,250,251,252,-1,252,251,253,-1,252,253,254,-1,254,253,255,-1,254,255,256,-1,256,255,257,-1,256,257,258,-1,258,257,259,-1,258,259,260,-1,260,259,261,-1,260,261,262,-1,262,261,263,-1,262,263,264,-1,264,263,265,-1,264,265,218,-1,218,265,219,-1,219,266,221,-1,221,266,267,-1,221,267,223,-1,223,267,268,-1,223,268,225,-1,225,268,269,-1,225,269,227,-1,227,269,270,-1,227,270,229,-1,229,270,271,-1,229,271,231,-1,231,271,272,-1,231,272,233,-1,233,272,273,-1,233,273,235,-1,235,273,274,-1,235,274,237,-1,237,274,275,-1,237,275,239,-1,239,275,276,-1,239,276,241,-1,241,276,277,-1,241,277,243,-1,243,277,278,-1,243,278,245,-1,245,278,279,-1,245,279,247,-1,247,279,280,-1,247,280,249,-1,249,280,281,-1,249,281,251,-1,251,281,282,-1,251,282,253,-1,253,282,283,-1,253,283,255,-1,255,283,284,-1,255,284,257,-1,257,284,285,-1,257,285,259,-1,259,285,286,-1,259,286,261,-1,261,286,287,-1,261,287,263,-1,263,287,288,-1,263,288,265,-1,265,288,289,-1,265,289,219,-1,219,289,266,-1,266,290,267,-1,267,290,291,-1,267,291,268,-1,268,291,292,-1,268,292,269,-1,269,292,293,-1,269,293,270,-1,270,293,294,-1,270,294,271,-1,271,294,295,-1,271,295,272,-1,272,295,296,-1,272,296,273,-1,273,296,297,-1,273,297,274,-1,274,297,298,-1,274,298,275,-1,275,298,299,-1,275,299,276,-1,276,299,300,-1,276,300,277,-1,277,300,301,-1,277,301,278,-1,278,301,302,-1,278,302,279,-1,279,302,303,-1,279,303,280,-1,280,303,304,-1,280,304,281,-1,281,304,305,-1,281,305,282,-1,282,305,306,-1,282,306,283,-1,283,306,307,-1,283,307,284,-1,284,307,308,-1,284,308,285,-1,285,308,309,-1,285,309,286,-1,286,309,310,-1,286,310,287,-1,287,310,311,-1,287,311,288,-1,288,311,312,-1,288,312,289,-1,289,312,313,-1,289,313,266,-1,266,313,290,-1,290,314,291,-1,291,314,315,-1,291,315,292,-1,292,315,316,-1,292,316,293,-1,293,316,317,-1,293,317,294,-1,294,317,318,-1,294,318,295,-1,295,318,319,-1,295,319,296,-1,296,319,320,-1,296,320,297,-1,297,320,321,-1,297,321,298,-1,298,321,322,-1,298,322,299,-1,299,322,323,-1,299,323,300,-1,300,323,324,-1,300,324,301,-1,301,324,325,-1,301,325,302,-1,302,325,326,-1,302,326,303,-1,303,326,327,-1,303,327,304,-1,304,327,328,-1,304,328,305,-1,305,328,329,-1,305,329,306,-1,306,329,330,-1,306,330,307,-1,307,330,331,-1,307,331,308,-1,308,331,332,-1,308,332,309,-1,309,332,333,-1,309,333,310,-1,310,333,334,-1,310,334,311,-1,311,334,335,-1,311,335,312,-1,312,335,336,-1,312,336,313,-1,313,336,337,-1,313,337,290,-1,290,337,314,-1,314,338,315,-1,315,338,339,-1,315,339,316,-1,316,339,340,-1,316,340,317,-1,317,340,341,-1,317,341,318,-1,318,341,342,-1,318,342,319,-1,319,342,343,-1,319,343,320,-1,320,343,344,-1,320,344,321,-1,321,344,345,-1,321,345,322,-1,322,345,346,-1,322,346,323,-1,323,346,347,-1,323,347,324,-1,324,347,348,-1,324,348,325,-1,325,348,349,-1,325,349,326,-1,326,349,350,-1,326,350,327,-1,327,350,351,-1,327,351,328,-1,328,351,352,-1,328,352,329,-1,329,352,353,-1,329,353,330,-1,330,353,354,-1,330,354,331,-1,331,354,355,-1,331,355,332,-1,332,355,356,-1,332,356,333,-1,333,356,357,-1,333,357,334,-1,334,357,358,-1,334,358,335,-1,335,358,359,-1,335,359,336,-1,336,359,360,-1,336,360,337,-1,337,360,361,-1,337,361,314,-1,314,361,338,-1,338,362,339,-1,339,362,363,-1,339,363,340,-1,340,363,364,-1,340,364,341,-1,341,364,365,-1,341,365,342,-1,342,365,366,-1,342,366,343,-1,343,366,367,-1,343,367,344,-1,344,367,368,-1,344,368,345,-1,345,368,369,-1,345,369,346,-1,346,369,370,-1,346,370,347,-1,347,370,371,-1,347,371,348,-1,348,371,372,-1,348,372,349,-1,349,372,373,-1,349,373,350,-1,350,373,374,-1,350,374,351,-1,351,374,375,-1,351,375,352,-1,352,375,376,-1,352,376,353,-1,353,376,377,-1,353,377,354,-1,354,377,378,-1,354,378,355,-1,355,378,379,-1,355,379,356,-1,356,379,380,-1,356,380,357,-1,357,380,381,-1,357,381,358,-1,358,381,382,-1,358,382,359,-1,359,382,383,-1,359,383,360,-1,360,383,384,-1,360,384,361,-1,361,384,385,-1,361,385,338,-1,338,385,362,-1,362,194,363,-1,363,194,195,-1,363,195,364,-1,364,195,196,-1,364,196,365,-1,365,196,197,-1,365,197,366,-1,366,197,198,-1,366,198,367,-1,367,198,199,-1,367,199,368,-1,368,199,200,-1,368,200,369,-1,369,200,201,-1,369,201,370,-1,370,201,202,-1,370,202,371,-1,371,202,203,-1,371,203,372,-1,372,203,204,-1,372,204,373,-1,373,204,205,-1,373,205,374,-1,374,205,206,-1,374,206,375,-1,375,206,207,-1,375,207,376,-1,376,207,208,-1,376,208,377,-1,377,208,209,-1,377,209,378,-1,378,209,210,-1,378,210,379,-1,379,210,211,-1,379,211,380,-1,380,211,212,-1,380,212,381,-1,381,212,213,-1,381,213,382,-1,382,213,214,-1,382,214,383,-1,383,214,215,-1,383,215,384,-1,384,215,216,-1,384,216,385,-1,385,216,217,-1,385,217,362,-1,362,217,194,-1,41,256,36,-1,36,256,258,-1,36,258,37,-1,37,258,260,-1,37,260,38,-1,38,260,262,-1,38,262,33,-1,33,262,264,-1,33,264,34,-1,34,264,218,-1,34,218,35,-1,35,218,220,-1,35,220,30,-1,30,220,222,-1,30,222,31,-1,31,222,224,-1,31,224,32,-1,32,224,226,-1,32,226,25,-1,25,226,228,-1,25,228,26,-1,26,228,230,-1,26,230,28,-1,28,230,232,-1,28,232,29,-1,29,232,234,-1,29,234,48,-1,48,234,236,-1,48,236,49,-1,49,236,238,-1,49,238,45,-1,45,238,240,-1,45,240,46,-1,46,240,242,-1,46,242,47,-1,47,242,244,-1,47,244,42,-1,42,244,246,-1,42,246,43,-1,43,246,248,-1,43,248,44,-1,44,248,250,-1,44,250,39,-1,39,250,252,-1,39,252,40,-1,40,252,254,-1,40,254,41,-1,41,254,256,-1,386,387,388,-1,388,387,389,-1,388,389,390,-1,391,392,388,-1,388,392,393,-1,388,393,386,-1,394,395,388,-1,388,395,396,-1,388,396,391,-1,397,398,388,-1,388,398,399,-1,388,399,394,-1,400,401,388,-1,388,401,402,-1,388,402,397,-1,403,404,388,-1,388,404,405,-1,388,405,400,-1,406,407,388,-1,388,407,408,-1,388,408,403,-1,390,409,388,-1,388,409,410,-1,388,410,406,-1,411,412,413,-1,413,412,414,-1,413,414,415,-1,416,417,413,-1,413,417,418,-1,413,418,411,-1,419,420,413,-1,413,420,421,-1,413,421,416,-1,422,423,413,-1,413,423,424,-1,413,424,419,-1,425,426,413,-1,413,426,427,-1,413,427,422,-1,428,429,413,-1,413,429,430,-1,413,430,425,-1,431,432,413,-1,413,432,433,-1,413,433,428,-1,415,434,413,-1,413,434,435,-1,413,435,431,-1,436,387,437,-1,437,387,386,-1,437,386,438,-1,438,386,393,-1,438,393,439,-1,439,393,392,-1,439,392,440,-1,440,392,391,-1,440,391,441,-1,441,391,396,-1,441,396,442,-1,442,396,395,-1,442,395,443,-1,443,395,394,-1,443,394,444,-1,444,394,399,-1,444,399,445,-1,445,399,398,-1,445,398,446,-1,446,398,397,-1,446,397,447,-1,447,397,402,-1,447,402,448,-1,448,402,401,-1,448,401,449,-1,449,401,400,-1,449,400,450,-1,450,400,405,-1,450,405,451,-1,451,405,404,-1,451,404,452,-1,452,404,403,-1,452,403,453,-1,453,403,408,-1,453,408,454,-1,454,408,407,-1,454,407,455,-1,455,407,406,-1,455,406,456,-1,456,406,410,-1,456,410,457,-1,457,410,409,-1,457,409,458,-1,458,409,390,-1,458,390,459,-1,459,390,389,-1,459,389,436,-1,436,389,387,-1,460,461,462,-1,462,461,463,-1,462,463,464,-1,464,463,465,-1,464,465,466,-1,466,465,467,-1,466,467,468,-1,468,467,469,-1,468,469,470,-1,470,469,471,-1,470,471,472,-1,472,471,473,-1,472,473,474,-1,474,473,475,-1,474,475,476,-1,476,475,477,-1,476,477,478,-1,478,477,479,-1,478,479,480,-1,480,479,481,-1,480,481,482,-1,482,481,483,-1,482,483,484,-1,484,483,485,-1,484,485,486,-1,486,485,487,-1,486,487,488,-1,488,487,489,-1,488,489,490,-1,490,489,491,-1,490,491,492,-1,492,491,493,-1,492,493,494,-1,494,493,495,-1,494,495,496,-1,496,495,497,-1,496,497,498,-1,498,497,499,-1,498,499,500,-1,500,499,501,-1,500,501,502,-1,502,501,503,-1,502,503,504,-1,504,503,505,-1,504,505,506,-1,506,505,507,-1,506,507,460,-1,460,507,461,-1,461,508,463,-1,463,508,509,-1,463,509,465,-1,465,509,510,-1,465,510,467,-1,467,510,511,-1,467,511,469,-1,469,511,512,-1,469,512,471,-1,471,512,513,-1,471,513,473,-1,473,513,514,-1,473,514,475,-1,475,514,515,-1,475,515,477,-1,477,515,516,-1,477,516,479,-1,479,516,517,-1,479,517,481,-1,481,517,518,-1,481,518,483,-1,483,518,519,-1,483,519,485,-1,485,519,520,-1,485,520,487,-1,487,520,521,-1,487,521,489,-1,489,521,522,-1,489,522,491,-1,491,522,523,-1,491,523,493,-1,493,523,524,-1,493,524,495,-1,495,524,525,-1,495,525,497,-1,497,525,526,-1,497,526,499,-1,499,526,527,-1,499,527,501,-1,501,527,528,-1,501,528,503,-1,503,528,529,-1,503,529,505,-1,505,529,530,-1,505,530,507,-1,507,530,531,-1,507,531,461,-1,461,531,508,-1,508,532,509,-1,509,532,533,-1,509,533,510,-1,510,533,534,-1,510,534,511,-1,511,534,535,-1,511,535,512,-1,512,535,536,-1,512,536,513,-1,513,536,537,-1,513,537,514,-1,514,537,538,-1,514,538,515,-1,515,538,539,-1,515,539,516,-1,516,539,540,-1,516,540,517,-1,517,540,541,-1,517,541,518,-1,518,541,542,-1,518,542,519,-1,519,542,543,-1,519,543,520,-1,520,543,544,-1,520,544,521,-1,521,544,545,-1,521,545,522,-1,522,545,546,-1,522,546,523,-1,523,546,547,-1,523,547,524,-1,524,547,548,-1,524,548,525,-1,525,548,549,-1,525,549,526,-1,526,549,550,-1,526,550,527,-1,527,550,551,-1,527,551,528,-1,528,551,552,-1,528,552,529,-1,529,552,553,-1,529,553,530,-1,530,553,554,-1,530,554,531,-1,531,554,555,-1,531,555,508,-1,508,555,532,-1,532,556,533,-1,533,556,557,-1,533,557,534,-1,534,557,558,-1,534,558,535,-1,535,558,559,-1,535,559,536,-1,536,559,560,-1,536,560,537,-1,537,560,561,-1,537,561,538,-1,538,561,562,-1,538,562,539,-1,539,562,563,-1,539,563,540,-1,540,563,564,-1,540,564,541,-1,541,564,565,-1,541,565,542,-1,542,565,566,-1,542,566,543,-1,543,566,567,-1,543,567,544,-1,544,567,568,-1,544,568,545,-1,545,568,569,-1,545,569,546,-1,546,569,570,-1,546,570,547,-1,547,570,571,-1,547,571,548,-1,548,571,572,-1,548,572,549,-1,549,572,573,-1,549,573,550,-1,550,573,574,-1,550,574,551,-1,551,574,575,-1,551,575,552,-1,552,575,576,-1,552,576,553,-1,553,576,577,-1,553,577,554,-1,554,577,578,-1,554,578,555,-1,555,578,579,-1,555,579,532,-1,532,579,556,-1,556,454,557,-1,557,454,455,-1,557,455,558,-1,558,455,456,-1,558,456,559,-1,559,456,457,-1,559,457,560,-1,560,457,458,-1,560,458,561,-1,561,458,459,-1,561,459,562,-1,562,459,436,-1,562,436,563,-1,563,436,437,-1,563,437,564,-1,564,437,438,-1,564,438,565,-1,565,438,439,-1,565,439,566,-1,566,439,440,-1,566,440,567,-1,567,440,441,-1,567,441,568,-1,568,441,442,-1,568,442,569,-1,569,442,443,-1,569,443,570,-1,570,443,444,-1,570,444,571,-1,571,444,445,-1,571,445,572,-1,572,445,446,-1,572,446,573,-1,573,446,447,-1,573,447,574,-1,574,447,448,-1,574,448,575,-1,575,448,449,-1,575,449,576,-1,576,449,450,-1,576,450,577,-1,577,450,451,-1,577,451,578,-1,578,451,452,-1,578,452,579,-1,579,452,453,-1,579,453,556,-1,556,453,454,-1,580,462,581,-1,581,462,464,-1,581,464,582,-1,582,464,466,-1,582,466,583,-1,583,466,468,-1,583,468,584,-1,584,468,470,-1,584,470,585,-1,585,470,472,-1,585,472,586,-1,586,472,474,-1,586,474,587,-1,587,474,476,-1,587,476,588,-1,588,476,478,-1,588,478,589,-1,589,478,480,-1,589,480,590,-1,590,480,482,-1,590,482,591,-1,591,482,484,-1,591,484,592,-1,592,484,486,-1,592,486,593,-1,593,486,488,-1,593,488,594,-1,594,488,490,-1,594,490,595,-1,595,490,492,-1,595,492,596,-1,596,492,494,-1,596,494,597,-1,597,494,496,-1,597,496,598,-1,598,496,498,-1,598,498,599,-1,599,498,500,-1,599,500,600,-1,600,500,502,-1,600,502,601,-1,601,502,504,-1,601,504,602,-1,602,504,506,-1,602,506,603,-1,603,506,460,-1,603,460,580,-1,580,460,462,-1,604,605,606,-1,606,605,607,-1,606,607,608,-1,608,607,609,-1,608,609,610,-1,610,609,611,-1,610,611,612,-1,612,611,613,-1,612,613,614,-1,614,613,615,-1,614,615,616,-1,616,615,617,-1,616,617,618,-1,618,617,619,-1,618,619,620,-1,620,619,621,-1,620,621,622,-1,622,621,623,-1,622,623,624,-1,624,623,625,-1,624,625,626,-1,626,625,627,-1,626,627,628,-1,628,627,629,-1,628,629,630,-1,630,629,631,-1,630,631,632,-1,632,631,633,-1,632,633,634,-1,634,633,635,-1,634,635,636,-1,636,635,637,-1,636,637,638,-1,638,637,639,-1,638,639,640,-1,640,639,641,-1,640,641,642,-1,642,641,643,-1,642,643,644,-1,644,643,645,-1,644,645,646,-1,646,645,647,-1,646,647,648,-1,648,647,649,-1,648,649,650,-1,650,649,651,-1,650,651,604,-1,604,651,605,-1,605,652,607,-1,607,652,653,-1,607,653,609,-1,609,653,654,-1,609,654,611,-1,611,654,655,-1,611,655,613,-1,613,655,656,-1,613,656,615,-1,615,656,657,-1,615,657,617,-1,617,657,658,-1,617,658,619,-1,619,658,659,-1,619,659,621,-1,621,659,660,-1,621,660,623,-1,623,660,661,-1,623,661,625,-1,625,661,662,-1,625,662,627,-1,627,662,663,-1,627,663,629,-1,629,663,664,-1,629,664,631,-1,631,664,665,-1,631,665,633,-1,633,665,666,-1,633,666,635,-1,635,666,667,-1,635,667,637,-1,637,667,668,-1,637,668,639,-1,639,668,669,-1,639,669,641,-1,641,669,670,-1,641,670,643,-1,643,670,671,-1,643,671,645,-1,645,671,672,-1,645,672,647,-1,647,672,673,-1,647,673,649,-1,649,673,674,-1,649,674,651,-1,651,674,675,-1,651,675,605,-1,605,675,652,-1,652,676,653,-1,653,676,677,-1,653,677,654,-1,654,677,678,-1,654,678,655,-1,655,678,679,-1,655,679,656,-1,656,679,680,-1,656,680,657,-1,657,680,681,-1,657,681,658,-1,658,681,682,-1,658,682,659,-1,659,682,683,-1,659,683,660,-1,660,683,684,-1,660,684,661,-1,661,684,685,-1,661,685,662,-1,662,685,686,-1,662,686,663,-1,663,686,687,-1,663,687,664,-1,664,687,688,-1,664,688,665,-1,665,688,689,-1,665,689,666,-1,666,689,690,-1,666,690,667,-1,667,690,691,-1,667,691,668,-1,668,691,692,-1,668,692,669,-1,669,692,693,-1,669,693,670,-1,670,693,694,-1,670,694,671,-1,671,694,695,-1,671,695,672,-1,672,695,696,-1,672,696,673,-1,673,696,697,-1,673,697,674,-1,674,697,698,-1,674,698,675,-1,675,698,699,-1,675,699,652,-1,652,699,676,-1,676,700,677,-1,677,700,701,-1,677,701,678,-1,678,701,702,-1,678,702,679,-1,679,702,703,-1,679,703,680,-1,680,703,704,-1,680,704,681,-1,681,704,705,-1,681,705,682,-1,682,705,706,-1,682,706,683,-1,683,706,707,-1,683,707,684,-1,684,707,708,-1,684,708,685,-1,685,708,709,-1,685,709,686,-1,686,709,710,-1,686,710,687,-1,687,710,711,-1,687,711,688,-1,688,711,712,-1,688,712,689,-1,689,712,713,-1,689,713,690,-1,690,713,714,-1,690,714,691,-1,691,714,715,-1,691,715,692,-1,692,715,716,-1,692,716,693,-1,693,716,717,-1,693,717,694,-1,694,717,718,-1,694,718,695,-1,695,718,719,-1,695,719,696,-1,696,719,720,-1,696,720,697,-1,697,720,721,-1,697,721,698,-1,698,721,722,-1,698,722,699,-1,699,722,723,-1,699,723,676,-1,676,723,700,-1,700,724,701,-1,701,724,725,-1,701,725,702,-1,702,725,726,-1,702,726,703,-1,703,726,727,-1,703,727,704,-1,704,727,728,-1,704,728,705,-1,705,728,729,-1,705,729,706,-1,706,729,730,-1,706,730,707,-1,707,730,731,-1,707,731,708,-1,708,731,732,-1,708,732,709,-1,709,732,733,-1,709,733,710,-1,710,733,734,-1,710,734,711,-1,711,734,735,-1,711,735,712,-1,712,735,736,-1,712,736,713,-1,713,736,737,-1,713,737,714,-1,714,737,738,-1,714,738,715,-1,715,738,739,-1,715,739,716,-1,716,739,740,-1,716,740,717,-1,717,740,741,-1,717,741,718,-1,718,741,742,-1,718,742,719,-1,719,742,743,-1,719,743,720,-1,720,743,744,-1,720,744,721,-1,721,744,745,-1,721,745,722,-1,722,745,746,-1,722,746,723,-1,723,746,747,-1,723,747,700,-1,700,747,724,-1,724,748,725,-1,725,748,749,-1,725,749,726,-1,726,749,750,-1,726,750,727,-1,727,750,751,-1,727,751,728,-1,728,751,752,-1,728,752,729,-1,729,752,753,-1,729,753,730,-1,730,753,754,-1,730,754,731,-1,731,754,755,-1,731,755,732,-1,732,755,756,-1,732,756,733,-1,733,756,757,-1,733,757,734,-1,734,757,758,-1,734,758,735,-1,735,758,759,-1,735,759,736,-1,736,759,760,-1,736,760,737,-1,737,760,761,-1,737,761,738,-1,738,761,762,-1,738,762,739,-1,739,762,763,-1,739,763,740,-1,740,763,764,-1,740,764,741,-1,741,764,765,-1,741,765,742,-1,742,765,766,-1,742,766,743,-1,743,766,767,-1,743,767,744,-1,744,767,768,-1,744,768,745,-1,745,768,769,-1,745,769,746,-1,746,769,770,-1,746,770,747,-1,747,770,771,-1,747,771,724,-1,724,771,748,-1,748,580,749,-1,749,580,581,-1,749,581,750,-1,750,581,582,-1,750,582,751,-1,751,582,583,-1,751,583,752,-1,752,583,584,-1,752,584,753,-1,753,584,585,-1,753,585,754,-1,754,585,586,-1,754,586,755,-1,755,586,587,-1,755,587,756,-1,756,587,588,-1,756,588,757,-1,757,588,589,-1,757,589,758,-1,758,589,590,-1,758,590,759,-1,759,590,591,-1,759,591,760,-1,760,591,592,-1,760,592,761,-1,761,592,593,-1,761,593,762,-1,762,593,594,-1,762,594,763,-1,763,594,595,-1,763,595,764,-1,764,595,596,-1,764,596,765,-1,765,596,597,-1,765,597,766,-1,766,597,598,-1,766,598,767,-1,767,598,599,-1,767,599,768,-1,768,599,600,-1,768,600,769,-1,769,600,601,-1,769,601,770,-1,770,601,602,-1,770,602,771,-1,771,602,603,-1,771,603,748,-1,748,603,580,-1,427,642,422,-1,422,642,644,-1,422,644,423,-1,423,644,646,-1,423,646,424,-1,424,646,648,-1,424,648,419,-1,419,648,650,-1,419,650,420,-1,420,650,604,-1,420,604,421,-1,421,604,606,-1,421,606,416,-1,416,606,608,-1,416,608,417,-1,417,608,610,-1,417,610,418,-1,418,610,612,-1,418,612,411,-1,411,612,614,-1,411,614,412,-1,412,614,616,-1,412,616,414,-1,414,616,618,-1,414,618,415,-1,415,618,620,-1,415,620,434,-1,434,620,622,-1,434,622,435,-1,435,622,624,-1,435,624,431,-1,431,624,626,-1,431,626,432,-1,432,626,628,-1,432,628,433,-1,433,628,630,-1,433,630,428,-1,428,630,632,-1,428,632,429,-1,429,632,634,-1,429,634,430,-1,430,634,636,-1,430,636,425,-1,425,636,638,-1,425,638,426,-1,426,638,640,-1,426,640,427,-1,427,640,642,-1,772,773,774,-1,774,773,775,-1,774,775,776,-1,777,778,774,-1,774,778,779,-1,774,779,772,-1,780,781,774,-1,774,781,782,-1,774,782,777,-1,783,784,774,-1,774,784,785,-1,774,785,780,-1,786,787,774,-1,774,787,788,-1,774,788,783,-1,789,790,774,-1,774,790,791,-1,774,791,786,-1,792,793,774,-1,774,793,794,-1,774,794,789,-1,776,795,774,-1,774,795,796,-1,774,796,792,-1,797,798,799,-1,799,798,800,-1,799,800,801,-1,802,803,799,-1,799,803,804,-1,799,804,797,-1,805,806,799,-1,799,806,807,-1,799,807,802,-1,808,809,799,-1,799,809,810,-1,799,810,805,-1,811,812,799,-1,799,812,813,-1,799,813,808,-1,814,815,799,-1,799,815,816,-1,799,816,811,-1,817,818,799,-1,799,818,819,-1,799,819,814,-1,801,820,799,-1,799,820,821,-1,799,821,817,-1,822,773,823,-1,823,773,772,-1,823,772,824,-1,824,772,779,-1,824,779,825,-1,825,779,778,-1,825,778,826,-1,826,778,777,-1,826,777,827,-1,827,777,782,-1,827,782,828,-1,828,782,781,-1,828,781,829,-1,829,781,780,-1,829,780,830,-1,830,780,785,-1,830,785,831,-1,831,785,784,-1,831,784,832,-1,832,784,783,-1,832,783,833,-1,833,783,788,-1,833,788,834,-1,834,788,787,-1,834,787,835,-1,835,787,786,-1,835,786,836,-1,836,786,791,-1,836,791,837,-1,837,791,790,-1,837,790,838,-1,838,790,789,-1,838,789,839,-1,839,789,794,-1,839,794,840,-1,840,794,793,-1,840,793,841,-1,841,793,792,-1,841,792,842,-1,842,792,796,-1,842,796,843,-1,843,796,795,-1,843,795,844,-1,844,795,776,-1,844,776,845,-1,845,776,775,-1,845,775,822,-1,822,775,773,-1,846,847,848,-1,848,847,849,-1,848,849,850,-1,850,849,851,-1,850,851,852,-1,852,851,853,-1,852,853,854,-1,854,853,855,-1,854,855,856,-1,856,855,857,-1,856,857,858,-1,858,857,859,-1,858,859,860,-1,860,859,861,-1,860,861,862,-1,862,861,863,-1,862,863,864,-1,864,863,865,-1,864,865,866,-1,866,865,867,-1,866,867,868,-1,868,867,869,-1,868,869,870,-1,870,869,871,-1,870,871,872,-1,872,871,873,-1,872,873,874,-1,874,873,875,-1,874,875,876,-1,876,875,877,-1,876,877,878,-1,878,877,879,-1,878,879,880,-1,880,879,881,-1,880,881,882,-1,882,881,883,-1,882,883,884,-1,884,883,885,-1,884,885,886,-1,886,885,887,-1,886,887,888,-1,888,887,889,-1,888,889,890,-1,890,889,891,-1,890,891,892,-1,892,891,893,-1,892,893,846,-1,846,893,847,-1,847,894,849,-1,849,894,895,-1,849,895,851,-1,851,895,896,-1,851,896,853,-1,853,896,897,-1,853,897,855,-1,855,897,898,-1,855,898,857,-1,857,898,899,-1,857,899,859,-1,859,899,900,-1,859,900,861,-1,861,900,901,-1,861,901,863,-1,863,901,902,-1,863,902,865,-1,865,902,903,-1,865,903,867,-1,867,903,904,-1,867,904,869,-1,869,904,905,-1,869,905,871,-1,871,905,906,-1,871,906,873,-1,873,906,907,-1,873,907,875,-1,875,907,908,-1,875,908,877,-1,877,908,909,-1,877,909,879,-1,879,909,910,-1,879,910,881,-1,881,910,911,-1,881,911,883,-1,883,911,912,-1,883,912,885,-1,885,912,913,-1,885,913,887,-1,887,913,914,-1,887,914,889,-1,889,914,915,-1,889,915,891,-1,891,915,916,-1,891,916,893,-1,893,916,917,-1,893,917,847,-1,847,917,894,-1,894,918,895,-1,895,918,919,-1,895,919,896,-1,896,919,920,-1,896,920,897,-1,897,920,921,-1,897,921,898,-1,898,921,922,-1,898,922,899,-1,899,922,923,-1,899,923,900,-1,900,923,924,-1,900,924,901,-1,901,924,925,-1,901,925,902,-1,902,925,926,-1,902,926,903,-1,903,926,927,-1,903,927,904,-1,904,927,928,-1,904,928,905,-1,905,928,929,-1,905,929,906,-1,906,929,930,-1,906,930,907,-1,907,930,931,-1,907,931,908,-1,908,931,932,-1,908,932,909,-1,909,932,933,-1,909,933,910,-1,910,933,934,-1,910,934,911,-1,911,934,935,-1,911,935,912,-1,912,935,936,-1,912,936,913,-1,913,936,937,-1,913,937,914,-1,914,937,938,-1,914,938,915,-1,915,938,939,-1,915,939,916,-1,916,939,940,-1,916,940,917,-1,917,940,941,-1,917,941,894,-1,894,941,918,-1,918,942,919,-1,919,942,943,-1,919,943,920,-1,920,943,944,-1,920,944,921,-1,921,944,945,-1,921,945,922,-1,922,945,946,-1,922,946,923,-1,923,946,947,-1,923,947,924,-1,924,947,948,-1,924,948,925,-1,925,948,949,-1,925,949,926,-1,926,949,950,-1,926,950,927,-1,927,950,951,-1,927,951,928,-1,928,951,952,-1,928,952,929,-1,929,952,953,-1,929,953,930,-1,930,953,954,-1,930,954,931,-1,931,954,955,-1,931,955,932,-1,932,955,956,-1,932,956,933,-1,933,956,957,-1,933,957,934,-1,934,957,958,-1,934,958,935,-1,935,958,959,-1,935,959,936,-1,936,959,960,-1,936,960,937,-1,937,960,961,-1,937,961,938,-1,938,961,962,-1,938,962,939,-1,939,962,963,-1,939,963,940,-1,940,963,964,-1,940,964,941,-1,941,964,965,-1,941,965,918,-1,918,965,942,-1,942,840,943,-1,943,840,841,-1,943,841,944,-1,944,841,842,-1,944,842,945,-1,945,842,843,-1,945,843,946,-1,946,843,844,-1,946,844,947,-1,947,844,845,-1,947,845,948,-1,948,845,822,-1,948,822,949,-1,949,822,823,-1,949,823,950,-1,950,823,824,-1,950,824,951,-1,951,824,825,-1,951,825,952,-1,952,825,826,-1,952,826,953,-1,953,826,827,-1,953,827,954,-1,954,827,828,-1,954,828,955,-1,955,828,829,-1,955,829,956,-1,956,829,830,-1,956,830,957,-1,957,830,831,-1,957,831,958,-1,958,831,832,-1,958,832,959,-1,959,832,833,-1,959,833,960,-1,960,833,834,-1,960,834,961,-1,961,834,835,-1,961,835,962,-1,962,835,836,-1,962,836,963,-1,963,836,837,-1,963,837,964,-1,964,837,838,-1,964,838,965,-1,965,838,839,-1,965,839,942,-1,942,839,840,-1,966,848,967,-1,967,848,850,-1,967,850,968,-1,968,850,852,-1,968,852,969,-1,969,852,854,-1,969,854,970,-1,970,854,856,-1,970,856,971,-1,971,856,858,-1,971,858,972,-1,972,858,860,-1,972,860,973,-1,973,860,862,-1,973,862,974,-1,974,862,864,-1,974,864,975,-1,975,864,866,-1,975,866,976,-1,976,866,868,-1,976,868,977,-1,977,868,870,-1,977,870,978,-1,978,870,872,-1,978,872,979,-1,979,872,874,-1,979,874,980,-1,980,874,876,-1,980,876,981,-1,981,876,878,-1,981,878,982,-1,982,878,880,-1,982,880,983,-1,983,880,882,-1,983,882,984,-1,984,882,884,-1,984,884,985,-1,985,884,886,-1,985,886,986,-1,986,886,888,-1,986,888,987,-1,987,888,890,-1,987,890,988,-1,988,890,892,-1,988,892,989,-1,989,892,846,-1,989,846,966,-1,966,846,848,-1,990,991,992,-1,992,991,993,-1,992,993,994,-1,994,993,995,-1,994,995,996,-1,996,995,997,-1,996,997,998,-1,998,997,999,-1,998,999,1000,-1,1000,999,1001,-1,1000,1001,1002,-1,1002,1001,1003,-1,1002,1003,1004,-1,1004,1003,1005,-1,1004,1005,1006,-1,1006,1005,1007,-1,1006,1007,1008,-1,1008,1007,1009,-1,1008,1009,1010,-1,1010,1009,1011,-1,1010,1011,1012,-1,1012,1011,1013,-1,1012,1013,1014,-1,1014,1013,1015,-1,1014,1015,1016,-1,1016,1015,1017,-1,1016,1017,1018,-1,1018,1017,1019,-1,1018,1019,1020,-1,1020,1019,1021,-1,1020,1021,1022,-1,1022,1021,1023,-1,1022,1023,1024,-1,1024,1023,1025,-1,1024,1025,1026,-1,1026,1025,1027,-1,1026,1027,1028,-1,1028,1027,1029,-1,1028,1029,1030,-1,1030,1029,1031,-1,1030,1031,1032,-1,1032,1031,1033,-1,1032,1033,1034,-1,1034,1033,1035,-1,1034,1035,1036,-1,1036,1035,1037,-1,1036,1037,990,-1,990,1037,991,-1,991,1038,993,-1,993,1038,1039,-1,993,1039,995,-1,995,1039,1040,-1,995,1040,997,-1,997,1040,1041,-1,997,1041,999,-1,999,1041,1042,-1,999,1042,1001,-1,1001,1042,1043,-1,1001,1043,1003,-1,1003,1043,1044,-1,1003,1044,1005,-1,1005,1044,1045,-1,1005,1045,1007,-1,1007,1045,1046,-1,1007,1046,1009,-1,1009,1046,1047,-1,1009,1047,1011,-1,1011,1047,1048,-1,1011,1048,1013,-1,1013,1048,1049,-1,1013,1049,1015,-1,1015,1049,1050,-1,1015,1050,1017,-1,1017,1050,1051,-1,1017,1051,1019,-1,1019,1051,1052,-1,1019,1052,1021,-1,1021,1052,1053,-1,1021,1053,1023,-1,1023,1053,1054,-1,1023,1054,1025,-1,1025,1054,1055,-1,1025,1055,1027,-1,1027,1055,1056,-1,1027,1056,1029,-1,1029,1056,1057,-1,1029,1057,1031,-1,1031,1057,1058,-1,1031,1058,1033,-1,1033,1058,1059,-1,1033,1059,1035,-1,1035,1059,1060,-1,1035,1060,1037,-1,1037,1060,1061,-1,1037,1061,991,-1,991,1061,1038,-1,1038,1062,1039,-1,1039,1062,1063,-1,1039,1063,1040,-1,1040,1063,1064,-1,1040,1064,1041,-1,1041,1064,1065,-1,1041,1065,1042,-1,1042,1065,1066,-1,1042,1066,1043,-1,1043,1066,1067,-1,1043,1067,1044,-1,1044,1067,1068,-1,1044,1068,1045,-1,1045,1068,1069,-1,1045,1069,1046,-1,1046,1069,1070,-1,1046,1070,1047,-1,1047,1070,1071,-1,1047,1071,1048,-1,1048,1071,1072,-1,1048,1072,1049,-1,1049,1072,1073,-1,1049,1073,1050,-1,1050,1073,1074,-1,1050,1074,1051,-1,1051,1074,1075,-1,1051,1075,1052,-1,1052,1075,1076,-1,1052,1076,1053,-1,1053,1076,1077,-1,1053,1077,1054,-1,1054,1077,1078,-1,1054,1078,1055,-1,1055,1078,1079,-1,1055,1079,1056,-1,1056,1079,1080,-1,1056,1080,1057,-1,1057,1080,1081,-1,1057,1081,1058,-1,1058,1081,1082,-1,1058,1082,1059,-1,1059,1082,1083,-1,1059,1083,1060,-1,1060,1083,1084,-1,1060,1084,1061,-1,1061,1084,1085,-1,1061,1085,1038,-1,1038,1085,1062,-1,1062,1086,1063,-1,1063,1086,1087,-1,1063,1087,1064,-1,1064,1087,1088,-1,1064,1088,1065,-1,1065,1088,1089,-1,1065,1089,1066,-1,1066,1089,1090,-1,1066,1090,1067,-1,1067,1090,1091,-1,1067,1091,1068,-1,1068,1091,1092,-1,1068,1092,1069,-1,1069,1092,1093,-1,1069,1093,1070,-1,1070,1093,1094,-1,1070,1094,1071,-1,1071,1094,1095,-1,1071,1095,1072,-1,1072,1095,1096,-1,1072,1096,1073,-1,1073,1096,1097,-1,1073,1097,1074,-1,1074,1097,1098,-1,1074,1098,1075,-1,1075,1098,1099,-1,1075,1099,1076,-1,1076,1099,1100,-1,1076,1100,1077,-1,1077,1100,1101,-1,1077,1101,1078,-1,1078,1101,1102,-1,1078,1102,1079,-1,1079,1102,1103,-1,1079,1103,1080,-1,1080,1103,1104,-1,1080,1104,1081,-1,1081,1104,1105,-1,1081,1105,1082,-1,1082,1105,1106,-1,1082,1106,1083,-1,1083,1106,1107,-1,1083,1107,1084,-1,1084,1107,1108,-1,1084,1108,1085,-1,1085,1108,1109,-1,1085,1109,1062,-1,1062,1109,1086,-1,1086,1110,1087,-1,1087,1110,1111,-1,1087,1111,1088,-1,1088,1111,1112,-1,1088,1112,1089,-1,1089,1112,1113,-1,1089,1113,1090,-1,1090,1113,1114,-1,1090,1114,1091,-1,1091,1114,1115,-1,1091,1115,1092,-1,1092,1115,1116,-1,1092,1116,1093,-1,1093,1116,1117,-1,1093,1117,1094,-1,1094,1117,1118,-1,1094,1118,1095,-1,1095,1118,1119,-1,1095,1119,1096,-1,1096,1119,1120,-1,1096,1120,1097,-1,1097,1120,1121,-1,1097,1121,1098,-1,1098,1121,1122,-1,1098,1122,1099,-1,1099,1122,1123,-1,1099,1123,1100,-1,1100,1123,1124,-1,1100,1124,1101,-1,1101,1124,1125,-1,1101,1125,1102,-1,1102,1125,1126,-1,1102,1126,1103,-1,1103,1126,1127,-1,1103,1127,1104,-1,1104,1127,1128,-1,1104,1128,1105,-1,1105,1128,1129,-1,1105,1129,1106,-1,1106,1129,1130,-1,1106,1130,1107,-1,1107,1130,1131,-1,1107,1131,1108,-1,1108,1131,1132,-1,1108,1132,1109,-1,1109,1132,1133,-1,1109,1133,1086,-1,1086,1133,1110,-1,1110,1134,1111,-1,1111,1134,1135,-1,1111,1135,1112,-1,1112,1135,1136,-1,1112,1136,1113,-1,1113,1136,1137,-1,1113,1137,1114,-1,1114,1137,1138,-1,1114,1138,1115,-1,1115,1138,1139,-1,1115,1139,1116,-1,1116,1139,1140,-1,1116,1140,1117,-1,1117,1140,1141,-1,1117,1141,1118,-1,1118,1141,1142,-1,1118,1142,1119,-1,1119,1142,1143,-1,1119,1143,1120,-1,1120,1143,1144,-1,1120,1144,1121,-1,1121,1144,1145,-1,1121,1145,1122,-1,1122,1145,1146,-1,1122,1146,1123,-1,1123,1146,1147,-1,1123,1147,1124,-1,1124,1147,1148,-1,1124,1148,1125,-1,1125,1148,1149,-1,1125,1149,1126,-1,1126,1149,1150,-1,1126,1150,1127,-1,1127,1150,1151,-1,1127,1151,1128,-1,1128,1151,1152,-1,1128,1152,1129,-1,1129,1152,1153,-1,1129,1153,1130,-1,1130,1153,1154,-1,1130,1154,1131,-1,1131,1154,1155,-1,1131,1155,1132,-1,1132,1155,1156,-1,1132,1156,1133,-1,1133,1156,1157,-1,1133,1157,1110,-1,1110,1157,1134,-1,1134,966,1135,-1,1135,966,967,-1,1135,967,1136,-1,1136,967,968,-1,1136,968,1137,-1,1137,968,969,-1,1137,969,1138,-1,1138,969,970,-1,1138,970,1139,-1,1139,970,971,-1,1139,971,1140,-1,1140,971,972,-1,1140,972,1141,-1,1141,972,973,-1,1141,973,1142,-1,1142,973,974,-1,1142,974,1143,-1,1143,974,975,-1,1143,975,1144,-1,1144,975,976,-1,1144,976,1145,-1,1145,976,977,-1,1145,977,1146,-1,1146,977,978,-1,1146,978,1147,-1,1147,978,979,-1,1147,979,1148,-1,1148,979,980,-1,1148,980,1149,-1,1149,980,981,-1,1149,981,1150,-1,1150,981,982,-1,1150,982,1151,-1,1151,982,983,-1,1151,983,1152,-1,1152,983,984,-1,1152,984,1153,-1,1153,984,985,-1,1153,985,1154,-1,1154,985,986,-1,1154,986,1155,-1,1155,986,987,-1,1155,987,1156,-1,1156,987,988,-1,1156,988,1157,-1,1157,988,989,-1,1157,989,1134,-1,1134,989,966,-1,813,1028,808,-1,808,1028,1030,-1,808,1030,809,-1,809,1030,1032,-1,809,1032,810,-1,810,1032,1034,-1,810,1034,805,-1,805,1034,1036,-1,805,1036,806,-1,806,1036,990,-1,806,990,807,-1,807,990,992,-1,807,992,802,-1,802,992,994,-1,802,994,803,-1,803,994,996,-1,803,996,804,-1,804,996,998,-1,804,998,797,-1,797,998,1000,-1,797,1000,798,-1,798,1000,1002,-1,798,1002,800,-1,800,1002,1004,-1,800,1004,801,-1,801,1004,1006,-1,801,1006,820,-1,820,1006,1008,-1,820,1008,821,-1,821,1008,1010,-1,821,1010,817,-1,817,1010,1012,-1,817,1012,818,-1,818,1012,1014,-1,818,1014,819,-1,819,1014,1016,-1,819,1016,814,-1,814,1016,1018,-1,814,1018,815,-1,815,1018,1020,-1,815,1020,816,-1,816,1020,1022,-1,816,1022,811,-1,811,1022,1024,-1,811,1024,812,-1,812,1024,1026,-1,812,1026,813,-1,813,1026,1028,-1,1158,1159,1160,-1,1160,1159,1161,-1,1160,1161,1162,-1,1163,1164,1160,-1,1160,1164,1165,-1,1160,1165,1158,-1,1166,1167,1160,-1,1160,1167,1168,-1,1160,1168,1163,-1,1169,1170,1160,-1,1160,1170,1171,-1,1160,1171,1166,-1,1172,1173,1160,-1,1160,1173,1174,-1,1160,1174,1169,-1,1175,1176,1160,-1,1160,1176,1177,-1,1160,1177,1172,-1,1178,1179,1160,-1,1160,1179,1180,-1,1160,1180,1175,-1,1162,1181,1160,-1,1160,1181,1182,-1,1160,1182,1178,-1,1183,1184,1185,-1,1185,1184,1186,-1,1185,1186,1187,-1,1188,1189,1185,-1,1185,1189,1190,-1,1185,1190,1183,-1,1191,1192,1185,-1,1185,1192,1193,-1,1185,1193,1188,-1,1194,1195,1185,-1,1185,1195,1196,-1,1185,1196,1191,-1,1197,1198,1185,-1,1185,1198,1199,-1,1185,1199,1194,-1,1200,1201,1185,-1,1185,1201,1202,-1,1185,1202,1197,-1,1203,1204,1185,-1,1185,1204,1205,-1,1185,1205,1200,-1,1187,1206,1185,-1,1185,1206,1207,-1,1185,1207,1203,-1,1208,1159,1209,-1,1209,1159,1158,-1,1209,1158,1210,-1,1210,1158,1165,-1,1210,1165,1211,-1,1211,1165,1164,-1,1211,1164,1212,-1,1212,1164,1163,-1,1212,1163,1213,-1,1213,1163,1168,-1,1213,1168,1214,-1,1214,1168,1167,-1,1214,1167,1215,-1,1215,1167,1166,-1,1215,1166,1216,-1,1216,1166,1171,-1,1216,1171,1217,-1,1217,1171,1170,-1,1217,1170,1218,-1,1218,1170,1169,-1,1218,1169,1219,-1,1219,1169,1174,-1,1219,1174,1220,-1,1220,1174,1173,-1,1220,1173,1221,-1,1221,1173,1172,-1,1221,1172,1222,-1,1222,1172,1177,-1,1222,1177,1223,-1,1223,1177,1176,-1,1223,1176,1224,-1,1224,1176,1175,-1,1224,1175,1225,-1,1225,1175,1180,-1,1225,1180,1226,-1,1226,1180,1179,-1,1226,1179,1227,-1,1227,1179,1178,-1,1227,1178,1228,-1,1228,1178,1182,-1,1228,1182,1229,-1,1229,1182,1181,-1,1229,1181,1230,-1,1230,1181,1162,-1,1230,1162,1231,-1,1231,1162,1161,-1,1231,1161,1208,-1,1208,1161,1159,-1,1232,1233,1234,-1,1234,1233,1235,-1,1234,1235,1236,-1,1236,1235,1237,-1,1236,1237,1238,-1,1238,1237,1239,-1,1238,1239,1240,-1,1240,1239,1241,-1,1240,1241,1242,-1,1242,1241,1243,-1,1242,1243,1244,-1,1244,1243,1245,-1,1244,1245,1246,-1,1246,1245,1247,-1,1246,1247,1248,-1,1248,1247,1249,-1,1248,1249,1250,-1,1250,1249,1251,-1,1250,1251,1252,-1,1252,1251,1253,-1,1252,1253,1254,-1,1254,1253,1255,-1,1254,1255,1256,-1,1256,1255,1257,-1,1256,1257,1258,-1,1258,1257,1259,-1,1258,1259,1260,-1,1260,1259,1261,-1,1260,1261,1262,-1,1262,1261,1263,-1,1262,1263,1264,-1,1264,1263,1265,-1,1264,1265,1266,-1,1266,1265,1267,-1,1266,1267,1268,-1,1268,1267,1269,-1,1268,1269,1270,-1,1270,1269,1271,-1,1270,1271,1272,-1,1272,1271,1273,-1,1272,1273,1274,-1,1274,1273,1275,-1,1274,1275,1276,-1,1276,1275,1277,-1,1276,1277,1278,-1,1278,1277,1279,-1,1278,1279,1232,-1,1232,1279,1233,-1,1233,1280,1235,-1,1235,1280,1281,-1,1235,1281,1237,-1,1237,1281,1282,-1,1237,1282,1239,-1,1239,1282,1283,-1,1239,1283,1241,-1,1241,1283,1284,-1,1241,1284,1243,-1,1243,1284,1285,-1,1243,1285,1245,-1,1245,1285,1286,-1,1245,1286,1247,-1,1247,1286,1287,-1,1247,1287,1249,-1,1249,1287,1288,-1,1249,1288,1251,-1,1251,1288,1289,-1,1251,1289,1253,-1,1253,1289,1290,-1,1253,1290,1255,-1,1255,1290,1291,-1,1255,1291,1257,-1,1257,1291,1292,-1,1257,1292,1259,-1,1259,1292,1293,-1,1259,1293,1261,-1,1261,1293,1294,-1,1261,1294,1263,-1,1263,1294,1295,-1,1263,1295,1265,-1,1265,1295,1296,-1,1265,1296,1267,-1,1267,1296,1297,-1,1267,1297,1269,-1,1269,1297,1298,-1,1269,1298,1271,-1,1271,1298,1299,-1,1271,1299,1273,-1,1273,1299,1300,-1,1273,1300,1275,-1,1275,1300,1301,-1,1275,1301,1277,-1,1277,1301,1302,-1,1277,1302,1279,-1,1279,1302,1303,-1,1279,1303,1233,-1,1233,1303,1280,-1,1280,1304,1281,-1,1281,1304,1305,-1,1281,1305,1282,-1,1282,1305,1306,-1,1282,1306,1283,-1,1283,1306,1307,-1,1283,1307,1284,-1,1284,1307,1308,-1,1284,1308,1285,-1,1285,1308,1309,-1,1285,1309,1286,-1,1286,1309,1310,-1,1286,1310,1287,-1,1287,1310,1311,-1,1287,1311,1288,-1,1288,1311,1312,-1,1288,1312,1289,-1,1289,1312,1313,-1,1289,1313,1290,-1,1290,1313,1314,-1,1290,1314,1291,-1,1291,1314,1315,-1,1291,1315,1292,-1,1292,1315,1316,-1,1292,1316,1293,-1,1293,1316,1317,-1,1293,1317,1294,-1,1294,1317,1318,-1,1294,1318,1295,-1,1295,1318,1319,-1,1295,1319,1296,-1,1296,1319,1320,-1,1296,1320,1297,-1,1297,1320,1321,-1,1297,1321,1298,-1,1298,1321,1322,-1,1298,1322,1299,-1,1299,1322,1323,-1,1299,1323,1300,-1,1300,1323,1324,-1,1300,1324,1301,-1,1301,1324,1325,-1,1301,1325,1302,-1,1302,1325,1326,-1,1302,1326,1303,-1,1303,1326,1327,-1,1303,1327,1280,-1,1280,1327,1304,-1,1304,1328,1305,-1,1305,1328,1329,-1,1305,1329,1306,-1,1306,1329,1330,-1,1306,1330,1307,-1,1307,1330,1331,-1,1307,1331,1308,-1,1308,1331,1332,-1,1308,1332,1309,-1,1309,1332,1333,-1,1309,1333,1310,-1,1310,1333,1334,-1,1310,1334,1311,-1,1311,1334,1335,-1,1311,1335,1312,-1,1312,1335,1336,-1,1312,1336,1313,-1,1313,1336,1337,-1,1313,1337,1314,-1,1314,1337,1338,-1,1314,1338,1315,-1,1315,1338,1339,-1,1315,1339,1316,-1,1316,1339,1340,-1,1316,1340,1317,-1,1317,1340,1341,-1,1317,1341,1318,-1,1318,1341,1342,-1,1318,1342,1319,-1,1319,1342,1343,-1,1319,1343,1320,-1,1320,1343,1344,-1,1320,1344,1321,-1,1321,1344,1345,-1,1321,1345,1322,-1,1322,1345,1346,-1,1322,1346,1323,-1,1323,1346,1347,-1,1323,1347,1324,-1,1324,1347,1348,-1,1324,1348,1325,-1,1325,1348,1349,-1,1325,1349,1326,-1,1326,1349,1350,-1,1326,1350,1327,-1,1327,1350,1351,-1,1327,1351,1304,-1,1304,1351,1328,-1,1328,1226,1329,-1,1329,1226,1227,-1,1329,1227,1330,-1,1330,1227,1228,-1,1330,1228,1331,-1,1331,1228,1229,-1,1331,1229,1332,-1,1332,1229,1230,-1,1332,1230,1333,-1,1333,1230,1231,-1,1333,1231,1334,-1,1334,1231,1208,-1,1334,1208,1335,-1,1335,1208,1209,-1,1335,1209,1336,-1,1336,1209,1210,-1,1336,1210,1337,-1,1337,1210,1211,-1,1337,1211,1338,-1,1338,1211,1212,-1,1338,1212,1339,-1,1339,1212,1213,-1,1339,1213,1340,-1,1340,1213,1214,-1,1340,1214,1341,-1,1341,1214,1215,-1,1341,1215,1342,-1,1342,1215,1216,-1,1342,1216,1343,-1,1343,1216,1217,-1,1343,1217,1344,-1,1344,1217,1218,-1,1344,1218,1345,-1,1345,1218,1219,-1,1345,1219,1346,-1,1346,1219,1220,-1,1346,1220,1347,-1,1347,1220,1221,-1,1347,1221,1348,-1,1348,1221,1222,-1,1348,1222,1349,-1,1349,1222,1223,-1,1349,1223,1350,-1,1350,1223,1224,-1,1350,1224,1351,-1,1351,1224,1225,-1,1351,1225,1328,-1,1328,1225,1226,-1,1352,1234,1353,-1,1353,1234,1236,-1,1353,1236,1354,-1,1354,1236,1238,-1,1354,1238,1355,-1,1355,1238,1240,-1,1355,1240,1356,-1,1356,1240,1242,-1,1356,1242,1357,-1,1357,1242,1244,-1,1357,1244,1358,-1,1358,1244,1246,-1,1358,1246,1359,-1,1359,1246,1248,-1,1359,1248,1360,-1,1360,1248,1250,-1,1360,1250,1361,-1,1361,1250,1252,-1,1361,1252,1362,-1,1362,1252,1254,-1,1362,1254,1363,-1,1363,1254,1256,-1,1363,1256,1364,-1,1364,1256,1258,-1,1364,1258,1365,-1,1365,1258,1260,-1,1365,1260,1366,-1,1366,1260,1262,-1,1366,1262,1367,-1,1367,1262,1264,-1,1367,1264,1368,-1,1368,1264,1266,-1,1368,1266,1369,-1,1369,1266,1268,-1,1369,1268,1370,-1,1370,1268,1270,-1,1370,1270,1371,-1,1371,1270,1272,-1,1371,1272,1372,-1,1372,1272,1274,-1,1372,1274,1373,-1,1373,1274,1276,-1,1373,1276,1374,-1,1374,1276,1278,-1,1374,1278,1375,-1,1375,1278,1232,-1,1375,1232,1352,-1,1352,1232,1234,-1,1376,1377,1378,-1,1378,1377,1379,-1,1378,1379,1380,-1,1380,1379,1381,-1,1380,1381,1382,-1,1382,1381,1383,-1,1382,1383,1384,-1,1384,1383,1385,-1,1384,1385,1386,-1,1386,1385,1387,-1,1386,1387,1388,-1,1388,1387,1389,-1,1388,1389,1390,-1,1390,1389,1391,-1,1390,1391,1392,-1,1392,1391,1393,-1,1392,1393,1394,-1,1394,1393,1395,-1,1394,1395,1396,-1,1396,1395,1397,-1,1396,1397,1398,-1,1398,1397,1399,-1,1398,1399,1400,-1,1400,1399,1401,-1,1400,1401,1402,-1,1402,1401,1403,-1,1402,1403,1404,-1,1404,1403,1405,-1,1404,1405,1406,-1,1406,1405,1407,-1,1406,1407,1408,-1,1408,1407,1409,-1,1408,1409,1410,-1,1410,1409,1411,-1,1410,1411,1412,-1,1412,1411,1413,-1,1412,1413,1414,-1,1414,1413,1415,-1,1414,1415,1416,-1,1416,1415,1417,-1,1416,1417,1418,-1,1418,1417,1419,-1,1418,1419,1420,-1,1420,1419,1421,-1,1420,1421,1422,-1,1422,1421,1423,-1,1422,1423,1376,-1,1376,1423,1377,-1,1377,1424,1379,-1,1379,1424,1425,-1,1379,1425,1381,-1,1381,1425,1426,-1,1381,1426,1383,-1,1383,1426,1427,-1,1383,1427,1385,-1,1385,1427,1428,-1,1385,1428,1387,-1,1387,1428,1429,-1,1387,1429,1389,-1,1389,1429,1430,-1,1389,1430,1391,-1,1391,1430,1431,-1,1391,1431,1393,-1,1393,1431,1432,-1,1393,1432,1395,-1,1395,1432,1433,-1,1395,1433,1397,-1,1397,1433,1434,-1,1397,1434,1399,-1,1399,1434,1435,-1,1399,1435,1401,-1,1401,1435,1436,-1,1401,1436,1403,-1,1403,1436,1437,-1,1403,1437,1405,-1,1405,1437,1438,-1,1405,1438,1407,-1,1407,1438,1439,-1,1407,1439,1409,-1,1409,1439,1440,-1,1409,1440,1411,-1,1411,1440,1441,-1,1411,1441,1413,-1,1413,1441,1442,-1,1413,1442,1415,-1,1415,1442,1443,-1,1415,1443,1417,-1,1417,1443,1444,-1,1417,1444,1419,-1,1419,1444,1445,-1,1419,1445,1421,-1,1421,1445,1446,-1,1421,1446,1423,-1,1423,1446,1447,-1,1423,1447,1377,-1,1377,1447,1424,-1,1424,1448,1425,-1,1425,1448,1449,-1,1425,1449,1426,-1,1426,1449,1450,-1,1426,1450,1427,-1,1427,1450,1451,-1,1427,1451,1428,-1,1428,1451,1452,-1,1428,1452,1429,-1,1429,1452,1453,-1,1429,1453,1430,-1,1430,1453,1454,-1,1430,1454,1431,-1,1431,1454,1455,-1,1431,1455,1432,-1,1432,1455,1456,-1,1432,1456,1433,-1,1433,1456,1457,-1,1433,1457,1434,-1,1434,1457,1458,-1,1434,1458,1435,-1,1435,1458,1459,-1,1435,1459,1436,-1,1436,1459,1460,-1,1436,1460,1437,-1,1437,1460,1461,-1,1437,1461,1438,-1,1438,1461,1462,-1,1438,1462,1439,-1,1439,1462,1463,-1,1439,1463,1440,-1,1440,1463,1464,-1,1440,1464,1441,-1,1441,1464,1465,-1,1441,1465,1442,-1,1442,1465,1466,-1,1442,1466,1443,-1,1443,1466,1467,-1,1443,1467,1444,-1,1444,1467,1468,-1,1444,1468,1445,-1,1445,1468,1469,-1,1445,1469,1446,-1,1446,1469,1470,-1,1446,1470,1447,-1,1447,1470,1471,-1,1447,1471,1424,-1,1424,1471,1448,-1,1448,1472,1449,-1,1449,1472,1473,-1,1449,1473,1450,-1,1450,1473,1474,-1,1450,1474,1451,-1,1451,1474,1475,-1,1451,1475,1452,-1,1452,1475,1476,-1,1452,1476,1453,-1,1453,1476,1477,-1,1453,1477,1454,-1,1454,1477,1478,-1,1454,1478,1455,-1,1455,1478,1479,-1,1455,1479,1456,-1,1456,1479,1480,-1,1456,1480,1457,-1,1457,1480,1481,-1,1457,1481,1458,-1,1458,1481,1482,-1,1458,1482,1459,-1,1459,1482,1483,-1,1459,1483,1460,-1,1460,1483,1484,-1,1460,1484,1461,-1,1461,1484,1485,-1,1461,1485,1462,-1,1462,1485,1486,-1,1462,1486,1463,-1,1463,1486,1487,-1,1463,1487,1464,-1,1464,1487,1488,-1,1464,1488,1465,-1,1465,1488,1489,-1,1465,1489,1466,-1,1466,1489,1490,-1,1466,1490,1467,-1,1467,1490,1491,-1,1467,1491,1468,-1,1468,1491,1492,-1,1468,1492,1469,-1,1469,1492,1493,-1,1469,1493,1470,-1,1470,1493,1494,-1,1470,1494,1471,-1,1471,1494,1495,-1,1471,1495,1448,-1,1448,1495,1472,-1,1472,1496,1473,-1,1473,1496,1497,-1,1473,1497,1474,-1,1474,1497,1498,-1,1474,1498,1475,-1,1475,1498,1499,-1,1475,1499,1476,-1,1476,1499,1500,-1,1476,1500,1477,-1,1477,1500,1501,-1,1477,1501,1478,-1,1478,1501,1502,-1,1478,1502,1479,-1,1479,1502,1503,-1,1479,1503,1480,-1,1480,1503,1504,-1,1480,1504,1481,-1,1481,1504,1505,-1,1481,1505,1482,-1,1482,1505,1506,-1,1482,1506,1483,-1,1483,1506,1507,-1,1483,1507,1484,-1,1484,1507,1508,-1,1484,1508,1485,-1,1485,1508,1509,-1,1485,1509,1486,-1,1486,1509,1510,-1,1486,1510,1487,-1,1487,1510,1511,-1,1487,1511,1488,-1,1488,1511,1512,-1,1488,1512,1489,-1,1489,1512,1513,-1,1489,1513,1490,-1,1490,1513,1514,-1,1490,1514,1491,-1,1491,1514,1515,-1,1491,1515,1492,-1,1492,1515,1516,-1,1492,1516,1493,-1,1493,1516,1517,-1,1493,1517,1494,-1,1494,1517,1518,-1,1494,1518,1495,-1,1495,1518,1519,-1,1495,1519,1472,-1,1472,1519,1496,-1,1496,1520,1497,-1,1497,1520,1521,-1,1497,1521,1498,-1,1498,1521,1522,-1,1498,1522,1499,-1,1499,1522,1523,-1,1499,1523,1500,-1,1500,1523,1524,-1,1500,1524,1501,-1,1501,1524,1525,-1,1501,1525,1502,-1,1502,1525,1526,-1,1502,1526,1503,-1,1503,1526,1527,-1,1503,1527,1504,-1,1504,1527,1528,-1,1504,1528,1505,-1,1505,1528,1529,-1,1505,1529,1506,-1,1506,1529,1530,-1,1506,1530,1507,-1,1507,1530,1531,-1,1507,1531,1508,-1,1508,1531,1532,-1,1508,1532,1509,-1,1509,1532,1533,-1,1509,1533,1510,-1,1510,1533,1534,-1,1510,1534,1511,-1,1511,1534,1535,-1,1511,1535,1512,-1,1512,1535,1536,-1,1512,1536,1513,-1,1513,1536,1537,-1,1513,1537,1514,-1,1514,1537,1538,-1,1514,1538,1515,-1,1515,1538,1539,-1,1515,1539,1516,-1,1516,1539,1540,-1,1516,1540,1517,-1,1517,1540,1541,-1,1517,1541,1518,-1,1518,1541,1542,-1,1518,1542,1519,-1,1519,1542,1543,-1,1519,1543,1496,-1,1496,1543,1520,-1,1520,1352,1521,-1,1521,1352,1353,-1,1521,1353,1522,-1,1522,1353,1354,-1,1522,1354,1523,-1,1523,1354,1355,-1,1523,1355,1524,-1,1524,1355,1356,-1,1524,1356,1525,-1,1525,1356,1357,-1,1525,1357,1526,-1,1526,1357,1358,-1,1526,1358,1527,-1,1527,1358,1359,-1,1527,1359,1528,-1,1528,1359,1360,-1,1528,1360,1529,-1,1529,1360,1361,-1,1529,1361,1530,-1,1530,1361,1362,-1,1530,1362,1531,-1,1531,1362,1363,-1,1531,1363,1532,-1,1532,1363,1364,-1,1532,1364,1533,-1,1533,1364,1365,-1,1533,1365,1534,-1,1534,1365,1366,-1,1534,1366,1535,-1,1535,1366,1367,-1,1535,1367,1536,-1,1536,1367,1368,-1,1536,1368,1537,-1,1537,1368,1369,-1,1537,1369,1538,-1,1538,1369,1370,-1,1538,1370,1539,-1,1539,1370,1371,-1,1539,1371,1540,-1,1540,1371,1372,-1,1540,1372,1541,-1,1541,1372,1373,-1,1541,1373,1542,-1,1542,1373,1374,-1,1542,1374,1543,-1,1543,1374,1375,-1,1543,1375,1520,-1,1520,1375,1352,-1,1199,1414,1194,-1,1194,1414,1416,-1,1194,1416,1195,-1,1195,1416,1418,-1,1195,1418,1196,-1,1196,1418,1420,-1,1196,1420,1191,-1,1191,1420,1422,-1,1191,1422,1192,-1,1192,1422,1376,-1,1192,1376,1193,-1,1193,1376,1378,-1,1193,1378,1188,-1,1188,1378,1380,-1,1188,1380,1189,-1,1189,1380,1382,-1,1189,1382,1190,-1,1190,1382,1384,-1,1190,1384,1183,-1,1183,1384,1386,-1,1183,1386,1184,-1,1184,1386,1388,-1,1184,1388,1186,-1,1186,1388,1390,-1,1186,1390,1187,-1,1187,1390,1392,-1,1187,1392,1206,-1,1206,1392,1394,-1,1206,1394,1207,-1,1207,1394,1396,-1,1207,1396,1203,-1,1203,1396,1398,-1,1203,1398,1204,-1,1204,1398,1400,-1,1204,1400,1205,-1,1205,1400,1402,-1,1205,1402,1200,-1,1200,1402,1404,-1,1200,1404,1201,-1,1201,1404,1406,-1,1201,1406,1202,-1,1202,1406,1408,-1,1202,1408,1197,-1,1197,1408,1410,-1,1197,1410,1198,-1,1198,1410,1412,-1,1198,1412,1199,-1,1199,1412,1414,-1,1544,1545,1546,-1,1546,1545,1547,-1,1546,1547,1548,-1,1549,1550,1546,-1,1546,1550,1551,-1,1546,1551,1544,-1,1552,1553,1546,-1,1546,1553,1554,-1,1546,1554,1549,-1,1555,1556,1546,-1,1546,1556,1557,-1,1546,1557,1552,-1,1558,1559,1546,-1,1546,1559,1560,-1,1546,1560,1555,-1,1561,1562,1546,-1,1546,1562,1563,-1,1546,1563,1558,-1,1564,1565,1546,-1,1546,1565,1566,-1,1546,1566,1561,-1,1548,1567,1546,-1,1546,1567,1568,-1,1546,1568,1564,-1,1569,1570,1571,-1,1571,1570,1572,-1,1571,1572,1573,-1,1574,1575,1571,-1,1571,1575,1576,-1,1571,1576,1569,-1,1577,1578,1571,-1,1571,1578,1579,-1,1571,1579,1574,-1,1580,1581,1571,-1,1571,1581,1582,-1,1571,1582,1577,-1,1583,1584,1571,-1,1571,1584,1585,-1,1571,1585,1580,-1,1586,1587,1571,-1,1571,1587,1588,-1,1571,1588,1583,-1,1589,1590,1571,-1,1571,1590,1591,-1,1571,1591,1586,-1,1573,1592,1571,-1,1571,1592,1593,-1,1571,1593,1589,-1,1594,1545,1595,-1,1595,1545,1544,-1,1595,1544,1596,-1,1596,1544,1551,-1,1596,1551,1597,-1,1597,1551,1550,-1,1597,1550,1598,-1,1598,1550,1549,-1,1598,1549,1599,-1,1599,1549,1554,-1,1599,1554,1600,-1,1600,1554,1553,-1,1600,1553,1601,-1,1601,1553,1552,-1,1601,1552,1602,-1,1602,1552,1557,-1,1602,1557,1603,-1,1603,1557,1556,-1,1603,1556,1604,-1,1604,1556,1555,-1,1604,1555,1605,-1,1605,1555,1560,-1,1605,1560,1606,-1,1606,1560,1559,-1,1606,1559,1607,-1,1607,1559,1558,-1,1607,1558,1608,-1,1608,1558,1563,-1,1608,1563,1609,-1,1609,1563,1562,-1,1609,1562,1610,-1,1610,1562,1561,-1,1610,1561,1611,-1,1611,1561,1566,-1,1611,1566,1612,-1,1612,1566,1565,-1,1612,1565,1613,-1,1613,1565,1564,-1,1613,1564,1614,-1,1614,1564,1568,-1,1614,1568,1615,-1,1615,1568,1567,-1,1615,1567,1616,-1,1616,1567,1548,-1,1616,1548,1617,-1,1617,1548,1547,-1,1617,1547,1594,-1,1594,1547,1545,-1,1618,1619,1620,-1,1620,1619,1621,-1,1620,1621,1622,-1,1622,1621,1623,-1,1622,1623,1624,-1,1624,1623,1625,-1,1624,1625,1626,-1,1626,1625,1627,-1,1626,1627,1628,-1,1628,1627,1629,-1,1628,1629,1630,-1,1630,1629,1631,-1,1630,1631,1632,-1,1632,1631,1633,-1,1632,1633,1634,-1,1634,1633,1635,-1,1634,1635,1636,-1,1636,1635,1637,-1,1636,1637,1638,-1,1638,1637,1639,-1,1638,1639,1640,-1,1640,1639,1641,-1,1640,1641,1642,-1,1642,1641,1643,-1,1642,1643,1644,-1,1644,1643,1645,-1,1644,1645,1646,-1,1646,1645,1647,-1,1646,1647,1648,-1,1648,1647,1649,-1,1648,1649,1650,-1,1650,1649,1651,-1,1650,1651,1652,-1,1652,1651,1653,-1,1652,1653,1654,-1,1654,1653,1655,-1,1654,1655,1656,-1,1656,1655,1657,-1,1656,1657,1658,-1,1658,1657,1659,-1,1658,1659,1660,-1,1660,1659,1661,-1,1660,1661,1662,-1,1662,1661,1663,-1,1662,1663,1664,-1,1664,1663,1665,-1,1664,1665,1618,-1,1618,1665,1619,-1,1619,1666,1621,-1,1621,1666,1667,-1,1621,1667,1623,-1,1623,1667,1668,-1,1623,1668,1625,-1,1625,1668,1669,-1,1625,1669,1627,-1,1627,1669,1670,-1,1627,1670,1629,-1,1629,1670,1671,-1,1629,1671,1631,-1,1631,1671,1672,-1,1631,1672,1633,-1,1633,1672,1673,-1,1633,1673,1635,-1,1635,1673,1674,-1,1635,1674,1637,-1,1637,1674,1675,-1,1637,1675,1639,-1,1639,1675,1676,-1,1639,1676,1641,-1,1641,1676,1677,-1,1641,1677,1643,-1,1643,1677,1678,-1,1643,1678,1645,-1,1645,1678,1679,-1,1645,1679,1647,-1,1647,1679,1680,-1,1647,1680,1649,-1,1649,1680,1681,-1,1649,1681,1651,-1,1651,1681,1682,-1,1651,1682,1653,-1,1653,1682,1683,-1,1653,1683,1655,-1,1655,1683,1684,-1,1655,1684,1657,-1,1657,1684,1685,-1,1657,1685,1659,-1,1659,1685,1686,-1,1659,1686,1661,-1,1661,1686,1687,-1,1661,1687,1663,-1,1663,1687,1688,-1,1663,1688,1665,-1,1665,1688,1689,-1,1665,1689,1619,-1,1619,1689,1666,-1,1666,1690,1667,-1,1667,1690,1691,-1,1667,1691,1668,-1,1668,1691,1692,-1,1668,1692,1669,-1,1669,1692,1693,-1,1669,1693,1670,-1,1670,1693,1694,-1,1670,1694,1671,-1,1671,1694,1695,-1,1671,1695,1672,-1,1672,1695,1696,-1,1672,1696,1673,-1,1673,1696,1697,-1,1673,1697,1674,-1,1674,1697,1698,-1,1674,1698,1675,-1,1675,1698,1699,-1,1675,1699,1676,-1,1676,1699,1700,-1,1676,1700,1677,-1,1677,1700,1701,-1,1677,1701,1678,-1,1678,1701,1702,-1,1678,1702,1679,-1,1679,1702,1703,-1,1679,1703,1680,-1,1680,1703,1704,-1,1680,1704,1681,-1,1681,1704,1705,-1,1681,1705,1682,-1,1682,1705,1706,-1,1682,1706,1683,-1,1683,1706,1707,-1,1683,1707,1684,-1,1684,1707,1708,-1,1684,1708,1685,-1,1685,1708,1709,-1,1685,1709,1686,-1,1686,1709,1710,-1,1686,1710,1687,-1,1687,1710,1711,-1,1687,1711,1688,-1,1688,1711,1712,-1,1688,1712,1689,-1,1689,1712,1713,-1,1689,1713,1666,-1,1666,1713,1690,-1,1690,1714,1691,-1,1691,1714,1715,-1,1691,1715,1692,-1,1692,1715,1716,-1,1692,1716,1693,-1,1693,1716,1717,-1,1693,1717,1694,-1,1694,1717,1718,-1,1694,1718,1695,-1,1695,1718,1719,-1,1695,1719,1696,-1,1696,1719,1720,-1,1696,1720,1697,-1,1697,1720,1721,-1,1697,1721,1698,-1,1698,1721,1722,-1,1698,1722,1699,-1,1699,1722,1723,-1,1699,1723,1700,-1,1700,1723,1724,-1,1700,1724,1701,-1,1701,1724,1725,-1,1701,1725,1702,-1,1702,1725,1726,-1,1702,1726,1703,-1,1703,1726,1727,-1,1703,1727,1704,-1,1704,1727,1728,-1,1704,1728,1705,-1,1705,1728,1729,-1,1705,1729,1706,-1,1706,1729,1730,-1,1706,1730,1707,-1,1707,1730,1731,-1,1707,1731,1708,-1,1708,1731,1732,-1,1708,1732,1709,-1,1709,1732,1733,-1,1709,1733,1710,-1,1710,1733,1734,-1,1710,1734,1711,-1,1711,1734,1735,-1,1711,1735,1712,-1,1712,1735,1736,-1,1712,1736,1713,-1,1713,1736,1737,-1,1713,1737,1690,-1,1690,1737,1714,-1,1714,1612,1715,-1,1715,1612,1613,-1,1715,1613,1716,-1,1716,1613,1614,-1,1716,1614,1717,-1,1717,1614,1615,-1,1717,1615,1718,-1,1718,1615,1616,-1,1718,1616,1719,-1,1719,1616,1617,-1,1719,1617,1720,-1,1720,1617,1594,-1,1720,1594,1721,-1,1721,1594,1595,-1,1721,1595,1722,-1,1722,1595,1596,-1,1722,1596,1723,-1,1723,1596,1597,-1,1723,1597,1724,-1,1724,1597,1598,-1,1724,1598,1725,-1,1725,1598,1599,-1,1725,1599,1726,-1,1726,1599,1600,-1,1726,1600,1727,-1,1727,1600,1601,-1,1727,1601,1728,-1,1728,1601,1602,-1,1728,1602,1729,-1,1729,1602,1603,-1,1729,1603,1730,-1,1730,1603,1604,-1,1730,1604,1731,-1,1731,1604,1605,-1,1731,1605,1732,-1,1732,1605,1606,-1,1732,1606,1733,-1,1733,1606,1607,-1,1733,1607,1734,-1,1734,1607,1608,-1,1734,1608,1735,-1,1735,1608,1609,-1,1735,1609,1736,-1,1736,1609,1610,-1,1736,1610,1737,-1,1737,1610,1611,-1,1737,1611,1714,-1,1714,1611,1612,-1,1738,1620,1739,-1,1739,1620,1622,-1,1739,1622,1740,-1,1740,1622,1624,-1,1740,1624,1741,-1,1741,1624,1626,-1,1741,1626,1742,-1,1742,1626,1628,-1,1742,1628,1743,-1,1743,1628,1630,-1,1743,1630,1744,-1,1744,1630,1632,-1,1744,1632,1745,-1,1745,1632,1634,-1,1745,1634,1746,-1,1746,1634,1636,-1,1746,1636,1747,-1,1747,1636,1638,-1,1747,1638,1748,-1,1748,1638,1640,-1,1748,1640,1749,-1,1749,1640,1642,-1,1749,1642,1750,-1,1750,1642,1644,-1,1750,1644,1751,-1,1751,1644,1646,-1,1751,1646,1752,-1,1752,1646,1648,-1,1752,1648,1753,-1,1753,1648,1650,-1,1753,1650,1754,-1,1754,1650,1652,-1,1754,1652,1755,-1,1755,1652,1654,-1,1755,1654,1756,-1,1756,1654,1656,-1,1756,1656,1757,-1,1757,1656,1658,-1,1757,1658,1758,-1,1758,1658,1660,-1,1758,1660,1759,-1,1759,1660,1662,-1,1759,1662,1760,-1,1760,1662,1664,-1,1760,1664,1761,-1,1761,1664,1618,-1,1761,1618,1738,-1,1738,1618,1620,-1,1762,1763,1764,-1,1764,1763,1765,-1,1764,1765,1766,-1,1766,1765,1767,-1,1766,1767,1768,-1,1768,1767,1769,-1,1768,1769,1770,-1,1770,1769,1771,-1,1770,1771,1772,-1,1772,1771,1773,-1,1772,1773,1774,-1,1774,1773,1775,-1,1774,1775,1776,-1,1776,1775,1777,-1,1776,1777,1778,-1,1778,1777,1779,-1,1778,1779,1780,-1,1780,1779,1781,-1,1780,1781,1782,-1,1782,1781,1783,-1,1782,1783,1784,-1,1784,1783,1785,-1,1784,1785,1786,-1,1786,1785,1787,-1,1786,1787,1788,-1,1788,1787,1789,-1,1788,1789,1790,-1,1790,1789,1791,-1,1790,1791,1792,-1,1792,1791,1793,-1,1792,1793,1794,-1,1794,1793,1795,-1,1794,1795,1796,-1,1796,1795,1797,-1,1796,1797,1798,-1,1798,1797,1799,-1,1798,1799,1800,-1,1800,1799,1801,-1,1800,1801,1802,-1,1802,1801,1803,-1,1802,1803,1804,-1,1804,1803,1805,-1,1804,1805,1806,-1,1806,1805,1807,-1,1806,1807,1808,-1,1808,1807,1809,-1,1808,1809,1762,-1,1762,1809,1763,-1,1763,1810,1765,-1,1765,1810,1811,-1,1765,1811,1767,-1,1767,1811,1812,-1,1767,1812,1769,-1,1769,1812,1813,-1,1769,1813,1771,-1,1771,1813,1814,-1,1771,1814,1773,-1,1773,1814,1815,-1,1773,1815,1775,-1,1775,1815,1816,-1,1775,1816,1777,-1,1777,1816,1817,-1,1777,1817,1779,-1,1779,1817,1818,-1,1779,1818,1781,-1,1781,1818,1819,-1,1781,1819,1783,-1,1783,1819,1820,-1,1783,1820,1785,-1,1785,1820,1821,-1,1785,1821,1787,-1,1787,1821,1822,-1,1787,1822,1789,-1,1789,1822,1823,-1,1789,1823,1791,-1,1791,1823,1824,-1,1791,1824,1793,-1,1793,1824,1825,-1,1793,1825,1795,-1,1795,1825,1826,-1,1795,1826,1797,-1,1797,1826,1827,-1,1797,1827,1799,-1,1799,1827,1828,-1,1799,1828,1801,-1,1801,1828,1829,-1,1801,1829,1803,-1,1803,1829,1830,-1,1803,1830,1805,-1,1805,1830,1831,-1,1805,1831,1807,-1,1807,1831,1832,-1,1807,1832,1809,-1,1809,1832,1833,-1,1809,1833,1763,-1,1763,1833,1810,-1,1810,1834,1811,-1,1811,1834,1835,-1,1811,1835,1812,-1,1812,1835,1836,-1,1812,1836,1813,-1,1813,1836,1837,-1,1813,1837,1814,-1,1814,1837,1838,-1,1814,1838,1815,-1,1815,1838,1839,-1,1815,1839,1816,-1,1816,1839,1840,-1,1816,1840,1817,-1,1817,1840,1841,-1,1817,1841,1818,-1,1818,1841,1842,-1,1818,1842,1819,-1,1819,1842,1843,-1,1819,1843,1820,-1,1820,1843,1844,-1,1820,1844,1821,-1,1821,1844,1845,-1,1821,1845,1822,-1,1822,1845,1846,-1,1822,1846,1823,-1,1823,1846,1847,-1,1823,1847,1824,-1,1824,1847,1848,-1,1824,1848,1825,-1,1825,1848,1849,-1,1825,1849,1826,-1,1826,1849,1850,-1,1826,1850,1827,-1,1827,1850,1851,-1,1827,1851,1828,-1,1828,1851,1852,-1,1828,1852,1829,-1,1829,1852,1853,-1,1829,1853,1830,-1,1830,1853,1854,-1,1830,1854,1831,-1,1831,1854,1855,-1,1831,1855,1832,-1,1832,1855,1856,-1,1832,1856,1833,-1,1833,1856,1857,-1,1833,1857,1810,-1,1810,1857,1834,-1,1834,1858,1835,-1,1835,1858,1859,-1,1835,1859,1836,-1,1836,1859,1860,-1,1836,1860,1837,-1,1837,1860,1861,-1,1837,1861,1838,-1,1838,1861,1862,-1,1838,1862,1839,-1,1839,1862,1863,-1,1839,1863,1840,-1,1840,1863,1864,-1,1840,1864,1841,-1,1841,1864,1865,-1,1841,1865,1842,-1,1842,1865,1866,-1,1842,1866,1843,-1,1843,1866,1867,-1,1843,1867,1844,-1,1844,1867,1868,-1,1844,1868,1845,-1,1845,1868,1869,-1,1845,1869,1846,-1,1846,1869,1870,-1,1846,1870,1847,-1,1847,1870,1871,-1,1847,1871,1848,-1,1848,1871,1872,-1,1848,1872,1849,-1,1849,1872,1873,-1,1849,1873,1850,-1,1850,1873,1874,-1,1850,1874,1851,-1,1851,1874,1875,-1,1851,1875,1852,-1,1852,1875,1876,-1,1852,1876,1853,-1,1853,1876,1877,-1,1853,1877,1854,-1,1854,1877,1878,-1,1854,1878,1855,-1,1855,1878,1879,-1,1855,1879,1856,-1,1856,1879,1880,-1,1856,1880,1857,-1,1857,1880,1881,-1,1857,1881,1834,-1,1834,1881,1858,-1,1858,1882,1859,-1,1859,1882,1883,-1,1859,1883,1860,-1,1860,1883,1884,-1,1860,1884,1861,-1,1861,1884,1885,-1,1861,1885,1862,-1,1862,1885,1886,-1,1862,1886,1863,-1,1863,1886,1887,-1,1863,1887,1864,-1,1864,1887,1888,-1,1864,1888,1865,-1,1865,1888,1889,-1,1865,1889,1866,-1,1866,1889,1890,-1,1866,1890,1867,-1,1867,1890,1891,-1,1867,1891,1868,-1,1868,1891,1892,-1,1868,1892,1869,-1,1869,1892,1893,-1,1869,1893,1870,-1,1870,1893,1894,-1,1870,1894,1871,-1,1871,1894,1895,-1,1871,1895,1872,-1,1872,1895,1896,-1,1872,1896,1873,-1,1873,1896,1897,-1,1873,1897,1874,-1,1874,1897,1898,-1,1874,1898,1875,-1,1875,1898,1899,-1,1875,1899,1876,-1,1876,1899,1900,-1,1876,1900,1877,-1,1877,1900,1901,-1,1877,1901,1878,-1,1878,1901,1902,-1,1878,1902,1879,-1,1879,1902,1903,-1,1879,1903,1880,-1,1880,1903,1904,-1,1880,1904,1881,-1,1881,1904,1905,-1,1881,1905,1858,-1,1858,1905,1882,-1,1882,1906,1883,-1,1883,1906,1907,-1,1883,1907,1884,-1,1884,1907,1908,-1,1884,1908,1885,-1,1885,1908,1909,-1,1885,1909,1886,-1,1886,1909,1910,-1,1886,1910,1887,-1,1887,1910,1911,-1,1887,1911,1888,-1,1888,1911,1912,-1,1888,1912,1889,-1,1889,1912,1913,-1,1889,1913,1890,-1,1890,1913,1914,-1,1890,1914,1891,-1,1891,1914,1915,-1,1891,1915,1892,-1,1892,1915,1916,-1,1892,1916,1893,-1,1893,1916,1917,-1,1893,1917,1894,-1,1894,1917,1918,-1,1894,1918,1895,-1,1895,1918,1919,-1,1895,1919,1896,-1,1896,1919,1920,-1,1896,1920,1897,-1,1897,1920,1921,-1,1897,1921,1898,-1,1898,1921,1922,-1,1898,1922,1899,-1,1899,1922,1923,-1,1899,1923,1900,-1,1900,1923,1924,-1,1900,1924,1901,-1,1901,1924,1925,-1,1901,1925,1902,-1,1902,1925,1926,-1,1902,1926,1903,-1,1903,1926,1927,-1,1903,1927,1904,-1,1904,1927,1928,-1,1904,1928,1905,-1,1905,1928,1929,-1,1905,1929,1882,-1,1882,1929,1906,-1,1906,1738,1907,-1,1907,1738,1739,-1,1907,1739,1908,-1,1908,1739,1740,-1,1908,1740,1909,-1,1909,1740,1741,-1,1909,1741,1910,-1,1910,1741,1742,-1,1910,1742,1911,-1,1911,1742,1743,-1,1911,1743,1912,-1,1912,1743,1744,-1,1912,1744,1913,-1,1913,1744,1745,-1,1913,1745,1914,-1,1914,1745,1746,-1,1914,1746,1915,-1,1915,1746,1747,-1,1915,1747,1916,-1,1916,1747,1748,-1,1916,1748,1917,-1,1917,1748,1749,-1,1917,1749,1918,-1,1918,1749,1750,-1,1918,1750,1919,-1,1919,1750,1751,-1,1919,1751,1920,-1,1920,1751,1752,-1,1920,1752,1921,-1,1921,1752,1753,-1,1921,1753,1922,-1,1922,1753,1754,-1,1922,1754,1923,-1,1923,1754,1755,-1,1923,1755,1924,-1,1924,1755,1756,-1,1924,1756,1925,-1,1925,1756,1757,-1,1925,1757,1926,-1,1926,1757,1758,-1,1926,1758,1927,-1,1927,1758,1759,-1,1927,1759,1928,-1,1928,1759,1760,-1,1928,1760,1929,-1,1929,1760,1761,-1,1929,1761,1906,-1,1906,1761,1738,-1,1585,1800,1580,-1,1580,1800,1802,-1,1580,1802,1581,-1,1581,1802,1804,-1,1581,1804,1582,-1,1582,1804,1806,-1,1582,1806,1577,-1,1577,1806,1808,-1,1577,1808,1578,-1,1578,1808,1762,-1,1578,1762,1579,-1,1579,1762,1764,-1,1579,1764,1574,-1,1574,1764,1766,-1,1574,1766,1575,-1,1575,1766,1768,-1,1575,1768,1576,-1,1576,1768,1770,-1,1576,1770,1569,-1,1569,1770,1772,-1,1569,1772,1570,-1,1570,1772,1774,-1,1570,1774,1572,-1,1572,1774,1776,-1,1572,1776,1573,-1,1573,1776,1778,-1,1573,1778,1592,-1,1592,1778,1780,-1,1592,1780,1593,-1,1593,1780,1782,-1,1593,1782,1589,-1,1589,1782,1784,-1,1589,1784,1590,-1,1590,1784,1786,-1,1590,1786,1591,-1,1591,1786,1788,-1,1591,1788,1586,-1,1586,1788,1790,-1,1586,1790,1587,-1,1587,1790,1792,-1,1587,1792,1588,-1,1588,1792,1794,-1,1588,1794,1583,-1,1583,1794,1796,-1,1583,1796,1584,-1,1584,1796,1798,-1,1584,1798,1585,-1,1585,1798,1800,-1,1930,1931,1932,-1,1932,1931,1933,-1,1932,1933,1934,-1,1935,1936,1932,-1,1932,1936,1937,-1,1932,1937,1930,-1,1938,1939,1932,-1,1932,1939,1940,-1,1932,1940,1935,-1,1941,1942,1932,-1,1932,1942,1943,-1,1932,1943,1938,-1,1944,1945,1932,-1,1932,1945,1946,-1,1932,1946,1941,-1,1947,1948,1932,-1,1932,1948,1949,-1,1932,1949,1944,-1,1950,1951,1932,-1,1932,1951,1952,-1,1932,1952,1947,-1,1934,1953,1932,-1,1932,1953,1954,-1,1932,1954,1950,-1,1955,1956,1957,-1,1957,1956,1958,-1,1957,1958,1959,-1,1960,1961,1957,-1,1957,1961,1962,-1,1957,1962,1955,-1,1963,1964,1957,-1,1957,1964,1965,-1,1957,1965,1960,-1,1966,1967,1957,-1,1957,1967,1968,-1,1957,1968,1963,-1,1969,1970,1957,-1,1957,1970,1971,-1,1957,1971,1966,-1,1972,1973,1957,-1,1957,1973,1974,-1,1957,1974,1969,-1,1975,1976,1957,-1,1957,1976,1977,-1,1957,1977,1972,-1,1959,1978,1957,-1,1957,1978,1979,-1,1957,1979,1975,-1,1980,1931,1981,-1,1981,1931,1930,-1,1981,1930,1982,-1,1982,1930,1937,-1,1982,1937,1983,-1,1983,1937,1936,-1,1983,1936,1984,-1,1984,1936,1935,-1,1984,1935,1985,-1,1985,1935,1940,-1,1985,1940,1986,-1,1986,1940,1939,-1,1986,1939,1987,-1,1987,1939,1938,-1,1987,1938,1988,-1,1988,1938,1943,-1,1988,1943,1989,-1,1989,1943,1942,-1,1989,1942,1990,-1,1990,1942,1941,-1,1990,1941,1991,-1,1991,1941,1946,-1,1991,1946,1992,-1,1992,1946,1945,-1,1992,1945,1993,-1,1993,1945,1944,-1,1993,1944,1994,-1,1994,1944,1949,-1,1994,1949,1995,-1,1995,1949,1948,-1,1995,1948,1996,-1,1996,1948,1947,-1,1996,1947,1997,-1,1997,1947,1952,-1,1997,1952,1998,-1,1998,1952,1951,-1,1998,1951,1999,-1,1999,1951,1950,-1,1999,1950,2000,-1,2000,1950,1954,-1,2000,1954,2001,-1,2001,1954,1953,-1,2001,1953,2002,-1,2002,1953,1934,-1,2002,1934,2003,-1,2003,1934,1933,-1,2003,1933,1980,-1,1980,1933,1931,-1,2004,2005,2006,-1,2006,2005,2007,-1,2006,2007,2008,-1,2008,2007,2009,-1,2008,2009,2010,-1,2010,2009,2011,-1,2010,2011,2012,-1,2012,2011,2013,-1,2012,2013,2014,-1,2014,2013,2015,-1,2014,2015,2016,-1,2016,2015,2017,-1,2016,2017,2018,-1,2018,2017,2019,-1,2018,2019,2020,-1,2020,2019,2021,-1,2020,2021,2022,-1,2022,2021,2023,-1,2022,2023,2024,-1,2024,2023,2025,-1,2024,2025,2026,-1,2026,2025,2027,-1,2026,2027,2028,-1,2028,2027,2029,-1,2028,2029,2030,-1,2030,2029,2031,-1,2030,2031,2032,-1,2032,2031,2033,-1,2032,2033,2034,-1,2034,2033,2035,-1,2034,2035,2036,-1,2036,2035,2037,-1,2036,2037,2038,-1,2038,2037,2039,-1,2038,2039,2040,-1,2040,2039,2041,-1,2040,2041,2042,-1,2042,2041,2043,-1,2042,2043,2044,-1,2044,2043,2045,-1,2044,2045,2046,-1,2046,2045,2047,-1,2046,2047,2048,-1,2048,2047,2049,-1,2048,2049,2050,-1,2050,2049,2051,-1,2050,2051,2004,-1,2004,2051,2005,-1,2005,2052,2007,-1,2007,2052,2053,-1,2007,2053,2009,-1,2009,2053,2054,-1,2009,2054,2011,-1,2011,2054,2055,-1,2011,2055,2013,-1,2013,2055,2056,-1,2013,2056,2015,-1,2015,2056,2057,-1,2015,2057,2017,-1,2017,2057,2058,-1,2017,2058,2019,-1,2019,2058,2059,-1,2019,2059,2021,-1,2021,2059,2060,-1,2021,2060,2023,-1,2023,2060,2061,-1,2023,2061,2025,-1,2025,2061,2062,-1,2025,2062,2027,-1,2027,2062,2063,-1,2027,2063,2029,-1,2029,2063,2064,-1,2029,2064,2031,-1,2031,2064,2065,-1,2031,2065,2033,-1,2033,2065,2066,-1,2033,2066,2035,-1,2035,2066,2067,-1,2035,2067,2037,-1,2037,2067,2068,-1,2037,2068,2039,-1,2039,2068,2069,-1,2039,2069,2041,-1,2041,2069,2070,-1,2041,2070,2043,-1,2043,2070,2071,-1,2043,2071,2045,-1,2045,2071,2072,-1,2045,2072,2047,-1,2047,2072,2073,-1,2047,2073,2049,-1,2049,2073,2074,-1,2049,2074,2051,-1,2051,2074,2075,-1,2051,2075,2005,-1,2005,2075,2052,-1,2052,2076,2053,-1,2053,2076,2077,-1,2053,2077,2054,-1,2054,2077,2078,-1,2054,2078,2055,-1,2055,2078,2079,-1,2055,2079,2056,-1,2056,2079,2080,-1,2056,2080,2057,-1,2057,2080,2081,-1,2057,2081,2058,-1,2058,2081,2082,-1,2058,2082,2059,-1,2059,2082,2083,-1,2059,2083,2060,-1,2060,2083,2084,-1,2060,2084,2061,-1,2061,2084,2085,-1,2061,2085,2062,-1,2062,2085,2086,-1,2062,2086,2063,-1,2063,2086,2087,-1,2063,2087,2064,-1,2064,2087,2088,-1,2064,2088,2065,-1,2065,2088,2089,-1,2065,2089,2066,-1,2066,2089,2090,-1,2066,2090,2067,-1,2067,2090,2091,-1,2067,2091,2068,-1,2068,2091,2092,-1,2068,2092,2069,-1,2069,2092,2093,-1,2069,2093,2070,-1,2070,2093,2094,-1,2070,2094,2071,-1,2071,2094,2095,-1,2071,2095,2072,-1,2072,2095,2096,-1,2072,2096,2073,-1,2073,2096,2097,-1,2073,2097,2074,-1,2074,2097,2098,-1,2074,2098,2075,-1,2075,2098,2099,-1,2075,2099,2052,-1,2052,2099,2076,-1,2076,2100,2077,-1,2077,2100,2101,-1,2077,2101,2078,-1,2078,2101,2102,-1,2078,2102,2079,-1,2079,2102,2103,-1,2079,2103,2080,-1,2080,2103,2104,-1,2080,2104,2081,-1,2081,2104,2105,-1,2081,2105,2082,-1,2082,2105,2106,-1,2082,2106,2083,-1,2083,2106,2107,-1,2083,2107,2084,-1,2084,2107,2108,-1,2084,2108,2085,-1,2085,2108,2109,-1,2085,2109,2086,-1,2086,2109,2110,-1,2086,2110,2087,-1,2087,2110,2111,-1,2087,2111,2088,-1,2088,2111,2112,-1,2088,2112,2089,-1,2089,2112,2113,-1,2089,2113,2090,-1,2090,2113,2114,-1,2090,2114,2091,-1,2091,2114,2115,-1,2091,2115,2092,-1,2092,2115,2116,-1,2092,2116,2093,-1,2093,2116,2117,-1,2093,2117,2094,-1,2094,2117,2118,-1,2094,2118,2095,-1,2095,2118,2119,-1,2095,2119,2096,-1,2096,2119,2120,-1,2096,2120,2097,-1,2097,2120,2121,-1,2097,2121,2098,-1,2098,2121,2122,-1,2098,2122,2099,-1,2099,2122,2123,-1,2099,2123,2076,-1,2076,2123,2100,-1,2100,1998,2101,-1,2101,1998,1999,-1,2101,1999,2102,-1,2102,1999,2000,-1,2102,2000,2103,-1,2103,2000,2001,-1,2103,2001,2104,-1,2104,2001,2002,-1,2104,2002,2105,-1,2105,2002,2003,-1,2105,2003,2106,-1,2106,2003,1980,-1,2106,1980,2107,-1,2107,1980,1981,-1,2107,1981,2108,-1,2108,1981,1982,-1,2108,1982,2109,-1,2109,1982,1983,-1,2109,1983,2110,-1,2110,1983,1984,-1,2110,1984,2111,-1,2111,1984,1985,-1,2111,1985,2112,-1,2112,1985,1986,-1,2112,1986,2113,-1,2113,1986,1987,-1,2113,1987,2114,-1,2114,1987,1988,-1,2114,1988,2115,-1,2115,1988,1989,-1,2115,1989,2116,-1,2116,1989,1990,-1,2116,1990,2117,-1,2117,1990,1991,-1,2117,1991,2118,-1,2118,1991,1992,-1,2118,1992,2119,-1,2119,1992,1993,-1,2119,1993,2120,-1,2120,1993,1994,-1,2120,1994,2121,-1,2121,1994,1995,-1,2121,1995,2122,-1,2122,1995,1996,-1,2122,1996,2123,-1,2123,1996,1997,-1,2123,1997,2100,-1,2100,1997,1998,-1,2124,2006,2125,-1,2125,2006,2008,-1,2125,2008,2126,-1,2126,2008,2010,-1,2126,2010,2127,-1,2127,2010,2012,-1,2127,2012,2128,-1,2128,2012,2014,-1,2128,2014,2129,-1,2129,2014,2016,-1,2129,2016,2130,-1,2130,2016,2018,-1,2130,2018,2131,-1,2131,2018,2020,-1,2131,2020,2132,-1,2132,2020,2022,-1,2132,2022,2133,-1,2133,2022,2024,-1,2133,2024,2134,-1,2134,2024,2026,-1,2134,2026,2135,-1,2135,2026,2028,-1,2135,2028,2136,-1,2136,2028,2030,-1,2136,2030,2137,-1,2137,2030,2032,-1,2137,2032,2138,-1,2138,2032,2034,-1,2138,2034,2139,-1,2139,2034,2036,-1,2139,2036,2140,-1,2140,2036,2038,-1,2140,2038,2141,-1,2141,2038,2040,-1,2141,2040,2142,-1,2142,2040,2042,-1,2142,2042,2143,-1,2143,2042,2044,-1,2143,2044,2144,-1,2144,2044,2046,-1,2144,2046,2145,-1,2145,2046,2048,-1,2145,2048,2146,-1,2146,2048,2050,-1,2146,2050,2147,-1,2147,2050,2004,-1,2147,2004,2124,-1,2124,2004,2006,-1,2148,2149,2150,-1,2150,2149,2151,-1,2150,2151,2152,-1,2152,2151,2153,-1,2152,2153,2154,-1,2154,2153,2155,-1,2154,2155,2156,-1,2156,2155,2157,-1,2156,2157,2158,-1,2158,2157,2159,-1,2158,2159,2160,-1,2160,2159,2161,-1,2160,2161,2162,-1,2162,2161,2163,-1,2162,2163,2164,-1,2164,2163,2165,-1,2164,2165,2166,-1,2166,2165,2167,-1,2166,2167,2168,-1,2168,2167,2169,-1,2168,2169,2170,-1,2170,2169,2171,-1,2170,2171,2172,-1,2172,2171,2173,-1,2172,2173,2174,-1,2174,2173,2175,-1,2174,2175,2176,-1,2176,2175,2177,-1,2176,2177,2178,-1,2178,2177,2179,-1,2178,2179,2180,-1,2180,2179,2181,-1,2180,2181,2182,-1,2182,2181,2183,-1,2182,2183,2184,-1,2184,2183,2185,-1,2184,2185,2186,-1,2186,2185,2187,-1,2186,2187,2188,-1,2188,2187,2189,-1,2188,2189,2190,-1,2190,2189,2191,-1,2190,2191,2192,-1,2192,2191,2193,-1,2192,2193,2194,-1,2194,2193,2195,-1,2194,2195,2148,-1,2148,2195,2149,-1,2149,2196,2151,-1,2151,2196,2197,-1,2151,2197,2153,-1,2153,2197,2198,-1,2153,2198,2155,-1,2155,2198,2199,-1,2155,2199,2157,-1,2157,2199,2200,-1,2157,2200,2159,-1,2159,2200,2201,-1,2159,2201,2161,-1,2161,2201,2202,-1,2161,2202,2163,-1,2163,2202,2203,-1,2163,2203,2165,-1,2165,2203,2204,-1,2165,2204,2167,-1,2167,2204,2205,-1,2167,2205,2169,-1,2169,2205,2206,-1,2169,2206,2171,-1,2171,2206,2207,-1,2171,2207,2173,-1,2173,2207,2208,-1,2173,2208,2175,-1,2175,2208,2209,-1,2175,2209,2177,-1,2177,2209,2210,-1,2177,2210,2179,-1,2179,2210,2211,-1,2179,2211,2181,-1,2181,2211,2212,-1,2181,2212,2183,-1,2183,2212,2213,-1,2183,2213,2185,-1,2185,2213,2214,-1,2185,2214,2187,-1,2187,2214,2215,-1,2187,2215,2189,-1,2189,2215,2216,-1,2189,2216,2191,-1,2191,2216,2217,-1,2191,2217,2193,-1,2193,2217,2218,-1,2193,2218,2195,-1,2195,2218,2219,-1,2195,2219,2149,-1,2149,2219,2196,-1,2196,2220,2197,-1,2197,2220,2221,-1,2197,2221,2198,-1,2198,2221,2222,-1,2198,2222,2199,-1,2199,2222,2223,-1,2199,2223,2200,-1,2200,2223,2224,-1,2200,2224,2201,-1,2201,2224,2225,-1,2201,2225,2202,-1,2202,2225,2226,-1,2202,2226,2203,-1,2203,2226,2227,-1,2203,2227,2204,-1,2204,2227,2228,-1,2204,2228,2205,-1,2205,2228,2229,-1,2205,2229,2206,-1,2206,2229,2230,-1,2206,2230,2207,-1,2207,2230,2231,-1,2207,2231,2208,-1,2208,2231,2232,-1,2208,2232,2209,-1,2209,2232,2233,-1,2209,2233,2210,-1,2210,2233,2234,-1,2210,2234,2211,-1,2211,2234,2235,-1,2211,2235,2212,-1,2212,2235,2236,-1,2212,2236,2213,-1,2213,2236,2237,-1,2213,2237,2214,-1,2214,2237,2238,-1,2214,2238,2215,-1,2215,2238,2239,-1,2215,2239,2216,-1,2216,2239,2240,-1,2216,2240,2217,-1,2217,2240,2241,-1,2217,2241,2218,-1,2218,2241,2242,-1,2218,2242,2219,-1,2219,2242,2243,-1,2219,2243,2196,-1,2196,2243,2220,-1,2220,2244,2221,-1,2221,2244,2245,-1,2221,2245,2222,-1,2222,2245,2246,-1,2222,2246,2223,-1,2223,2246,2247,-1,2223,2247,2224,-1,2224,2247,2248,-1,2224,2248,2225,-1,2225,2248,2249,-1,2225,2249,2226,-1,2226,2249,2250,-1,2226,2250,2227,-1,2227,2250,2251,-1,2227,2251,2228,-1,2228,2251,2252,-1,2228,2252,2229,-1,2229,2252,2253,-1,2229,2253,2230,-1,2230,2253,2254,-1,2230,2254,2231,-1,2231,2254,2255,-1,2231,2255,2232,-1,2232,2255,2256,-1,2232,2256,2233,-1,2233,2256,2257,-1,2233,2257,2234,-1,2234,2257,2258,-1,2234,2258,2235,-1,2235,2258,2259,-1,2235,2259,2236,-1,2236,2259,2260,-1,2236,2260,2237,-1,2237,2260,2261,-1,2237,2261,2238,-1,2238,2261,2262,-1,2238,2262,2239,-1,2239,2262,2263,-1,2239,2263,2240,-1,2240,2263,2264,-1,2240,2264,2241,-1,2241,2264,2265,-1,2241,2265,2242,-1,2242,2265,2266,-1,2242,2266,2243,-1,2243,2266,2267,-1,2243,2267,2220,-1,2220,2267,2244,-1,2244,2268,2245,-1,2245,2268,2269,-1,2245,2269,2246,-1,2246,2269,2270,-1,2246,2270,2247,-1,2247,2270,2271,-1,2247,2271,2248,-1,2248,2271,2272,-1,2248,2272,2249,-1,2249,2272,2273,-1,2249,2273,2250,-1,2250,2273,2274,-1,2250,2274,2251,-1,2251,2274,2275,-1,2251,2275,2252,-1,2252,2275,2276,-1,2252,2276,2253,-1,2253,2276,2277,-1,2253,2277,2254,-1,2254,2277,2278,-1,2254,2278,2255,-1,2255,2278,2279,-1,2255,2279,2256,-1,2256,2279,2280,-1,2256,2280,2257,-1,2257,2280,2281,-1,2257,2281,2258,-1,2258,2281,2282,-1,2258,2282,2259,-1,2259,2282,2283,-1,2259,2283,2260,-1,2260,2283,2284,-1,2260,2284,2261,-1,2261,2284,2285,-1,2261,2285,2262,-1,2262,2285,2286,-1,2262,2286,2263,-1,2263,2286,2287,-1,2263,2287,2264,-1,2264,2287,2288,-1,2264,2288,2265,-1,2265,2288,2289,-1,2265,2289,2266,-1,2266,2289,2290,-1,2266,2290,2267,-1,2267,2290,2291,-1,2267,2291,2244,-1,2244,2291,2268,-1,2268,2292,2269,-1,2269,2292,2293,-1,2269,2293,2270,-1,2270,2293,2294,-1,2270,2294,2271,-1,2271,2294,2295,-1,2271,2295,2272,-1,2272,2295,2296,-1,2272,2296,2273,-1,2273,2296,2297,-1,2273,2297,2274,-1,2274,2297,2298,-1,2274,2298,2275,-1,2275,2298,2299,-1,2275,2299,2276,-1,2276,2299,2300,-1,2276,2300,2277,-1,2277,2300,2301,-1,2277,2301,2278,-1,2278,2301,2302,-1,2278,2302,2279,-1,2279,2302,2303,-1,2279,2303,2280,-1,2280,2303,2304,-1,2280,2304,2281,-1,2281,2304,2305,-1,2281,2305,2282,-1,2282,2305,2306,-1,2282,2306,2283,-1,2283,2306,2307,-1,2283,2307,2284,-1,2284,2307,2308,-1,2284,2308,2285,-1,2285,2308,2309,-1,2285,2309,2286,-1,2286,2309,2310,-1,2286,2310,2287,-1,2287,2310,2311,-1,2287,2311,2288,-1,2288,2311,2312,-1,2288,2312,2289,-1,2289,2312,2313,-1,2289,2313,2290,-1,2290,2313,2314,-1,2290,2314,2291,-1,2291,2314,2315,-1,2291,2315,2268,-1,2268,2315,2292,-1,2292,2124,2293,-1,2293,2124,2125,-1,2293,2125,2294,-1,2294,2125,2126,-1,2294,2126,2295,-1,2295,2126,2127,-1,2295,2127,2296,-1,2296,2127,2128,-1,2296,2128,2297,-1,2297,2128,2129,-1,2297,2129,2298,-1,2298,2129,2130,-1,2298,2130,2299,-1,2299,2130,2131,-1,2299,2131,2300,-1,2300,2131,2132,-1,2300,2132,2301,-1,2301,2132,2133,-1,2301,2133,2302,-1,2302,2133,2134,-1,2302,2134,2303,-1,2303,2134,2135,-1,2303,2135,2304,-1,2304,2135,2136,-1,2304,2136,2305,-1,2305,2136,2137,-1,2305,2137,2306,-1,2306,2137,2138,-1,2306,2138,2307,-1,2307,2138,2139,-1,2307,2139,2308,-1,2308,2139,2140,-1,2308,2140,2309,-1,2309,2140,2141,-1,2309,2141,2310,-1,2310,2141,2142,-1,2310,2142,2311,-1,2311,2142,2143,-1,2311,2143,2312,-1,2312,2143,2144,-1,2312,2144,2313,-1,2313,2144,2145,-1,2313,2145,2314,-1,2314,2145,2146,-1,2314,2146,2315,-1,2315,2146,2147,-1,2315,2147,2292,-1,2292,2147,2124,-1,1971,2186,1966,-1,1966,2186,2188,-1,1966,2188,1967,-1,1967,2188,2190,-1,1967,2190,1968,-1,1968,2190,2192,-1,1968,2192,1963,-1,1963,2192,2194,-1,1963,2194,1964,-1,1964,2194,2148,-1,1964,2148,1965,-1,1965,2148,2150,-1,1965,2150,1960,-1,1960,2150,2152,-1,1960,2152,1961,-1,1961,2152,2154,-1,1961,2154,1962,-1,1962,2154,2156,-1,1962,2156,1955,-1,1955,2156,2158,-1,1955,2158,1956,-1,1956,2158,2160,-1,1956,2160,1958,-1,1958,2160,2162,-1,1958,2162,1959,-1,1959,2162,2164,-1,1959,2164,1978,-1,1978,2164,2166,-1,1978,2166,1979,-1,1979,2166,2168,-1,1979,2168,1975,-1,1975,2168,2170,-1,1975,2170,1976,-1,1976,2170,2172,-1,1976,2172,1977,-1,1977,2172,2174,-1,1977,2174,1972,-1,1972,2174,2176,-1,1972,2176,1973,-1,1973,2176,2178,-1,1973,2178,1974,-1,1974,2178,2180,-1,1974,2180,1969,-1,1969,2180,2182,-1,1969,2182,1970,-1,1970,2182,2184,-1,1970,2184,1971,-1,1971,2184,2186,-1,0,1,2,-1,2,1,3,-1,2,3,4,-1,5,6,2,-1,2,6,7,-1,2,7,0,-1,8,9,2,-1,2,9,10,-1,2,10,5,-1,11,12,2,-1,2,12,13,-1,2,13,8,-1,14,15,2,-1,2,15,16,-1,2,16,11,-1,17,18,2,-1,2,18,19,-1,2,19,14,-1,20,21,2,-1,2,21,22,-1,2,22,17,-1,4,23,2,-1,2,23,24,-1,2,24,20,-1,25,26,27,-1,27,26,28,-1,27,28,29,-1,30,31,27,-1,27,31,32,-1,27,32,25,-1,33,34,27,-1,27,34,35,-1,27,35,30,-1,36,37,27,-1,27,37,38,-1,27,38,33,-1,39,40,27,-1,27,40,41,-1,27,41,36,-1,42,43,27,-1,27,43,44,-1,27,44,39,-1,45,46,27,-1,27,46,47,-1,27,47,42,-1,29,48,27,-1,27,48,49,-1,27,49,45,-1,50,1,51,-1,51,1,0,-1,51,0,52,-1,52,0,7,-1,52,7,53,-1,53,7,6,-1,53,6,54,-1,54,6,5,-1,54,5,55,-1,55,5,10,-1,55,10,56,-1,56,10,9,-1,56,9,57,-1,57,9,8,-1,57,8,58,-1,58,8,13,-1,58,13,59,-1,59,13,12,-1,59,12,60,-1,60,12,11,-1,60,11,61,-1,61,11,16,-1,61,16,62,-1,62,16,15,-1,62,15,63,-1,63,15,14,-1,63,14,64,-1,64,14,19,-1,64,19,65,-1,65,19,18,-1,65,18,66,-1,66,18,17,-1,66,17,67,-1,67,17,22,-1,67,22,68,-1,68,22,21,-1,68,21,69,-1,69,21,20,-1,69,20,70,-1,70,20,24,-1,70,24,71,-1,71,24,23,-1,71,23,72,-1,72,23,4,-1,72,4,73,-1,73,4,3,-1,73,3,50,-1,50,3,1,-1,74,75,76,-1,76,75,77,-1,76,77,78,-1,78,77,79,-1,78,79,80,-1,80,79,81,-1,80,81,82,-1,82,81,83,-1,82,83,84,-1,84,83,85,-1,84,85,86,-1,86,85,87,-1,86,87,88,-1,88,87,89,-1,88,89,90,-1,90,89,91,-1,90,91,92,-1,92,91,93,-1,92,93,94,-1,94,93,95,-1,94,95,96,-1,96,95,97,-1,96,97,98,-1,98,97,99,-1,98,99,100,-1,100,99,101,-1,100,101,102,-1,102,101,103,-1,102,103,104,-1,104,103,105,-1,104,105,106,-1,106,105,107,-1,106,107,108,-1,108,107,109,-1,108,109,110,-1,110,109,111,-1,110,111,112,-1,112,111,113,-1,112,113,114,-1,114,113,115,-1,114,115,116,-1,116,115,117,-1,116,117,118,-1,118,117,119,-1,118,119,120,-1,120,119,121,-1,120,121,74,-1,74,121,75,-1,75,122,77,-1,77,122,123,-1,77,123,79,-1,79,123,124,-1,79,124,81,-1,81,124,125,-1,81,125,83,-1,83,125,126,-1,83,126,85,-1,85,126,127,-1,85,127,87,-1,87,127,128,-1,87,128,89,-1,89,128,129,-1,89,129,91,-1,91,129,130,-1,91,130,93,-1,93,130,131,-1,93,131,95,-1,95,131,132,-1,95,132,97,-1,97,132,133,-1,97,133,99,-1,99,133,134,-1,99,134,101,-1,101,134,135,-1,101,135,103,-1,103,135,136,-1,103,136,105,-1,105,136,137,-1,105,137,107,-1,107,137,138,-1,107,138,109,-1,109,138,139,-1,109,139,111,-1,111,139,140,-1,111,140,113,-1,113,140,141,-1,113,141,115,-1,115,141,142,-1,115,142,117,-1,117,142,143,-1,117,143,119,-1,119,143,144,-1,119,144,121,-1,121,144,145,-1,121,145,75,-1,75,145,122,-1,122,146,123,-1,123,146,147,-1,123,147,124,-1,124,147,148,-1,124,148,125,-1,125,148,149,-1,125,149,126,-1,126,149,150,-1,126,150,127,-1,127,150,151,-1,127,151,128,-1,128,151,152,-1,128,152,129,-1,129,152,153,-1,129,153,130,-1,130,153,154,-1,130,154,131,-1,131,154,155,-1,131,155,132,-1,132,155,156,-1,132,156,133,-1,133,156,157,-1,133,157,134,-1,134,157,158,-1,134,158,135,-1,135,158,159,-1,135,159,136,-1,136,159,160,-1,136,160,137,-1,137,160,161,-1,137,161,138,-1,138,161,162,-1,138,162,139,-1,139,162,163,-1,139,163,140,-1,140,163,164,-1,140,164,141,-1,141,164,165,-1,141,165,142,-1,142,165,166,-1,142,166,143,-1,143,166,167,-1,143,167,144,-1,144,167,168,-1,144,168,145,-1,145,168,169,-1,145,169,122,-1,122,169,146,-1,146,170,147,-1,147,170,171,-1,147,171,148,-1,148,171,172,-1,148,172,149,-1,149,172,173,-1,149,173,150,-1,150,173,174,-1,150,174,151,-1,151,174,175,-1,151,175,152,-1,152,175,176,-1,152,176,153,-1,153,176,177,-1,153,177,154,-1,154,177,178,-1,154,178,155,-1,155,178,179,-1,155,179,156,-1,156,179,180,-1,156,180,157,-1,157,180,181,-1,157,181,158,-1,158,181,182,-1,158,182,159,-1,159,182,183,-1,159,183,160,-1,160,183,184,-1,160,184,161,-1,161,184,185,-1,161,185,162,-1,162,185,186,-1,162,186,163,-1,163,186,187,-1,163,187,164,-1,164,187,188,-1,164,188,165,-1,165,188,189,-1,165,189,166,-1,166,189,190,-1,166,190,167,-1,167,190,191,-1,167,191,168,-1,168,191,192,-1,168,192,169,-1,169,192,193,-1,169,193,146,-1,146,193,170,-1,170,68,171,-1,171,68,69,-1,171,69,172,-1,172,69,70,-1,172,70,173,-1,173,70,71,-1,173,71,174,-1,174,71,72,-1,174,72,175,-1,175,72,73,-1,175,73,176,-1,176,73,50,-1,176,50,177,-1,177,50,51,-1,177,51,178,-1,178,51,52,-1,178,52,179,-1,179,52,53,-1,179,53,180,-1,180,53,54,-1,180,54,181,-1,181,54,55,-1,181,55,182,-1,182,55,56,-1,182,56,183,-1,183,56,57,-1,183,57,184,-1,184,57,58,-1,184,58,185,-1,185,58,59,-1,185,59,186,-1,186,59,60,-1,186,60,187,-1,187,60,61,-1,187,61,188,-1,188,61,62,-1,188,62,189,-1,189,62,63,-1,189,63,190,-1,190,63,64,-1,190,64,191,-1,191,64,65,-1,191,65,192,-1,192,65,66,-1,192,66,193,-1,193,66,67,-1,193,67,170,-1,170,67,68,-1,194,76,195,-1,195,76,78,-1,195,78,196,-1,196,78,80,-1,196,80,197,-1,197,80,82,-1,197,82,198,-1,198,82,84,-1,198,84,199,-1,199,84,86,-1,199,86,200,-1,200,86,88,-1,200,88,201,-1,201,88,90,-1,201,90,202,-1,202,90,92,-1,202,92,203,-1,203,92,94,-1,203,94,204,-1,204,94,96,-1,204,96,205,-1,205,96,98,-1,205,98,206,-1,206,98,100,-1,206,100,207,-1,207,100,102,-1,207,102,208,-1,208,102,104,-1,208,104,209,-1,209,104,106,-1,209,106,210,-1,210,106,108,-1,210,108,211,-1,211,108,110,-1,211,110,212,-1,212,110,112,-1,212,112,213,-1,213,112,114,-1,213,114,214,-1,214,114,116,-1,214,116,215,-1,215,116,118,-1,215,118,216,-1,216,118,120,-1,216,120,217,-1,217,120,74,-1,217,74,194,-1,194,74,76,-1,218,219,220,-1,220,219,221,-1,220,221,222,-1,222,221,223,-1,222,223,224,-1,224,223,225,-1,224,225,226,-1,226,225,227,-1,226,227,228,-1,228,227,229,-1,228,229,230,-1,230,229,231,-1,230,231,232,-1,232,231,233,-1,232,233,234,-1,234,233,235,-1,234,235,236,-1,236,235,237,-1,236,237,238,-1,238,237,239,-1,238,239,240,-1,240,239,241,-1,240,241,242,-1,242,241,243,-1,242,243,244,-1,244,243,245,-1,244,245,246,-1,246,245,247,-1,246,247,248,-1,248,247,249,-1,248,249,250,-1,250,249,251,-1,250,251,252,-1,252,251,253,-1,252,253,254,-1,254,253,255,-1,254,255,256,-1,256,255,257,-1,256,257,258,-1,258,257,259,-1,258,259,260,-1,260,259,261,-1,260,261,262,-1,262,261,263,-1,262,263,264,-1,264,263,265,-1,264,265,218,-1,218,265,219,-1,219,266,221,-1,221,266,267,-1,221,267,223,-1,223,267,268,-1,223,268,225,-1,225,268,269,-1,225,269,227,-1,227,269,270,-1,227,270,229,-1,229,270,271,-1,229,271,231,-1,231,271,272,-1,231,272,233,-1,233,272,273,-1,233,273,235,-1,235,273,274,-1,235,274,237,-1,237,274,275,-1,237,275,239,-1,239,275,276,-1,239,276,241,-1,241,276,277,-1,241,277,243,-1,243,277,278,-1,243,278,245,-1,245,278,279,-1,245,279,247,-1,247,279,280,-1,247,280,249,-1,249,280,281,-1,249,281,251,-1,251,281,282,-1,251,282,253,-1,253,282,283,-1,253,283,255,-1,255,283,284,-1,255,284,257,-1,257,284,285,-1,257,285,259,-1,259,285,286,-1,259,286,261,-1,261,286,287,-1,261,287,263,-1,263,287,288,-1,263,288,265,-1,265,288,289,-1,265,289,219,-1,219,289,266,-1,266,290,267,-1,267,290,291,-1,267,291,268,-1,268,291,292,-1,268,292,269,-1,269,292,293,-1,269,293,270,-1,270,293,294,-1,270,294,271,-1,271,294,295,-1,271,295,272,-1,272,295,296,-1,272,296,273,-1,273,296,297,-1,273,297,274,-1,274,297,298,-1,274,298,275,-1,275,298,299,-1,275,299,276,-1,276,299,300,-1,276,300,277,-1,277,300,301,-1,277,301,278,-1,278,301,302,-1,278,302,279,-1,279,302,303,-1,279,303,280,-1,280,303,304,-1,280,304,281,-1,281,304,305,-1,281,305,282,-1,282,305,306,-1,282,306,283,-1,283,306,307,-1,283,307,284,-1,284,307,308,-1,284,308,285,-1,285,308,309,-1,285,309,286,-1,286,309,310,-1,286,310,287,-1,287,310,311,-1,287,311,288,-1,288,311,312,-1,288,312,289,-1,289,312,313,-1,289,313,266,-1,266,313,290,-1,290,314,291,-1,291,314,315,-1,291,315,292,-1,292,315,316,-1,292,316,293,-1,293,316,317,-1,293,317,294,-1,294,317,318,-1,294,318,295,-1,295,318,319,-1,295,319,296,-1,296,319,320,-1,296,320,297,-1,297,320,321,-1,297,321,298,-1,298,321,322,-1,298,322,299,-1,299,322,323,-1,299,323,300,-1,300,323,324,-1,300,324,301,-1,301,324,325,-1,301,325,302,-1,302,325,326,-1,302,326,303,-1,303,326,327,-1,303,327,304,-1,304,327,328,-1,304,328,305,-1,305,328,329,-1,305,329,306,-1,306,329,330,-1,306,330,307,-1,307,330,331,-1,307,331,308,-1,308,331,332,-1,308,332,309,-1,309,332,333,-1,309,333,310,-1,310,333,334,-1,310,334,311,-1,311,334,335,-1,311,335,312,-1,312,335,336,-1,312,336,313,-1,313,336,337,-1,313,337,290,-1,290,337,314,-1,314,338,315,-1,315,338,339,-1,315,339,316,-1,316,339,340,-1,316,340,317,-1,317,340,341,-1,317,341,318,-1,318,341,342,-1,318,342,319,-1,319,342,343,-1,319,343,320,-1,320,343,344,-1,320,344,321,-1,321,344,345,-1,321,345,322,-1,322,345,346,-1,322,346,323,-1,323,346,347,-1,323,347,324,-1,324,347,348,-1,324,348,325,-1,325,348,349,-1,325,349,326,-1,326,349,350,-1,326,350,327,-1,327,350,351,-1,327,351,328,-1,328,351,352,-1,328,352,329,-1,329,352,353,-1,329,353,330,-1,330,353,354,-1,330,354,331,-1,331,354,355,-1,331,355,332,-1,332,355,356,-1,332,356,333,-1,333,356,357,-1,333,357,334,-1,334,357,358,-1,334,358,335,-1,335,358,359,-1,335,359,336,-1,336,359,360,-1,336,360,337,-1,337,360,361,-1,337,361,314,-1,314,361,338,-1,338,362,339,-1,339,362,363,-1,339,363,340,-1,340,363,364,-1,340,364,341,-1,341,364,365,-1,341,365,342,-1,342,365,366,-1,342,366,343,-1,343,366,367,-1,343,367,344,-1,344,367,368,-1,344,368,345,-1,345,368,369,-1,345,369,346,-1,346,369,370,-1,346,370,347,-1,347,370,371,-1,347,371,348,-1,348,371,372,-1,348,372,349,-1,349,372,373,-1,349,373,350,-1,350,373,374,-1,350,374,351,-1,351,374,375,-1,351,375,352,-1,352,375,376,-1,352,376,353,-1,353,376,377,-1,353,377,354,-1,354,377,378,-1,354,378,355,-1,355,378,379,-1,355,379,356,-1,356,379,380,-1,356,380,357,-1,357,380,381,-1,357,381,358,-1,358,381,382,-1,358,382,359,-1,359,382,383,-1,359,383,360,-1,360,383,384,-1,360,384,361,-1,361,384,385,-1,361,385,338,-1,338,385,362,-1,362,194,363,-1,363,194,195,-1,363,195,364,-1,364,195,196,-1,364,196,365,-1,365,196,197,-1,365,197,366,-1,366,197,198,-1,366,198,367,-1,367,198,199,-1,367,199,368,-1,368,199,200,-1,368,200,369,-1,369,200,201,-1,369,201,370,-1,370,201,202,-1,370,202,371,-1,371,202,203,-1,371,203,372,-1,372,203,204,-1,372,204,373,-1,373,204,205,-1,373,205,374,-1,374,205,206,-1,374,206,375,-1,375,206,207,-1,375,207,376,-1,376,207,208,-1,376,208,377,-1,377,208,209,-1,377,209,378,-1,378,209,210,-1,378,210,379,-1,379,210,211,-1,379,211,380,-1,380,211,212,-1,380,212,381,-1,381,212,213,-1,381,213,382,-1,382,213,214,-1,382,214,383,-1,383,214,215,-1,383,215,384,-1,384,215,216,-1,384,216,385,-1,385,216,217,-1,385,217,362,-1,362,217,194,-1,41,256,36,-1,36,256,258,-1,36,258,37,-1,37,258,260,-1,37,260,38,-1,38,260,262,-1,38,262,33,-1,33,262,264,-1,33,264,34,-1,34,264,218,-1,34,218,35,-1,35,218,220,-1,35,220,30,-1,30,220,222,-1,30,222,31,-1,31,222,224,-1,31,224,32,-1,32,224,226,-1,32,226,25,-1,25,226,228,-1,25,228,26,-1,26,228,230,-1,26,230,28,-1,28,230,232,-1,28,232,29,-1,29,232,234,-1,29,234,48,-1,48,234,236,-1,48,236,49,-1,49,236,238,-1,49,238,45,-1,45,238,240,-1,45,240,46,-1,46,240,242,-1,46,242,47,-1,47,242,244,-1,47,244,42,-1,42,244,246,-1,42,246,43,-1,43,246,248,-1,43,248,44,-1,44,248,250,-1,44,250,39,-1,39,250,252,-1,39,252,40,-1,40,252,254,-1,40,254,41,-1,41,254,256,-1,386,387,388,-1,388,387,389,-1,388,389,390,-1,391,392,388,-1,388,392,393,-1,388,393,386,-1,394,395,388,-1,388,395,396,-1,388,396,391,-1,397,398,388,-1,388,398,399,-1,388,399,394,-1,400,401,388,-1,388,401,402,-1,388,402,397,-1,403,404,388,-1,388,404,405,-1,388,405,400,-1,406,407,388,-1,388,407,408,-1,388,408,403,-1,390,409,388,-1,388,409,410,-1,388,410,406,-1,411,412,413,-1,413,412,414,-1,413,414,415,-1,416,417,413,-1,413,417,418,-1,413,418,411,-1,419,420,413,-1,413,420,421,-1,413,421,416,-1,422,423,413,-1,413,423,424,-1,413,424,419,-1,425,426,413,-1,413,426,427,-1,413,427,422,-1,428,429,413,-1,413,429,430,-1,413,430,425,-1,431,432,413,-1,413,432,433,-1,413,433,428,-1,415,434,413,-1,413,434,435,-1,413,435,431,-1,436,387,437,-1,437,387,386,-1,437,386,438,-1,438,386,393,-1,438,393,439,-1,439,393,392,-1,439,392,440,-1,440,392,391,-1,440,391,441,-1,441,391,396,-1,441,396,442,-1,442,396,395,-1,442,395,443,-1,443,395,394,-1,443,394,444,-1,444,394,399,-1,444,399,445,-1,445,399,398,-1,445,398,446,-1,446,398,397,-1,446,397,447,-1,447,397,402,-1,447,402,448,-1,448,402,401,-1,448,401,449,-1,449,401,400,-1,449,400,450,-1,450,400,405,-1,450,405,451,-1,451,405,404,-1,451,404,452,-1,452,404,403,-1,452,403,453,-1,453,403,408,-1,453,408,454,-1,454,408,407,-1,454,407,455,-1,455,407,406,-1,455,406,456,-1,456,406,410,-1,456,410,457,-1,457,410,409,-1,457,409,458,-1,458,409,390,-1,458,390,459,-1,459,390,389,-1,459,389,436,-1,436,389,387,-1,460,461,462,-1,462,461,463,-1,462,463,464,-1,464,463,465,-1,464,465,466,-1,466,465,467,-1,466,467,468,-1,468,467,469,-1,468,469,470,-1,470,469,471,-1,470,471,472,-1,472,471,473,-1,472,473,474,-1,474,473,475,-1,474,475,476,-1,476,475,477,-1,476,477,478,-1,478,477,479,-1,478,479,480,-1,480,479,481,-1,480,481,482,-1,482,481,483,-1,482,483,484,-1,484,483,485,-1,484,485,486,-1,486,485,487,-1,486,487,488,-1,488,487,489,-1,488,489,490,-1,490,489,491,-1,490,491,492,-1,492,491,493,-1,492,493,494,-1,494,493,495,-1,494,495,496,-1,496,495,497,-1,496,497,498,-1,498,497,499,-1,498,499,500,-1,500,499,501,-1,500,501,502,-1,502,501,503,-1,502,503,504,-1,504,503,505,-1,504,505,506,-1,506,505,507,-1,506,507,460,-1,460,507,461,-1,461,508,463,-1,463,508,509,-1,463,509,465,-1,465,509,510,-1,465,510,467,-1,467,510,511,-1,467,511,469,-1,469,511,512,-1,469,512,471,-1,471,512,513,-1,471,513,473,-1,473,513,514,-1,473,514,475,-1,475,514,515,-1,475,515,477,-1,477,515,516,-1,477,516,479,-1,479,516,517,-1,479,517,481,-1,481,517,518,-1,481,518,483,-1,483,518,519,-1,483,519,485,-1,485,519,520,-1,485,520,487,-1,487,520,521,-1,487,521,489,-1,489,521,522,-1,489,522,491,-1,491,522,523,-1,491,523,493,-1,493,523,524,-1,493,524,495,-1,495,524,525,-1,495,525,497,-1,497,525,526,-1,497,526,499,-1,499,526,527,-1,499,527,501,-1,501,527,528,-1,501,528,503,-1,503,528,529,-1,503,529,505,-1,505,529,530,-1,505,530,507,-1,507,530,531,-1,507,531,461,-1,461,531,508,-1,508,532,509,-1,509,532,533,-1,509,533,510,-1,510,533,534,-1,510,534,511,-1,511,534,535,-1,511,535,512,-1,512,535,536,-1,512,536,513,-1,513,536,537,-1,513,537,514,-1,514,537,538,-1,514,538,515,-1,515,538,539,-1,515,539,516,-1,516,539,540,-1,516,540,517,-1,517,540,541,-1,517,541,518,-1,518,541,542,-1,518,542,519,-1,519,542,543,-1,519,543,520,-1,520,543,544,-1,520,544,521,-1,521,544,545,-1,521,545,522,-1,522,545,546,-1,522,546,523,-1,523,546,547,-1,523,547,524,-1,524,547,548,-1,524,548,525,-1,525,548,549,-1,525,549,526,-1,526,549,550,-1,526,550,527,-1,527,550,551,-1,527,551,528,-1,528,551,552,-1,528,552,529,-1,529,552,553,-1,529,553,530,-1,530,553,554,-1,530,554,531,-1,531,554,555,-1,531,555,508,-1,508,555,532,-1,532,556,533,-1,533,556,557,-1,533,557,534,-1,534,557,558,-1,534,558,535,-1,535,558,559,-1,535,559,536,-1,536,559,560,-1,536,560,537,-1,537,560,561,-1,537,561,538,-1,538,561,562,-1,538,562,539,-1,539,562,563,-1,539,563,540,-1,540,563,564,-1,540,564,541,-1,541,564,565,-1,541,565,542,-1,542,565,566,-1,542,566,543,-1,543,566,567,-1,543,567,544,-1,544,567,568,-1,544,568,545,-1,545,568,569,-1,545,569,546,-1,546,569,570,-1,546,570,547,-1,547,570,571,-1,547,571,548,-1,548,571,572,-1,548,572,549,-1,549,572,573,-1,549,573,550,-1,550,573,574,-1,550,574,551,-1,551,574,575,-1,551,575,552,-1,552,575,576,-1,552,576,553,-1,553,576,577,-1,553,577,554,-1,554,577,578,-1,554,578,555,-1,555,578,579,-1,555,579,532,-1,532,579,556,-1,556,454,557,-1,557,454,455,-1,557,455,558,-1,558,455,456,-1,558,456,559,-1,559,456,457,-1,559,457,560,-1,560,457,458,-1,560,458,561,-1,561,458,459,-1,561,459,562,-1,562,459,436,-1,562,436,563,-1,563,436,437,-1,563,437,564,-1,564,437,438,-1,564,438,565,-1,565,438,439,-1,565,439,566,-1,566,439,440,-1,566,440,567,-1,567,440,441,-1,567,441,568,-1,568,441,442,-1,568,442,569,-1,569,442,443,-1,569,443,570,-1,570,443,444,-1,570,444,571,-1,571,444,445,-1,571,445,572,-1,572,445,446,-1,572,446,573,-1,573,446,447,-1,573,447,574,-1,574,447,448,-1,574,448,575,-1,575,448,449,-1,575,449,576,-1,576,449,450,-1,576,450,577,-1,577,450,451,-1,577,451,578,-1,578,451,452,-1,578,452,579,-1,579,452,453,-1,579,453,556,-1,556,453,454,-1,580,462,581,-1,581,462,464,-1,581,464,582,-1,582,464,466,-1,582,466,583,-1,583,466,468,-1,583,468,584,-1,584,468,470,-1,584,470,585,-1,585,470,472,-1,585,472,586,-1,586,472,474,-1,586,474,587,-1,587,474,476,-1,587,476,588,-1,588,476,478,-1,588,478,589,-1,589,478,480,-1,589,480,590,-1,590,480,482,-1,590,482,591,-1,591,482,484,-1,591,484,592,-1,592,484,486,-1,592,486,593,-1,593,486,488,-1,593,488,594,-1,594,488,490,-1,594,490,595,-1,595,490,492,-1,595,492,596,-1,596,492,494,-1,596,494,597,-1,597,494,496,-1,597,496,598,-1,598,496,498,-1,598,498,599,-1,599,498,500,-1,599,500,600,-1,600,500,502,-1,600,502,601,-1,601,502,504,-1,601,504,602,-1,602,504,506,-1,602,506,603,-1,603,506,460,-1,603,460,580,-1,580,460,462,-1,604,605,606,-1,606,605,607,-1,606,607,608,-1,608,607,609,-1,608,609,610,-1,610,609,611,-1,610,611,612,-1,612,611,613,-1,612,613,614,-1,614,613,615,-1,614,615,616,-1,616,615,617,-1,616,617,618,-1,618,617,619,-1,618,619,620,-1,620,619,621,-1,620,621,622,-1,622,621,623,-1,622,623,624,-1,624,623,625,-1,624,625,626,-1,626,625,627,-1,626,627,628,-1,628,627,629,-1,628,629,630,-1,630,629,631,-1,630,631,632,-1,632,631,633,-1,632,633,634,-1,634,633,635,-1,634,635,636,-1,636,635,637,-1,636,637,638,-1,638,637,639,-1,638,639,640,-1,640,639,641,-1,640,641,642,-1,642,641,643,-1,642,643,644,-1,644,643,645,-1,644,645,646,-1,646,645,647,-1,646,647,648,-1,648,647,649,-1,648,649,650,-1,650,649,651,-1,650,651,604,-1,604,651,605,-1,605,652,607,-1,607,652,653,-1,607,653,609,-1,609,653,654,-1,609,654,611,-1,611,654,655,-1,611,655,613,-1,613,655,656,-1,613,656,615,-1,615,656,657,-1,615,657,617,-1,617,657,658,-1,617,658,619,-1,619,658,659,-1,619,659,621,-1,621,659,660,-1,621,660,623,-1,623,660,661,-1,623,661,625,-1,625,661,662,-1,625,662,627,-1,627,662,663,-1,627,663,629,-1,629,663,664,-1,629,664,631,-1,631,664,665,-1,631,665,633,-1,633,665,666,-1,633,666,635,-1,635,666,667,-1,635,667,637,-1,637,667,668,-1,637,668,639,-1,639,668,669,-1,639,669,641,-1,641,669,670,-1,641,670,643,-1,643,670,671,-1,643,671,645,-1,645,671,672,-1,645,672,647,-1,647,672,673,-1,647,673,649,-1,649,673,674,-1,649,674,651,-1,651,674,675,-1,651,675,605,-1,605,675,652,-1,652,676,653,-1,653,676,677,-1,653,677,654,-1,654,677,678,-1,654,678,655,-1,655,678,679,-1,655,679,656,-1,656,679,680,-1,656,680,657,-1,657,680,681,-1,657,681,658,-1,658,681,682,-1,658,682,659,-1,659,682,683,-1,659,683,660,-1,660,683,684,-1,660,684,661,-1,661,684,685,-1,661,685,662,-1,662,685,686,-1,662,686,663,-1,663,686,687,-1,663,687,664,-1,664,687,688,-1,664,688,665,-1,665,688,689,-1,665,689,666,-1,666,689,690,-1,666,690,667,-1,667,690,691,-1,667,691,668,-1,668,691,692,-1,668,692,669,-1,669,692,693,-1,669,693,670,-1,670,693,694,-1,670,694,671,-1,671,694,695,-1,671,695,672,-1,672,695,696,-1,672,696,673,-1,673,696,697,-1,673,697,674,-1,674,697,698,-1,674,698,675,-1,675,698,699,-1,675,699,652,-1,652,699,676,-1,676,700,677,-1,677,700,701,-1,677,701,678,-1,678,701,702,-1,678,702,679,-1,679,702,703,-1,679,703,680,-1,680,703,704,-1,680,704,681,-1,681,704,705,-1,681,705,682,-1,682,705,706,-1,682,706,683,-1,683,706,707,-1,683,707,684,-1,684,707,708,-1,684,708,685,-1,685,708,709,-1,685,709,686,-1,686,709,710,-1,686,710,687,-1,687,710,711,-1,687,711,688,-1,688,711,712,-1,688,712,689,-1,689,712,713,-1,689,713,690,-1,690,713,714,-1,690,714,691,-1,691,714,715,-1,691,715,692,-1,692,715,716,-1,692,716,693,-1,693,716,717,-1,693,717,694,-1,694,717,718,-1,694,718,695,-1,695,718,719,-1,695,719,696,-1,696,719,720,-1,696,720,697,-1,697,720,721,-1,697,721,698,-1,698,721,722,-1,698,722,699,-1,699,722,723,-1,699,723,676,-1,676,723,700,-1,700,724,701,-1,701,724,725,-1,701,725,702,-1,702,725,726,-1,702,726,703,-1,703,726,727,-1,703,727,704,-1,704,727,728,-1,704,728,705,-1,705,728,729,-1,705,729,706,-1,706,729,730,-1,706,730,707,-1,707,730,731,-1,707,731,708,-1,708,731,732,-1,708,732,709,-1,709,732,733,-1,709,733,710,-1,710,733,734,-1,710,734,711,-1,711,734,735,-1,711,735,712,-1,712,735,736,-1,712,736,713,-1,713,736,737,-1,713,737,714,-1,714,737,738,-1,714,738,715,-1,715,738,739,-1,715,739,716,-1,716,739,740,-1,716,740,717,-1,717,740,741,-1,717,741,718,-1,718,741,742,-1,718,742,719,-1,719,742,743,-1,719,743,720,-1,720,743,744,-1,720,744,721,-1,721,744,745,-1,721,745,722,-1,722,745,746,-1,722,746,723,-1,723,746,747,-1,723,747,700,-1,700,747,724,-1,724,748,725,-1,725,748,749,-1,725,749,726,-1,726,749,750,-1,726,750,727,-1,727,750,751,-1,727,751,728,-1,728,751,752,-1,728,752,729,-1,729,752,753,-1,729,753,730,-1,730,753,754,-1,730,754,731,-1,731,754,755,-1,731,755,732,-1,732,755,756,-1,732,756,733,-1,733,756,757,-1,733,757,734,-1,734,757,758,-1,734,758,735,-1,735,758,759,-1,735,759,736,-1,736,759,760,-1,736,760,737,-1,737,760,761,-1,737,761,738,-1,738,761,762,-1,738,762,739,-1,739,762,763,-1,739,763,740,-1,740,763,764,-1,740,764,741,-1,741,764,765,-1,741,765,742,-1,742,765,766,-1,742,766,743,-1,743,766,767,-1,743,767,744,-1,744,767,768,-1,744,768,745,-1,745,768,769,-1,745,769,746,-1,746,769,770,-1,746,770,747,-1,747,770,771,-1,747,771,724,-1,724,771,748,-1,748,580,749,-1,749,580,581,-1,749,581,750,-1,750,581,582,-1,750,582,751,-1,751,582,583,-1,751,583,752,-1,752,583,584,-1,752,584,753,-1,753,584,585,-1,753,585,754,-1,754,585,586,-1,754,586,755,-1,755,586,587,-1,755,587,756,-1,756,587,588,-1,756,588,757,-1,757,588,589,-1,757,589,758,-1,758,589,590,-1,758,590,759,-1,759,590,591,-1,759,591,760,-1,760,591,592,-1,760,592,761,-1,761,592,593,-1,761,593,762,-1,762,593,594,-1,762,594,763,-1,763,594,595,-1,763,595,764,-1,764,595,596,-1,764,596,765,-1,765,596,597,-1,765,597,766,-1,766,597,598,-1,766,598,767,-1,767,598,599,-1,767,599,768,-1,768,599,600,-1,768,600,769,-1,769,600,601,-1,769,601,770,-1,770,601,602,-1,770,602,771,-1,771,602,603,-1,771,603,748,-1,748,603,580,-1,427,642,422,-1,422,642,644,-1,422,644,423,-1,423,644,646,-1,423,646,424,-1,424,646,648,-1,424,648,419,-1,419,648,650,-1,419,650,420,-1,420,650,604,-1,420,604,421,-1,421,604,606,-1,421,606,416,-1,416,606,608,-1,416,608,417,-1,417,608,610,-1,417,610,418,-1,418,610,612,-1,418,612,411,-1,411,612,614,-1,411,614,412,-1,412,614,616,-1,412,616,414,-1,414,616,618,-1,414,618,415,-1,415,618,620,-1,415,620,434,-1,434,620,622,-1,434,622,435,-1,435,622,624,-1,435,624,431,-1,431,624,626,-1,431,626,432,-1,432,626,628,-1,432,628,433,-1,433,628,630,-1,433,630,428,-1,428,630,632,-1,428,632,429,-1,429,632,634,-1,429,634,430,-1,430,634,636,-1,430,636,425,-1,425,636,638,-1,425,638,426,-1,426,638,640,-1,426,640,427,-1,427,640,642,-1,772,773,774,-1,774,773,775,-1,774,775,776,-1,777,778,774,-1,774,778,779,-1,774,779,772,-1,780,781,774,-1,774,781,782,-1,774,782,777,-1,783,784,774,-1,774,784,785,-1,774,785,780,-1,786,787,774,-1,774,787,788,-1,774,788,783,-1,789,790,774,-1,774,790,791,-1,774,791,786,-1,792,793,774,-1,774,793,794,-1,774,794,789,-1,776,795,774,-1,774,795,796,-1,774,796,792,-1,797,798,799,-1,799,798,800,-1,799,800,801,-1,802,803,799,-1,799,803,804,-1,799,804,797,-1,805,806,799,-1,799,806,807,-1,799,807,802,-1,808,809,799,-1,799,809,810,-1,799,810,805,-1,811,812,799,-1,799,812,813,-1,799,813,808,-1,814,815,799,-1,799,815,816,-1,799,816,811,-1,817,818,799,-1,799,818,819,-1,799,819,814,-1,801,820,799,-1,799,820,821,-1,799,821,817,-1,822,773,823,-1,823,773,772,-1,823,772,824,-1,824,772,779,-1,824,779,825,-1,825,779,778,-1,825,778,826,-1,826,778,777,-1,826,777,827,-1,827,777,782,-1,827,782,828,-1,828,782,781,-1,828,781,829,-1,829,781,780,-1,829,780,830,-1,830,780,785,-1,830,785,831,-1,831,785,784,-1,831,784,832,-1,832,784,783,-1,832,783,833,-1,833,783,788,-1,833,788,834,-1,834,788,787,-1,834,787,835,-1,835,787,786,-1,835,786,836,-1,836,786,791,-1,836,791,837,-1,837,791,790,-1,837,790,838,-1,838,790,789,-1,838,789,839,-1,839,789,794,-1,839,794,840,-1,840,794,793,-1,840,793,841,-1,841,793,792,-1,841,792,842,-1,842,792,796,-1,842,796,843,-1,843,796,795,-1,843,795,844,-1,844,795,776,-1,844,776,845,-1,845,776,775,-1,845,775,822,-1,822,775,773,-1,846,847,848,-1,848,847,849,-1,848,849,850,-1,850,849,851,-1,850,851,852,-1,852,851,853,-1,852,853,854,-1,854,853,855,-1,854,855,856,-1,856,855,857,-1,856,857,858,-1,858,857,859,-1,858,859,860,-1,860,859,861,-1,860,861,862,-1,862,861,863,-1,862,863,864,-1,864,863,865,-1,864,865,866,-1,866,865,867,-1,866,867,868,-1,868,867,869,-1,868,869,870,-1,870,869,871,-1,870,871,872,-1,872,871,873,-1,872,873,874,-1,874,873,875,-1,874,875,876,-1,876,875,877,-1,876,877,878,-1,878,877,879,-1,878,879,880,-1,880,879,881,-1,880,881,882,-1,882,881,883,-1,882,883,884,-1,884,883,885,-1,884,885,886,-1,886,885,887,-1,886,887,888,-1,888,887,889,-1,888,889,890,-1,890,889,891,-1,890,891,892,-1,892,891,893,-1,892,893,846,-1,846,893,847,-1,847,894,849,-1,849,894,895,-1,849,895,851,-1,851,895,896,-1,851,896,853,-1,853,896,897,-1,853,897,855,-1,855,897,898,-1,855,898,857,-1,857,898,899,-1,857,899,859,-1,859,899,900,-1,859,900,861,-1,861,900,901,-1,861,901,863,-1,863,901,902,-1,863,902,865,-1,865,902,903,-1,865,903,867,-1,867,903,904,-1,867,904,869,-1,869,904,905,-1,869,905,871,-1,871,905,906,-1,871,906,873,-1,873,906,907,-1,873,907,875,-1,875,907,908,-1,875,908,877,-1,877,908,909,-1,877,909,879,-1,879,909,910,-1,879,910,881,-1,881,910,911,-1,881,911,883,-1,883,911,912,-1,883,912,885,-1,885,912,913,-1,885,913,887,-1,887,913,914,-1,887,914,889,-1,889,914,915,-1,889,915,891,-1,891,915,916,-1,891,916,893,-1,893,916,917,-1,893,917,847,-1,847,917,894,-1,894,918,895,-1,895,918,919,-1,895,919,896,-1,896,919,920,-1,896,920,897,-1,897,920,921,-1,897,921,898,-1,898,921,922,-1,898,922,899,-1,899,922,923,-1,899,923,900,-1,900,923,924,-1,900,924,901,-1,901,924,925,-1,901,925,902,-1,902,925,926,-1,902,926,903,-1,903,926,927,-1,903,927,904,-1,904,927,928,-1,904,928,905,-1,905,928,929,-1,905,929,906,-1,906,929,930,-1,906,930,907,-1,907,930,931,-1,907,931,908,-1,908,931,932,-1,908,932,909,-1,909,932,933,-1,909,933,910,-1,910,933,934,-1,910,934,911,-1,911,934,935,-1,911,935,912,-1,912,935,936,-1,912,936,913,-1,913,936,937,-1,913,937,914,-1,914,937,938,-1,914,938,915,-1,915,938,939,-1,915,939,916,-1,916,939,940,-1,916,940,917,-1,917,940,941,-1,917,941,894,-1,894,941,918,-1,918,942,919,-1,919,942,943,-1,919,943,920,-1,920,943,944,-1,920,944,921,-1,921,944,945,-1,921,945,922,-1,922,945,946,-1,922,946,923,-1,923,946,947,-1,923,947,924,-1,924,947,948,-1,924,948,925,-1,925,948,949,-1,925,949,926,-1,926,949,950,-1,926,950,927,-1,927,950,951,-1,927,951,928,-1,928,951,952,-1,928,952,929,-1,929,952,953,-1,929,953,930,-1,930,953,954,-1,930,954,931,-1,931,954,955,-1,931,955,932,-1,932,955,956,-1,932,956,933,-1,933,956,957,-1,933,957,934,-1,934,957,958,-1,934,958,935,-1,935,958,959,-1,935,959,936,-1,936,959,960,-1,936,960,937,-1,937,960,961,-1,937,961,938,-1,938,961,962,-1,938,962,939,-1,939,962,963,-1,939,963,940,-1,940,963,964,-1,940,964,941,-1,941,964,965,-1,941,965,918,-1,918,965,942,-1,942,840,943,-1,943,840,841,-1,943,841,944,-1,944,841,842,-1,944,842,945,-1,945,842,843,-1,945,843,946,-1,946,843,844,-1,946,844,947,-1,947,844,845,-1,947,845,948,-1,948,845,822,-1,948,822,949,-1,949,822,823,-1,949,823,950,-1,950,823,824,-1,950,824,951,-1,951,824,825,-1,951,825,952,-1,952,825,826,-1,952,826,953,-1,953,826,827,-1,953,827,954,-1,954,827,828,-1,954,828,955,-1,955,828,829,-1,955,829,956,-1,956,829,830,-1,956,830,957,-1,957,830,831,-1,957,831,958,-1,958,831,832,-1,958,832,959,-1,959,832,833,-1,959,833,960,-1,960,833,834,-1,960,834,961,-1,961,834,835,-1,961,835,962,-1,962,835,836,-1,962,836,963,-1,963,836,837,-1,963,837,964,-1,964,837,838,-1,964,838,965,-1,965,838,839,-1,965,839,942,-1,942,839,840,-1,966,848,967,-1,967,848,850,-1,967,850,968,-1,968,850,852,-1,968,852,969,-1,969,852,854,-1,969,854,970,-1,970,854,856,-1,970,856,971,-1,971,856,858,-1,971,858,972,-1,972,858,860,-1,972,860,973,-1,973,860,862,-1,973,862,974,-1,974,862,864,-1,974,864,975,-1,975,864,866,-1,975,866,976,-1,976,866,868,-1,976,868,977,-1,977,868,870,-1,977,870,978,-1,978,870,872,-1,978,872,979,-1,979,872,874,-1,979,874,980,-1,980,874,876,-1,980,876,981,-1,981,876,878,-1,981,878,982,-1,982,878,880,-1,982,880,983,-1,983,880,882,-1,983,882,984,-1,984,882,884,-1,984,884,985,-1,985,884,886,-1,985,886,986,-1,986,886,888,-1,986,888,987,-1,987,888,890,-1,987,890,988,-1,988,890,892,-1,988,892,989,-1,989,892,846,-1,989,846,966,-1,966,846,848,-1,990,991,992,-1,992,991,993,-1,992,993,994,-1,994,993,995,-1,994,995,996,-1,996,995,997,-1,996,997,998,-1,998,997,999,-1,998,999,1000,-1,1000,999,1001,-1,1000,1001,1002,-1,1002,1001,1003,-1,1002,1003,1004,-1,1004,1003,1005,-1,1004,1005,1006,-1,1006,1005,1007,-1,1006,1007,1008,-1,1008,1007,1009,-1,1008,1009,1010,-1,1010,1009,1011,-1,1010,1011,1012,-1,1012,1011,1013,-1,1012,1013,1014,-1,1014,1013,1015,-1,1014,1015,1016,-1,1016,1015,1017,-1,1016,1017,1018,-1,1018,1017,1019,-1,1018,1019,1020,-1,1020,1019,1021,-1,1020,1021,1022,-1,1022,1021,1023,-1,1022,1023,1024,-1,1024,1023,1025,-1,1024,1025,1026,-1,1026,1025,1027,-1,1026,1027,1028,-1,1028,1027,1029,-1,1028,1029,1030,-1,1030,1029,1031,-1,1030,1031,1032,-1,1032,1031,1033,-1,1032,1033,1034,-1,1034,1033,1035,-1,1034,1035,1036,-1,1036,1035,1037,-1,1036,1037,990,-1,990,1037,991,-1,991,1038,993,-1,993,1038,1039,-1,993,1039,995,-1,995,1039,1040,-1,995,1040,997,-1,997,1040,1041,-1,997,1041,999,-1,999,1041,1042,-1,999,1042,1001,-1,1001,1042,1043,-1,1001,1043,1003,-1,1003,1043,1044,-1,1003,1044,1005,-1,1005,1044,1045,-1,1005,1045,1007,-1,1007,1045,1046,-1,1007,1046,1009,-1,1009,1046,1047,-1,1009,1047,1011,-1,1011,1047,1048,-1,1011,1048,1013,-1,1013,1048,1049,-1,1013,1049,1015,-1,1015,1049,1050,-1,1015,1050,1017,-1,1017,1050,1051,-1,1017,1051,1019,-1,1019,1051,1052,-1,1019,1052,1021,-1,1021,1052,1053,-1,1021,1053,1023,-1,1023,1053,1054,-1,1023,1054,1025,-1,1025,1054,1055,-1,1025,1055,1027,-1,1027,1055,1056,-1,1027,1056,1029,-1,1029,1056,1057,-1,1029,1057,1031,-1,1031,1057,1058,-1,1031,1058,1033,-1,1033,1058,1059,-1,1033,1059,1035,-1,1035,1059,1060,-1,1035,1060,1037,-1,1037,1060,1061,-1,1037,1061,991,-1,991,1061,1038,-1,1038,1062,1039,-1,1039,1062,1063,-1,1039,1063,1040,-1,1040,1063,1064,-1,1040,1064,1041,-1,1041,1064,1065,-1,1041,1065,1042,-1,1042,1065,1066,-1,1042,1066,1043,-1,1043,1066,1067,-1,1043,1067,1044,-1,1044,1067,1068,-1,1044,1068,1045,-1,1045,1068,1069,-1,1045,1069,1046,-1,1046,1069,1070,-1,1046,1070,1047,-1,1047,1070,1071,-1,1047,1071,1048,-1,1048,1071,1072,-1,1048,1072,1049,-1,1049,1072,1073,-1,1049,1073,1050,-1,1050,1073,1074,-1,1050,1074,1051,-1,1051,1074,1075,-1,1051,1075,1052,-1,1052,1075,1076,-1,1052,1076,1053,-1,1053,1076,1077,-1,1053,1077,1054,-1,1054,1077,1078,-1,1054,1078,1055,-1,1055,1078,1079,-1,1055,1079,1056,-1,1056,1079,1080,-1,1056,1080,1057,-1,1057,1080,1081,-1,1057,1081,1058,-1,1058,1081,1082,-1,1058,1082,1059,-1,1059,1082,1083,-1,1059,1083,1060,-1,1060,1083,1084,-1,1060,1084,1061,-1,1061,1084,1085,-1,1061,1085,1038,-1,1038,1085,1062,-1,1062,1086,1063,-1,1063,1086,1087,-1,1063,1087,1064,-1,1064,1087,1088,-1,1064,1088,1065,-1,1065,1088,1089,-1,1065,1089,1066,-1,1066,1089,1090,-1,1066,1090,1067,-1,1067,1090,1091,-1,1067,1091,1068,-1,1068,1091,1092,-1,1068,1092,1069,-1,1069,1092,1093,-1,1069,1093,1070,-1,1070,1093,1094,-1,1070,1094,1071,-1,1071,1094,1095,-1,1071,1095,1072,-1,1072,1095,1096,-1,1072,1096,1073,-1,1073,1096,1097,-1,1073,1097,1074,-1,1074,1097,1098,-1,1074,1098,1075,-1,1075,1098,1099,-1,1075,1099,1076,-1,1076,1099,1100,-1,1076,1100,1077,-1,1077,1100,1101,-1,1077,1101,1078,-1,1078,1101,1102,-1,1078,1102,1079,-1,1079,1102,1103,-1,1079,1103,1080,-1,1080,1103,1104,-1,1080,1104,1081,-1,1081,1104,1105,-1,1081,1105,1082,-1,1082,1105,1106,-1,1082,1106,1083,-1,1083,1106,1107,-1,1083,1107,1084,-1,1084,1107,1108,-1,1084,1108,1085,-1,1085,1108,1109,-1,1085,1109,1062,-1,1062,1109,1086,-1,1086,1110,1087,-1,1087,1110,1111,-1,1087,1111,1088,-1,1088,1111,1112,-1,1088,1112,1089,-1,1089,1112,1113,-1,1089,1113,1090,-1,1090,1113,1114,-1,1090,1114,1091,-1,1091,1114,1115,-1,1091,1115,1092,-1,1092,1115,1116,-1,1092,1116,1093,-1,1093,1116,1117,-1,1093,1117,1094,-1,1094,1117,1118,-1,1094,1118,1095,-1,1095,1118,1119,-1,1095,1119,1096,-1,1096,1119,1120,-1,1096,1120,1097,-1,1097,1120,1121,-1,1097,1121,1098,-1,1098,1121,1122,-1,1098,1122,1099,-1,1099,1122,1123,-1,1099,1123,1100,-1,1100,1123,1124,-1,1100,1124,1101,-1,1101,1124,1125,-1,1101,1125,1102,-1,1102,1125,1126,-1,1102,1126,1103,-1,1103,1126,1127,-1,1103,1127,1104,-1,1104,1127,1128,-1,1104,1128,1105,-1,1105,1128,1129,-1,1105,1129,1106,-1,1106,1129,1130,-1,1106,1130,1107,-1,1107,1130,1131,-1,1107,1131,1108,-1,1108,1131,1132,-1,1108,1132,1109,-1,1109,1132,1133,-1,1109,1133,1086,-1,1086,1133,1110,-1,1110,1134,1111,-1,1111,1134,1135,-1,1111,1135,1112,-1,1112,1135,1136,-1,1112,1136,1113,-1,1113,1136,1137,-1,1113,1137,1114,-1,1114,1137,1138,-1,1114,1138,1115,-1,1115,1138,1139,-1,1115,1139,1116,-1,1116,1139,1140,-1,1116,1140,1117,-1,1117,1140,1141,-1,1117,1141,1118,-1,1118,1141,1142,-1,1118,1142,1119,-1,1119,1142,1143,-1,1119,1143,1120,-1,1120,1143,1144,-1,1120,1144,1121,-1,1121,1144,1145,-1,1121,1145,1122,-1,1122,1145,1146,-1,1122,1146,1123,-1,1123,1146,1147,-1,1123,1147,1124,-1,1124,1147,1148,-1,1124,1148,1125,-1,1125,1148,1149,-1,1125,1149,1126,-1,1126,1149,1150,-1,1126,1150,1127,-1,1127,1150,1151,-1,1127,1151,1128,-1,1128,1151,1152,-1,1128,1152,1129,-1,1129,1152,1153,-1,1129,1153,1130,-1,1130,1153,1154,-1,1130,1154,1131,-1,1131,1154,1155,-1,1131,1155,1132,-1,1132,1155,1156,-1,1132,1156,1133,-1,1133,1156,1157,-1,1133,1157,1110,-1,1110,1157,1134,-1,1134,966,1135,-1,1135,966,967,-1,1135,967,1136,-1,1136,967,968,-1,1136,968,1137,-1,1137,968,969,-1,1137,969,1138,-1,1138,969,970,-1,1138,970,1139,-1,1139,970,971,-1,1139,971,1140,-1,1140,971,972,-1,1140,972,1141,-1,1141,972,973,-1,1141,973,1142,-1,1142,973,974,-1,1142,974,1143,-1,1143,974,975,-1,1143,975,1144,-1,1144,975,976,-1,1144,976,1145,-1,1145,976,977,-1,1145,977,1146,-1,1146,977,978,-1,1146,978,1147,-1,1147,978,979,-1,1147,979,1148,-1,1148,979,980,-1,1148,980,1149,-1,1149,980,981,-1,1149,981,1150,-1,1150,981,982,-1,1150,982,1151,-1,1151,982,983,-1,1151,983,1152,-1,1152,983,984,-1,1152,984,1153,-1,1153,984,985,-1,1153,985,1154,-1,1154,985,986,-1,1154,986,1155,-1,1155,986,987,-1,1155,987,1156,-1,1156,987,988,-1,1156,988,1157,-1,1157,988,989,-1,1157,989,1134,-1,1134,989,966,-1,813,1028,808,-1,808,1028,1030,-1,808,1030,809,-1,809,1030,1032,-1,809,1032,810,-1,810,1032,1034,-1,810,1034,805,-1,805,1034,1036,-1,805,1036,806,-1,806,1036,990,-1,806,990,807,-1,807,990,992,-1,807,992,802,-1,802,992,994,-1,802,994,803,-1,803,994,996,-1,803,996,804,-1,804,996,998,-1,804,998,797,-1,797,998,1000,-1,797,1000,798,-1,798,1000,1002,-1,798,1002,800,-1,800,1002,1004,-1,800,1004,801,-1,801,1004,1006,-1,801,1006,820,-1,820,1006,1008,-1,820,1008,821,-1,821,1008,1010,-1,821,1010,817,-1,817,1010,1012,-1,817,1012,818,-1,818,1012,1014,-1,818,1014,819,-1,819,1014,1016,-1,819,1016,814,-1,814,1016,1018,-1,814,1018,815,-1,815,1018,1020,-1,815,1020,816,-1,816,1020,1022,-1,816,1022,811,-1,811,1022,1024,-1,811,1024,812,-1,812,1024,1026,-1,812,1026,813,-1,813,1026,1028,-1,1158,1159,1160,-1,1160,1159,1161,-1,1160,1161,1162,-1,1163,1164,1160,-1,1160,1164,1165,-1,1160,1165,1158,-1,1166,1167,1160,-1,1160,1167,1168,-1,1160,1168,1163,-1,1169,1170,1160,-1,1160,1170,1171,-1,1160,1171,1166,-1,1172,1173,1160,-1,1160,1173,1174,-1,1160,1174,1169,-1,1175,1176,1160,-1,1160,1176,1177,-1,1160,1177,1172,-1,1178,1179,1160,-1,1160,1179,1180,-1,1160,1180,1175,-1,1162,1181,1160,-1,1160,1181,1182,-1,1160,1182,1178,-1,1183,1184,1185,-1,1185,1184,1186,-1,1185,1186,1187,-1,1188,1189,1185,-1,1185,1189,1190,-1,1185,1190,1183,-1,1191,1192,1185,-1,1185,1192,1193,-1,1185,1193,1188,-1,1194,1195,1185,-1,1185,1195,1196,-1,1185,1196,1191,-1,1197,1198,1185,-1,1185,1198,1199,-1,1185,1199,1194,-1,1200,1201,1185,-1,1185,1201,1202,-1,1185,1202,1197,-1,1203,1204,1185,-1,1185,1204,1205,-1,1185,1205,1200,-1,1187,1206,1185,-1,1185,1206,1207,-1,1185,1207,1203,-1,1208,1159,1209,-1,1209,1159,1158,-1,1209,1158,1210,-1,1210,1158,1165,-1,1210,1165,1211,-1,1211,1165,1164,-1,1211,1164,1212,-1,1212,1164,1163,-1,1212,1163,1213,-1,1213,1163,1168,-1,1213,1168,1214,-1,1214,1168,1167,-1,1214,1167,1215,-1,1215,1167,1166,-1,1215,1166,1216,-1,1216,1166,1171,-1,1216,1171,1217,-1,1217,1171,1170,-1,1217,1170,1218,-1,1218,1170,1169,-1,1218,1169,1219,-1,1219,1169,1174,-1,1219,1174,1220,-1,1220,1174,1173,-1,1220,1173,1221,-1,1221,1173,1172,-1,1221,1172,1222,-1,1222,1172,1177,-1,1222,1177,1223,-1,1223,1177,1176,-1,1223,1176,1224,-1,1224,1176,1175,-1,1224,1175,1225,-1,1225,1175,1180,-1,1225,1180,1226,-1,1226,1180,1179,-1,1226,1179,1227,-1,1227,1179,1178,-1,1227,1178,1228,-1,1228,1178,1182,-1,1228,1182,1229,-1,1229,1182,1181,-1,1229,1181,1230,-1,1230,1181,1162,-1,1230,1162,1231,-1,1231,1162,1161,-1,1231,1161,1208,-1,1208,1161,1159,-1,1232,1233,1234,-1,1234,1233,1235,-1,1234,1235,1236,-1,1236,1235,1237,-1,1236,1237,1238,-1,1238,1237,1239,-1,1238,1239,1240,-1,1240,1239,1241,-1,1240,1241,1242,-1,1242,1241,1243,-1,1242,1243,1244,-1,1244,1243,1245,-1,1244,1245,1246,-1,1246,1245,1247,-1,1246,1247,1248,-1,1248,1247,1249,-1,1248,1249,1250,-1,1250,1249,1251,-1,1250,1251,1252,-1,1252,1251,1253,-1,1252,1253,1254,-1,1254,1253,1255,-1,1254,1255,1256,-1,1256,1255,1257,-1,1256,1257,1258,-1,1258,1257,1259,-1,1258,1259,1260,-1,1260,1259,1261,-1,1260,1261,1262,-1,1262,1261,1263,-1,1262,1263,1264,-1,1264,1263,1265,-1,1264,1265,1266,-1,1266,1265,1267,-1,1266,1267,1268,-1,1268,1267,1269,-1,1268,1269,1270,-1,1270,1269,1271,-1,1270,1271,1272,-1,1272,1271,1273,-1,1272,1273,1274,-1,1274,1273,1275,-1,1274,1275,1276,-1,1276,1275,1277,-1,1276,1277,1278,-1,1278,1277,1279,-1,1278,1279,1232,-1,1232,1279,1233,-1,1233,1280,1235,-1,1235,1280,1281,-1,1235,1281,1237,-1,1237,1281,1282,-1,1237,1282,1239,-1,1239,1282,1283,-1,1239,1283,1241,-1,1241,1283,1284,-1,1241,1284,1243,-1,1243,1284,1285,-1,1243,1285,1245,-1,1245,1285,1286,-1,1245,1286,1247,-1,1247,1286,1287,-1,1247,1287,1249,-1,1249,1287,1288,-1,1249,1288,1251,-1,1251,1288,1289,-1,1251,1289,1253,-1,1253,1289,1290,-1,1253,1290,1255,-1,1255,1290,1291,-1,1255,1291,1257,-1,1257,1291,1292,-1,1257,1292,1259,-1,1259,1292,1293,-1,1259,1293,1261,-1,1261,1293,1294,-1,1261,1294,1263,-1,1263,1294,1295,-1,1263,1295,1265,-1,1265,1295,1296,-1,1265,1296,1267,-1,1267,1296,1297,-1,1267,1297,1269,-1,1269,1297,1298,-1,1269,1298,1271,-1,1271,1298,1299,-1,1271,1299,1273,-1,1273,1299,1300,-1,1273,1300,1275,-1,1275,1300,1301,-1,1275,1301,1277,-1,1277,1301,1302,-1,1277,1302,1279,-1,1279,1302,1303,-1,1279,1303,1233,-1,1233,1303,1280,-1,1280,1304,1281,-1,1281,1304,1305,-1,1281,1305,1282,-1,1282,1305,1306,-1,1282,1306,1283,-1,1283,1306,1307,-1,1283,1307,1284,-1,1284,1307,1308,-1,1284,1308,1285,-1,1285,1308,1309,-1,1285,1309,1286,-1,1286,1309,1310,-1,1286,1310,1287,-1,1287,1310,1311,-1,1287,1311,1288,-1,1288,1311,1312,-1,1288,1312,1289,-1,1289,1312,1313,-1,1289,1313,1290,-1,1290,1313,1314,-1,1290,1314,1291,-1,1291,1314,1315,-1,1291,1315,1292,-1,1292,1315,1316,-1,1292,1316,1293,-1,1293,1316,1317,-1,1293,1317,1294,-1,1294,1317,1318,-1,1294,1318,1295,-1,1295,1318,1319,-1,1295,1319,1296,-1,1296,1319,1320,-1,1296,1320,1297,-1,1297,1320,1321,-1,1297,1321,1298,-1,1298,1321,1322,-1,1298,1322,1299,-1,1299,1322,1323,-1,1299,1323,1300,-1,1300,1323,1324,-1,1300,1324,1301,-1,1301,1324,1325,-1,1301,1325,1302,-1,1302,1325,1326,-1,1302,1326,1303,-1,1303,1326,1327,-1,1303,1327,1280,-1,1280,1327,1304,-1,1304,1328,1305,-1,1305,1328,1329,-1,1305,1329,1306,-1,1306,1329,1330,-1,1306,1330,1307,-1,1307,1330,1331,-1,1307,1331,1308,-1,1308,1331,1332,-1,1308,1332,1309,-1,1309,1332,1333,-1,1309,1333,1310,-1,1310,1333,1334,-1,1310,1334,1311,-1,1311,1334,1335,-1,1311,1335,1312,-1,1312,1335,1336,-1,1312,1336,1313,-1,1313,1336,1337,-1,1313,1337,1314,-1,1314,1337,1338,-1,1314,1338,1315,-1,1315,1338,1339,-1,1315,1339,1316,-1,1316,1339,1340,-1,1316,1340,1317,-1,1317,1340,1341,-1,1317,1341,1318,-1,1318,1341,1342,-1,1318,1342,1319,-1,1319,1342,1343,-1,1319,1343,1320,-1,1320,1343,1344,-1,1320,1344,1321,-1,1321,1344,1345,-1,1321,1345,1322,-1,1322,1345,1346,-1,1322,1346,1323,-1,1323,1346,1347,-1,1323,1347,1324,-1,1324,1347,1348,-1,1324,1348,1325,-1,1325,1348,1349,-1,1325,1349,1326,-1,1326,1349,1350,-1,1326,1350,1327,-1,1327,1350,1351,-1,1327,1351,1304,-1,1304,1351,1328,-1,1328,1226,1329,-1,1329,1226,1227,-1,1329,1227,1330,-1,1330,1227,1228,-1,1330,1228,1331,-1,1331,1228,1229,-1,1331,1229,1332,-1,1332,1229,1230,-1,1332,1230,1333,-1,1333,1230,1231,-1,1333,1231,1334,-1,1334,1231,1208,-1,1334,1208,1335,-1,1335,1208,1209,-1,1335,1209,1336,-1,1336,1209,1210,-1,1336,1210,1337,-1,1337,1210,1211,-1,1337,1211,1338,-1,1338,1211,1212,-1,1338,1212,1339,-1,1339,1212,1213,-1,1339,1213,1340,-1,1340,1213,1214,-1,1340,1214,1341,-1,1341,1214,1215,-1,1341,1215,1342,-1,1342,1215,1216,-1,1342,1216,1343,-1,1343,1216,1217,-1,1343,1217,1344,-1,1344,1217,1218,-1,1344,1218,1345,-1,1345,1218,1219,-1,1345,1219,1346,-1,1346,1219,1220,-1,1346,1220,1347,-1,1347,1220,1221,-1,1347,1221,1348,-1,1348,1221,1222,-1,1348,1222,1349,-1,1349,1222,1223,-1,1349,1223,1350,-1,1350,1223,1224,-1,1350,1224,1351,-1,1351,1224,1225,-1,1351,1225,1328,-1,1328,1225,1226,-1,1352,1234,1353,-1,1353,1234,1236,-1,1353,1236,1354,-1,1354,1236,1238,-1,1354,1238,1355,-1,1355,1238,1240,-1,1355,1240,1356,-1,1356,1240,1242,-1,1356,1242,1357,-1,1357,1242,1244,-1,1357,1244,1358,-1,1358,1244,1246,-1,1358,1246,1359,-1,1359,1246,1248,-1,1359,1248,1360,-1,1360,1248,1250,-1,1360,1250,1361,-1,1361,1250,1252,-1,1361,1252,1362,-1,1362,1252,1254,-1,1362,1254,1363,-1,1363,1254,1256,-1,1363,1256,1364,-1,1364,1256,1258,-1,1364,1258,1365,-1,1365,1258,1260,-1,1365,1260,1366,-1,1366,1260,1262,-1,1366,1262,1367,-1,1367,1262,1264,-1,1367,1264,1368,-1,1368,1264,1266,-1,1368,1266,1369,-1,1369,1266,1268,-1,1369,1268,1370,-1,1370,1268,1270,-1,1370,1270,1371,-1,1371,1270,1272,-1,1371,1272,1372,-1,1372,1272,1274,-1,1372,1274,1373,-1,1373,1274,1276,-1,1373,1276,1374,-1,1374,1276,1278,-1,1374,1278,1375,-1,1375,1278,1232,-1,1375,1232,1352,-1,1352,1232,1234,-1,1376,1377,1378,-1,1378,1377,1379,-1,1378,1379,1380,-1,1380,1379,1381,-1,1380,1381,1382,-1,1382,1381,1383,-1,1382,1383,1384,-1,1384,1383,1385,-1,1384,1385,1386,-1,1386,1385,1387,-1,1386,1387,1388,-1,1388,1387,1389,-1,1388,1389,1390,-1,1390,1389,1391,-1,1390,1391,1392,-1,1392,1391,1393,-1,1392,1393,1394,-1,1394,1393,1395,-1,1394,1395,1396,-1,1396,1395,1397,-1,1396,1397,1398,-1,1398,1397,1399,-1,1398,1399,1400,-1,1400,1399,1401,-1,1400,1401,1402,-1,1402,1401,1403,-1,1402,1403,1404,-1,1404,1403,1405,-1,1404,1405,1406,-1,1406,1405,1407,-1,1406,1407,1408,-1,1408,1407,1409,-1,1408,1409,1410,-1,1410,1409,1411,-1,1410,1411,1412,-1,1412,1411,1413,-1,1412,1413,1414,-1,1414,1413,1415,-1,1414,1415,1416,-1,1416,1415,1417,-1,1416,1417,1418,-1,1418,1417,1419,-1,1418,1419,1420,-1,1420,1419,1421,-1,1420,1421,1422,-1,1422,1421,1423,-1,1422,1423,1376,-1,1376,1423,1377,-1,1377,1424,1379,-1,1379,1424,1425,-1,1379,1425,1381,-1,1381,1425,1426,-1,1381,1426,1383,-1,1383,1426,1427,-1,1383,1427,1385,-1,1385,1427,1428,-1,1385,1428,1387,-1,1387,1428,1429,-1,1387,1429,1389,-1,1389,1429,1430,-1,1389,1430,1391,-1,1391,1430,1431,-1,1391,1431,1393,-1,1393,1431,1432,-1,1393,1432,1395,-1,1395,1432,1433,-1,1395,1433,1397,-1,1397,1433,1434,-1,1397,1434,1399,-1,1399,1434,1435,-1,1399,1435,1401,-1,1401,1435,1436,-1,1401,1436,1403,-1,1403,1436,1437,-1,1403,1437,1405,-1,1405,1437,1438,-1,1405,1438,1407,-1,1407,1438,1439,-1,1407,1439,1409,-1,1409,1439,1440,-1,1409,1440,1411,-1,1411,1440,1441,-1,1411,1441,1413,-1,1413,1441,1442,-1,1413,1442,1415,-1,1415,1442,1443,-1,1415,1443,1417,-1,1417,1443,1444,-1,1417,1444,1419,-1,1419,1444,1445,-1,1419,1445,1421,-1,1421,1445,1446,-1,1421,1446,1423,-1,1423,1446,1447,-1,1423,1447,1377,-1,1377,1447,1424,-1,1424,1448,1425,-1,1425,1448,1449,-1,1425,1449,1426,-1,1426,1449,1450,-1,1426,1450,1427,-1,1427,1450,1451,-1,1427,1451,1428,-1,1428,1451,1452,-1,1428,1452,1429,-1,1429,1452,1453,-1,1429,1453,1430,-1,1430,1453,1454,-1,1430,1454,1431,-1,1431,1454,1455,-1,1431,1455,1432,-1,1432,1455,1456,-1,1432,1456,1433,-1,1433,1456,1457,-1,1433,1457,1434,-1,1434,1457,1458,-1,1434,1458,1435,-1,1435,1458,1459,-1,1435,1459,1436,-1,1436,1459,1460,-1,1436,1460,1437,-1,1437,1460,1461,-1,1437,1461,1438,-1,1438,1461,1462,-1,1438,1462,1439,-1,1439,1462,1463,-1,1439,1463,1440,-1,1440,1463,1464,-1,1440,1464,1441,-1,1441,1464,1465,-1,1441,1465,1442,-1,1442,1465,1466,-1,1442,1466,1443,-1,1443,1466,1467,-1,1443,1467,1444,-1,1444,1467,1468,-1,1444,1468,1445,-1,1445,1468,1469,-1,1445,1469,1446,-1,1446,1469,1470,-1,1446,1470,1447,-1,1447,1470,1471,-1,1447,1471,1424,-1,1424,1471,1448,-1,1448,1472,1449,-1,1449,1472,1473,-1,1449,1473,1450,-1,1450,1473,1474,-1,1450,1474,1451,-1,1451,1474,1475,-1,1451,1475,1452,-1,1452,1475,1476,-1,1452,1476,1453,-1,1453,1476,1477,-1,1453,1477,1454,-1,1454,1477,1478,-1,1454,1478,1455,-1,1455,1478,1479,-1,1455,1479,1456,-1,1456,1479,1480,-1,1456,1480,1457,-1,1457,1480,1481,-1,1457,1481,1458,-1,1458,1481,1482,-1,1458,1482,1459,-1,1459,1482,1483,-1,1459,1483,1460,-1,1460,1483,1484,-1,1460,1484,1461,-1,1461,1484,1485,-1,1461,1485,1462,-1,1462,1485,1486,-1,1462,1486,1463,-1,1463,1486,1487,-1,1463,1487,1464,-1,1464,1487,1488,-1,1464,1488,1465,-1,1465,1488,1489,-1,1465,1489,1466,-1,1466,1489,1490,-1,1466,1490,1467,-1,1467,1490,1491,-1,1467,1491,1468,-1,1468,1491,1492,-1,1468,1492,1469,-1,1469,1492,1493,-1,1469,1493,1470,-1,1470,1493,1494,-1,1470,1494,1471,-1,1471,1494,1495,-1,1471,1495,1448,-1,1448,1495,1472,-1,1472,1496,1473,-1,1473,1496,1497,-1,1473,1497,1474,-1,1474,1497,1498,-1,1474,1498,1475,-1,1475,1498,1499,-1,1475,1499,1476,-1,1476,1499,1500,-1,1476,1500,1477,-1,1477,1500,1501,-1,1477,1501,1478,-1,1478,1501,1502,-1,1478,1502,1479,-1,1479,1502,1503,-1,1479,1503,1480,-1,1480,1503,1504,-1,1480,1504,1481,-1,1481,1504,1505,-1,1481,1505,1482,-1,1482,1505,1506,-1,1482,1506,1483,-1,1483,1506,1507,-1,1483,1507,1484,-1,1484,1507,1508,-1,1484,1508,1485,-1,1485,1508,1509,-1,1485,1509,1486,-1,1486,1509,1510,-1,1486,1510,1487,-1,1487,1510,1511,-1,1487,1511,1488,-1,1488,1511,1512,-1,1488,1512,1489,-1,1489,1512,1513,-1,1489,1513,1490,-1,1490,1513,1514,-1,1490,1514,1491,-1,1491,1514,1515,-1,1491,1515,1492,-1,1492,1515,1516,-1,1492,1516,1493,-1,1493,1516,1517,-1,1493,1517,1494,-1,1494,1517,1518,-1,1494,1518,1495,-1,1495,1518,1519,-1,1495,1519,1472,-1,1472,1519,1496,-1,1496,1520,1497,-1,1497,1520,1521,-1,1497,1521,1498,-1,1498,1521,1522,-1,1498,1522,1499,-1,1499,1522,1523,-1,1499,1523,1500,-1,1500,1523,1524,-1,1500,1524,1501,-1,1501,1524,1525,-1,1501,1525,1502,-1,1502,1525,1526,-1,1502,1526,1503,-1,1503,1526,1527,-1,1503,1527,1504,-1,1504,1527,1528,-1,1504,1528,1505,-1,1505,1528,1529,-1,1505,1529,1506,-1,1506,1529,1530,-1,1506,1530,1507,-1,1507,1530,1531,-1,1507,1531,1508,-1,1508,1531,1532,-1,1508,1532,1509,-1,1509,1532,1533,-1,1509,1533,1510,-1,1510,1533,1534,-1,1510,1534,1511,-1,1511,1534,1535,-1,1511,1535,1512,-1,1512,1535,1536,-1,1512,1536,1513,-1,1513,1536,1537,-1,1513,1537,1514,-1,1514,1537,1538,-1,1514,1538,1515,-1,1515,1538,1539,-1,1515,1539,1516,-1,1516,1539,1540,-1,1516,1540,1517,-1,1517,1540,1541,-1,1517,1541,1518,-1,1518,1541,1542,-1,1518,1542,1519,-1,1519,1542,1543,-1,1519,1543,1496,-1,1496,1543,1520,-1,1520,1352,1521,-1,1521,1352,1353,-1,1521,1353,1522,-1,1522,1353,1354,-1,1522,1354,1523,-1,1523,1354,1355,-1,1523,1355,1524,-1,1524,1355,1356,-1,1524,1356,1525,-1,1525,1356,1357,-1,1525,1357,1526,-1,1526,1357,1358,-1,1526,1358,1527,-1,1527,1358,1359,-1,1527,1359,1528,-1,1528,1359,1360,-1,1528,1360,1529,-1,1529,1360,1361,-1,1529,1361,1530,-1,1530,1361,1362,-1,1530,1362,1531,-1,1531,1362,1363,-1,1531,1363,1532,-1,1532,1363,1364,-1,1532,1364,1533,-1,1533,1364,1365,-1,1533,1365,1534,-1,1534,1365,1366,-1,1534,1366,1535,-1,1535,1366,1367,-1,1535,1367,1536,-1,1536,1367,1368,-1,1536,1368,1537,-1,1537,1368,1369,-1,1537,1369,1538,-1,1538,1369,1370,-1,1538,1370,1539,-1,1539,1370,1371,-1,1539,1371,1540,-1,1540,1371,1372,-1,1540,1372,1541,-1,1541,1372,1373,-1,1541,1373,1542,-1,1542,1373,1374,-1,1542,1374,1543,-1,1543,1374,1375,-1,1543,1375,1520,-1,1520,1375,1352,-1,1199,1414,1194,-1,1194,1414,1416,-1,1194,1416,1195,-1,1195,1416,1418,-1,1195,1418,1196,-1,1196,1418,1420,-1,1196,1420,1191,-1,1191,1420,1422,-1,1191,1422,1192,-1,1192,1422,1376,-1,1192,1376,1193,-1,1193,1376,1378,-1,1193,1378,1188,-1,1188,1378,1380,-1,1188,1380,1189,-1,1189,1380,1382,-1,1189,1382,1190,-1,1190,1382,1384,-1,1190,1384,1183,-1,1183,1384,1386,-1,1183,1386,1184,-1,1184,1386,1388,-1,1184,1388,1186,-1,1186,1388,1390,-1,1186,1390,1187,-1,1187,1390,1392,-1,1187,1392,1206,-1,1206,1392,1394,-1,1206,1394,1207,-1,1207,1394,1396,-1,1207,1396,1203,-1,1203,1396,1398,-1,1203,1398,1204,-1,1204,1398,1400,-1,1204,1400,1205,-1,1205,1400,1402,-1,1205,1402,1200,-1,1200,1402,1404,-1,1200,1404,1201,-1,1201,1404,1406,-1,1201,1406,1202,-1,1202,1406,1408,-1,1202,1408,1197,-1,1197,1408,1410,-1,1197,1410,1198,-1,1198,1410,1412,-1,1198,1412,1199,-1,1199,1412,1414,-1,2316,2317,2318,-1,2318,2317,2319,-1,2318,2319,2320,-1,2321,2322,2318,-1,2318,2322,2323,-1,2318,2323,2316,-1,2324,2325,2318,-1,2318,2325,2326,-1,2318,2326,2321,-1,2327,2328,2318,-1,2318,2328,2329,-1,2318,2329,2324,-1,2330,2331,2318,-1,2318,2331,2332,-1,2318,2332,2327,-1,2333,2334,2318,-1,2318,2334,2335,-1,2318,2335,2330,-1,2336,2337,2318,-1,2318,2337,2338,-1,2318,2338,2333,-1,2320,2339,2318,-1,2318,2339,2340,-1,2318,2340,2336,-1,2341,2342,2343,-1,2343,2342,2344,-1,2343,2344,2345,-1,2346,2347,2343,-1,2343,2347,2348,-1,2343,2348,2341,-1,2349,2350,2343,-1,2343,2350,2351,-1,2343,2351,2346,-1,2352,2353,2343,-1,2343,2353,2354,-1,2343,2354,2349,-1,2355,2356,2343,-1,2343,2356,2357,-1,2343,2357,2352,-1,2358,2359,2343,-1,2343,2359,2360,-1,2343,2360,2355,-1,2361,2362,2343,-1,2343,2362,2363,-1,2343,2363,2358,-1,2345,2364,2343,-1,2343,2364,2365,-1,2343,2365,2361,-1,2366,2317,2367,-1,2367,2317,2316,-1,2367,2316,2368,-1,2368,2316,2323,-1,2368,2323,2369,-1,2369,2323,2322,-1,2369,2322,2370,-1,2370,2322,2321,-1,2370,2321,2371,-1,2371,2321,2326,-1,2371,2326,2372,-1,2372,2326,2325,-1,2372,2325,2373,-1,2373,2325,2324,-1,2373,2324,2374,-1,2374,2324,2329,-1,2374,2329,2375,-1,2375,2329,2328,-1,2375,2328,2376,-1,2376,2328,2327,-1,2376,2327,2377,-1,2377,2327,2332,-1,2377,2332,2378,-1,2378,2332,2331,-1,2378,2331,2379,-1,2379,2331,2330,-1,2379,2330,2380,-1,2380,2330,2335,-1,2380,2335,2381,-1,2381,2335,2334,-1,2381,2334,2382,-1,2382,2334,2333,-1,2382,2333,2383,-1,2383,2333,2338,-1,2383,2338,2384,-1,2384,2338,2337,-1,2384,2337,2385,-1,2385,2337,2336,-1,2385,2336,2386,-1,2386,2336,2340,-1,2386,2340,2387,-1,2387,2340,2339,-1,2387,2339,2388,-1,2388,2339,2320,-1,2388,2320,2389,-1,2389,2320,2319,-1,2389,2319,2366,-1,2366,2319,2317,-1,2390,2391,2392,-1,2392,2391,2393,-1,2392,2393,2394,-1,2394,2393,2395,-1,2394,2395,2396,-1,2396,2395,2397,-1,2396,2397,2398,-1,2398,2397,2399,-1,2398,2399,2400,-1,2400,2399,2401,-1,2400,2401,2402,-1,2402,2401,2403,-1,2402,2403,2404,-1,2404,2403,2405,-1,2404,2405,2406,-1,2406,2405,2407,-1,2406,2407,2408,-1,2408,2407,2409,-1,2408,2409,2410,-1,2410,2409,2411,-1,2410,2411,2412,-1,2412,2411,2413,-1,2412,2413,2414,-1,2414,2413,2415,-1,2414,2415,2416,-1,2416,2415,2417,-1,2416,2417,2418,-1,2418,2417,2419,-1,2418,2419,2420,-1,2420,2419,2421,-1,2420,2421,2422,-1,2422,2421,2423,-1,2422,2423,2424,-1,2424,2423,2425,-1,2424,2425,2426,-1,2426,2425,2427,-1,2426,2427,2428,-1,2428,2427,2429,-1,2428,2429,2430,-1,2430,2429,2431,-1,2430,2431,2432,-1,2432,2431,2433,-1,2432,2433,2434,-1,2434,2433,2435,-1,2434,2435,2436,-1,2436,2435,2437,-1,2436,2437,2390,-1,2390,2437,2391,-1,2391,2438,2393,-1,2393,2438,2439,-1,2393,2439,2395,-1,2395,2439,2440,-1,2395,2440,2397,-1,2397,2440,2441,-1,2397,2441,2399,-1,2399,2441,2442,-1,2399,2442,2401,-1,2401,2442,2443,-1,2401,2443,2403,-1,2403,2443,2444,-1,2403,2444,2405,-1,2405,2444,2445,-1,2405,2445,2407,-1,2407,2445,2446,-1,2407,2446,2409,-1,2409,2446,2447,-1,2409,2447,2411,-1,2411,2447,2448,-1,2411,2448,2413,-1,2413,2448,2449,-1,2413,2449,2415,-1,2415,2449,2450,-1,2415,2450,2417,-1,2417,2450,2451,-1,2417,2451,2419,-1,2419,2451,2452,-1,2419,2452,2421,-1,2421,2452,2453,-1,2421,2453,2423,-1,2423,2453,2454,-1,2423,2454,2425,-1,2425,2454,2455,-1,2425,2455,2427,-1,2427,2455,2456,-1,2427,2456,2429,-1,2429,2456,2457,-1,2429,2457,2431,-1,2431,2457,2458,-1,2431,2458,2433,-1,2433,2458,2459,-1,2433,2459,2435,-1,2435,2459,2460,-1,2435,2460,2437,-1,2437,2460,2461,-1,2437,2461,2391,-1,2391,2461,2438,-1,2438,2462,2439,-1,2439,2462,2463,-1,2439,2463,2440,-1,2440,2463,2464,-1,2440,2464,2441,-1,2441,2464,2465,-1,2441,2465,2442,-1,2442,2465,2466,-1,2442,2466,2443,-1,2443,2466,2467,-1,2443,2467,2444,-1,2444,2467,2468,-1,2444,2468,2445,-1,2445,2468,2469,-1,2445,2469,2446,-1,2446,2469,2470,-1,2446,2470,2447,-1,2447,2470,2471,-1,2447,2471,2448,-1,2448,2471,2472,-1,2448,2472,2449,-1,2449,2472,2473,-1,2449,2473,2450,-1,2450,2473,2474,-1,2450,2474,2451,-1,2451,2474,2475,-1,2451,2475,2452,-1,2452,2475,2476,-1,2452,2476,2453,-1,2453,2476,2477,-1,2453,2477,2454,-1,2454,2477,2478,-1,2454,2478,2455,-1,2455,2478,2479,-1,2455,2479,2456,-1,2456,2479,2480,-1,2456,2480,2457,-1,2457,2480,2481,-1,2457,2481,2458,-1,2458,2481,2482,-1,2458,2482,2459,-1,2459,2482,2483,-1,2459,2483,2460,-1,2460,2483,2484,-1,2460,2484,2461,-1,2461,2484,2485,-1,2461,2485,2438,-1,2438,2485,2462,-1,2462,2486,2463,-1,2463,2486,2487,-1,2463,2487,2464,-1,2464,2487,2488,-1,2464,2488,2465,-1,2465,2488,2489,-1,2465,2489,2466,-1,2466,2489,2490,-1,2466,2490,2467,-1,2467,2490,2491,-1,2467,2491,2468,-1,2468,2491,2492,-1,2468,2492,2469,-1,2469,2492,2493,-1,2469,2493,2470,-1,2470,2493,2494,-1,2470,2494,2471,-1,2471,2494,2495,-1,2471,2495,2472,-1,2472,2495,2496,-1,2472,2496,2473,-1,2473,2496,2497,-1,2473,2497,2474,-1,2474,2497,2498,-1,2474,2498,2475,-1,2475,2498,2499,-1,2475,2499,2476,-1,2476,2499,2500,-1,2476,2500,2477,-1,2477,2500,2501,-1,2477,2501,2478,-1,2478,2501,2502,-1,2478,2502,2479,-1,2479,2502,2503,-1,2479,2503,2480,-1,2480,2503,2504,-1,2480,2504,2481,-1,2481,2504,2505,-1,2481,2505,2482,-1,2482,2505,2506,-1,2482,2506,2483,-1,2483,2506,2507,-1,2483,2507,2484,-1,2484,2507,2508,-1,2484,2508,2485,-1,2485,2508,2509,-1,2485,2509,2462,-1,2462,2509,2486,-1,2486,2384,2487,-1,2487,2384,2385,-1,2487,2385,2488,-1,2488,2385,2386,-1,2488,2386,2489,-1,2489,2386,2387,-1,2489,2387,2490,-1,2490,2387,2388,-1,2490,2388,2491,-1,2491,2388,2389,-1,2491,2389,2492,-1,2492,2389,2366,-1,2492,2366,2493,-1,2493,2366,2367,-1,2493,2367,2494,-1,2494,2367,2368,-1,2494,2368,2495,-1,2495,2368,2369,-1,2495,2369,2496,-1,2496,2369,2370,-1,2496,2370,2497,-1,2497,2370,2371,-1,2497,2371,2498,-1,2498,2371,2372,-1,2498,2372,2499,-1,2499,2372,2373,-1,2499,2373,2500,-1,2500,2373,2374,-1,2500,2374,2501,-1,2501,2374,2375,-1,2501,2375,2502,-1,2502,2375,2376,-1,2502,2376,2503,-1,2503,2376,2377,-1,2503,2377,2504,-1,2504,2377,2378,-1,2504,2378,2505,-1,2505,2378,2379,-1,2505,2379,2506,-1,2506,2379,2380,-1,2506,2380,2507,-1,2507,2380,2381,-1,2507,2381,2508,-1,2508,2381,2382,-1,2508,2382,2509,-1,2509,2382,2383,-1,2509,2383,2486,-1,2486,2383,2384,-1,2510,2392,2511,-1,2511,2392,2394,-1,2511,2394,2512,-1,2512,2394,2396,-1,2512,2396,2513,-1,2513,2396,2398,-1,2513,2398,2514,-1,2514,2398,2400,-1,2514,2400,2515,-1,2515,2400,2402,-1,2515,2402,2516,-1,2516,2402,2404,-1,2516,2404,2517,-1,2517,2404,2406,-1,2517,2406,2518,-1,2518,2406,2408,-1,2518,2408,2519,-1,2519,2408,2410,-1,2519,2410,2520,-1,2520,2410,2412,-1,2520,2412,2521,-1,2521,2412,2414,-1,2521,2414,2522,-1,2522,2414,2416,-1,2522,2416,2523,-1,2523,2416,2418,-1,2523,2418,2524,-1,2524,2418,2420,-1,2524,2420,2525,-1,2525,2420,2422,-1,2525,2422,2526,-1,2526,2422,2424,-1,2526,2424,2527,-1,2527,2424,2426,-1,2527,2426,2528,-1,2528,2426,2428,-1,2528,2428,2529,-1,2529,2428,2430,-1,2529,2430,2530,-1,2530,2430,2432,-1,2530,2432,2531,-1,2531,2432,2434,-1,2531,2434,2532,-1,2532,2434,2436,-1,2532,2436,2533,-1,2533,2436,2390,-1,2533,2390,2510,-1,2510,2390,2392,-1,2534,2535,2536,-1,2536,2535,2537,-1,2536,2537,2538,-1,2538,2537,2539,-1,2538,2539,2540,-1,2540,2539,2541,-1,2540,2541,2542,-1,2542,2541,2543,-1,2542,2543,2544,-1,2544,2543,2545,-1,2544,2545,2546,-1,2546,2545,2547,-1,2546,2547,2548,-1,2548,2547,2549,-1,2548,2549,2550,-1,2550,2549,2551,-1,2550,2551,2552,-1,2552,2551,2553,-1,2552,2553,2554,-1,2554,2553,2555,-1,2554,2555,2556,-1,2556,2555,2557,-1,2556,2557,2558,-1,2558,2557,2559,-1,2558,2559,2560,-1,2560,2559,2561,-1,2560,2561,2562,-1,2562,2561,2563,-1,2562,2563,2564,-1,2564,2563,2565,-1,2564,2565,2566,-1,2566,2565,2567,-1,2566,2567,2568,-1,2568,2567,2569,-1,2568,2569,2570,-1,2570,2569,2571,-1,2570,2571,2572,-1,2572,2571,2573,-1,2572,2573,2574,-1,2574,2573,2575,-1,2574,2575,2576,-1,2576,2575,2577,-1,2576,2577,2578,-1,2578,2577,2579,-1,2578,2579,2580,-1,2580,2579,2581,-1,2580,2581,2534,-1,2534,2581,2535,-1,2535,2582,2537,-1,2537,2582,2583,-1,2537,2583,2539,-1,2539,2583,2584,-1,2539,2584,2541,-1,2541,2584,2585,-1,2541,2585,2543,-1,2543,2585,2586,-1,2543,2586,2545,-1,2545,2586,2587,-1,2545,2587,2547,-1,2547,2587,2588,-1,2547,2588,2549,-1,2549,2588,2589,-1,2549,2589,2551,-1,2551,2589,2590,-1,2551,2590,2553,-1,2553,2590,2591,-1,2553,2591,2555,-1,2555,2591,2592,-1,2555,2592,2557,-1,2557,2592,2593,-1,2557,2593,2559,-1,2559,2593,2594,-1,2559,2594,2561,-1,2561,2594,2595,-1,2561,2595,2563,-1,2563,2595,2596,-1,2563,2596,2565,-1,2565,2596,2597,-1,2565,2597,2567,-1,2567,2597,2598,-1,2567,2598,2569,-1,2569,2598,2599,-1,2569,2599,2571,-1,2571,2599,2600,-1,2571,2600,2573,-1,2573,2600,2601,-1,2573,2601,2575,-1,2575,2601,2602,-1,2575,2602,2577,-1,2577,2602,2603,-1,2577,2603,2579,-1,2579,2603,2604,-1,2579,2604,2581,-1,2581,2604,2605,-1,2581,2605,2535,-1,2535,2605,2582,-1,2582,2606,2583,-1,2583,2606,2607,-1,2583,2607,2584,-1,2584,2607,2608,-1,2584,2608,2585,-1,2585,2608,2609,-1,2585,2609,2586,-1,2586,2609,2610,-1,2586,2610,2587,-1,2587,2610,2611,-1,2587,2611,2588,-1,2588,2611,2612,-1,2588,2612,2589,-1,2589,2612,2613,-1,2589,2613,2590,-1,2590,2613,2614,-1,2590,2614,2591,-1,2591,2614,2615,-1,2591,2615,2592,-1,2592,2615,2616,-1,2592,2616,2593,-1,2593,2616,2617,-1,2593,2617,2594,-1,2594,2617,2618,-1,2594,2618,2595,-1,2595,2618,2619,-1,2595,2619,2596,-1,2596,2619,2620,-1,2596,2620,2597,-1,2597,2620,2621,-1,2597,2621,2598,-1,2598,2621,2622,-1,2598,2622,2599,-1,2599,2622,2623,-1,2599,2623,2600,-1,2600,2623,2624,-1,2600,2624,2601,-1,2601,2624,2625,-1,2601,2625,2602,-1,2602,2625,2626,-1,2602,2626,2603,-1,2603,2626,2627,-1,2603,2627,2604,-1,2604,2627,2628,-1,2604,2628,2605,-1,2605,2628,2629,-1,2605,2629,2582,-1,2582,2629,2606,-1,2606,2630,2607,-1,2607,2630,2631,-1,2607,2631,2608,-1,2608,2631,2632,-1,2608,2632,2609,-1,2609,2632,2633,-1,2609,2633,2610,-1,2610,2633,2634,-1,2610,2634,2611,-1,2611,2634,2635,-1,2611,2635,2612,-1,2612,2635,2636,-1,2612,2636,2613,-1,2613,2636,2637,-1,2613,2637,2614,-1,2614,2637,2638,-1,2614,2638,2615,-1,2615,2638,2639,-1,2615,2639,2616,-1,2616,2639,2640,-1,2616,2640,2617,-1,2617,2640,2641,-1,2617,2641,2618,-1,2618,2641,2642,-1,2618,2642,2619,-1,2619,2642,2643,-1,2619,2643,2620,-1,2620,2643,2644,-1,2620,2644,2621,-1,2621,2644,2645,-1,2621,2645,2622,-1,2622,2645,2646,-1,2622,2646,2623,-1,2623,2646,2647,-1,2623,2647,2624,-1,2624,2647,2648,-1,2624,2648,2625,-1,2625,2648,2649,-1,2625,2649,2626,-1,2626,2649,2650,-1,2626,2650,2627,-1,2627,2650,2651,-1,2627,2651,2628,-1,2628,2651,2652,-1,2628,2652,2629,-1,2629,2652,2653,-1,2629,2653,2606,-1,2606,2653,2630,-1,2630,2654,2631,-1,2631,2654,2655,-1,2631,2655,2632,-1,2632,2655,2656,-1,2632,2656,2633,-1,2633,2656,2657,-1,2633,2657,2634,-1,2634,2657,2658,-1,2634,2658,2635,-1,2635,2658,2659,-1,2635,2659,2636,-1,2636,2659,2660,-1,2636,2660,2637,-1,2637,2660,2661,-1,2637,2661,2638,-1,2638,2661,2662,-1,2638,2662,2639,-1,2639,2662,2663,-1,2639,2663,2640,-1,2640,2663,2664,-1,2640,2664,2641,-1,2641,2664,2665,-1,2641,2665,2642,-1,2642,2665,2666,-1,2642,2666,2643,-1,2643,2666,2667,-1,2643,2667,2644,-1,2644,2667,2668,-1,2644,2668,2645,-1,2645,2668,2669,-1,2645,2669,2646,-1,2646,2669,2670,-1,2646,2670,2647,-1,2647,2670,2671,-1,2647,2671,2648,-1,2648,2671,2672,-1,2648,2672,2649,-1,2649,2672,2673,-1,2649,2673,2650,-1,2650,2673,2674,-1,2650,2674,2651,-1,2651,2674,2675,-1,2651,2675,2652,-1,2652,2675,2676,-1,2652,2676,2653,-1,2653,2676,2677,-1,2653,2677,2630,-1,2630,2677,2654,-1,2654,2678,2655,-1,2655,2678,2679,-1,2655,2679,2656,-1,2656,2679,2680,-1,2656,2680,2657,-1,2657,2680,2681,-1,2657,2681,2658,-1,2658,2681,2682,-1,2658,2682,2659,-1,2659,2682,2683,-1,2659,2683,2660,-1,2660,2683,2684,-1,2660,2684,2661,-1,2661,2684,2685,-1,2661,2685,2662,-1,2662,2685,2686,-1,2662,2686,2663,-1,2663,2686,2687,-1,2663,2687,2664,-1,2664,2687,2688,-1,2664,2688,2665,-1,2665,2688,2689,-1,2665,2689,2666,-1,2666,2689,2690,-1,2666,2690,2667,-1,2667,2690,2691,-1,2667,2691,2668,-1,2668,2691,2692,-1,2668,2692,2669,-1,2669,2692,2693,-1,2669,2693,2670,-1,2670,2693,2694,-1,2670,2694,2671,-1,2671,2694,2695,-1,2671,2695,2672,-1,2672,2695,2696,-1,2672,2696,2673,-1,2673,2696,2697,-1,2673,2697,2674,-1,2674,2697,2698,-1,2674,2698,2675,-1,2675,2698,2699,-1,2675,2699,2676,-1,2676,2699,2700,-1,2676,2700,2677,-1,2677,2700,2701,-1,2677,2701,2654,-1,2654,2701,2678,-1,2678,2510,2679,-1,2679,2510,2511,-1,2679,2511,2680,-1,2680,2511,2512,-1,2680,2512,2681,-1,2681,2512,2513,-1,2681,2513,2682,-1,2682,2513,2514,-1,2682,2514,2683,-1,2683,2514,2515,-1,2683,2515,2684,-1,2684,2515,2516,-1,2684,2516,2685,-1,2685,2516,2517,-1,2685,2517,2686,-1,2686,2517,2518,-1,2686,2518,2687,-1,2687,2518,2519,-1,2687,2519,2688,-1,2688,2519,2520,-1,2688,2520,2689,-1,2689,2520,2521,-1,2689,2521,2690,-1,2690,2521,2522,-1,2690,2522,2691,-1,2691,2522,2523,-1,2691,2523,2692,-1,2692,2523,2524,-1,2692,2524,2693,-1,2693,2524,2525,-1,2693,2525,2694,-1,2694,2525,2526,-1,2694,2526,2695,-1,2695,2526,2527,-1,2695,2527,2696,-1,2696,2527,2528,-1,2696,2528,2697,-1,2697,2528,2529,-1,2697,2529,2698,-1,2698,2529,2530,-1,2698,2530,2699,-1,2699,2530,2531,-1,2699,2531,2700,-1,2700,2531,2532,-1,2700,2532,2701,-1,2701,2532,2533,-1,2701,2533,2678,-1,2678,2533,2510,-1,2357,2572,2352,-1,2352,2572,2574,-1,2352,2574,2353,-1,2353,2574,2576,-1,2353,2576,2354,-1,2354,2576,2578,-1,2354,2578,2349,-1,2349,2578,2580,-1,2349,2580,2350,-1,2350,2580,2534,-1,2350,2534,2351,-1,2351,2534,2536,-1,2351,2536,2346,-1,2346,2536,2538,-1,2346,2538,2347,-1,2347,2538,2540,-1,2347,2540,2348,-1,2348,2540,2542,-1,2348,2542,2341,-1,2341,2542,2544,-1,2341,2544,2342,-1,2342,2544,2546,-1,2342,2546,2344,-1,2344,2546,2548,-1,2344,2548,2345,-1,2345,2548,2550,-1,2345,2550,2364,-1,2364,2550,2552,-1,2364,2552,2365,-1,2365,2552,2554,-1,2365,2554,2361,-1,2361,2554,2556,-1,2361,2556,2362,-1,2362,2556,2558,-1,2362,2558,2363,-1,2363,2558,2560,-1,2363,2560,2358,-1,2358,2560,2562,-1,2358,2562,2359,-1,2359,2562,2564,-1,2359,2564,2360,-1,2360,2564,2566,-1,2360,2566,2355,-1,2355,2566,2568,-1,2355,2568,2356,-1,2356,2568,2570,-1,2356,2570,2357,-1,2357,2570,2572,-1,1930,1931,1932,-1,1932,1931,1933,-1,1932,1933,1934,-1,1935,1936,1932,-1,1932,1936,1937,-1,1932,1937,1930,-1,1938,1939,1932,-1,1932,1939,1940,-1,1932,1940,1935,-1,1941,1942,1932,-1,1932,1942,1943,-1,1932,1943,1938,-1,1944,1945,1932,-1,1932,1945,1946,-1,1932,1946,1941,-1,1947,1948,1932,-1,1932,1948,1949,-1,1932,1949,1944,-1,1950,1951,1932,-1,1932,1951,1952,-1,1932,1952,1947,-1,1934,1953,1932,-1,1932,1953,1954,-1,1932,1954,1950,-1,1955,1956,1957,-1,1957,1956,1958,-1,1957,1958,1959,-1,1960,1961,1957,-1,1957,1961,1962,-1,1957,1962,1955,-1,1963,1964,1957,-1,1957,1964,1965,-1,1957,1965,1960,-1,1966,1967,1957,-1,1957,1967,1968,-1,1957,1968,1963,-1,1969,1970,1957,-1,1957,1970,1971,-1,1957,1971,1966,-1,1972,1973,1957,-1,1957,1973,1974,-1,1957,1974,1969,-1,1975,1976,1957,-1,1957,1976,1977,-1,1957,1977,1972,-1,1959,1978,1957,-1,1957,1978,1979,-1,1957,1979,1975,-1,1980,1931,1981,-1,1981,1931,1930,-1,1981,1930,1982,-1,1982,1930,1937,-1,1982,1937,1983,-1,1983,1937,1936,-1,1983,1936,1984,-1,1984,1936,1935,-1,1984,1935,1985,-1,1985,1935,1940,-1,1985,1940,1986,-1,1986,1940,1939,-1,1986,1939,1987,-1,1987,1939,1938,-1,1987,1938,1988,-1,1988,1938,1943,-1,1988,1943,1989,-1,1989,1943,1942,-1,1989,1942,1990,-1,1990,1942,1941,-1,1990,1941,1991,-1,1991,1941,1946,-1,1991,1946,1992,-1,1992,1946,1945,-1,1992,1945,1993,-1,1993,1945,1944,-1,1993,1944,1994,-1,1994,1944,1949,-1,1994,1949,1995,-1,1995,1949,1948,-1,1995,1948,1996,-1,1996,1948,1947,-1,1996,1947,1997,-1,1997,1947,1952,-1,1997,1952,1998,-1,1998,1952,1951,-1,1998,1951,1999,-1,1999,1951,1950,-1,1999,1950,2000,-1,2000,1950,1954,-1,2000,1954,2001,-1,2001,1954,1953,-1,2001,1953,2002,-1,2002,1953,1934,-1,2002,1934,2003,-1,2003,1934,1933,-1,2003,1933,1980,-1,1980,1933,1931,-1,2004,2005,2006,-1,2006,2005,2007,-1,2006,2007,2008,-1,2008,2007,2009,-1,2008,2009,2010,-1,2010,2009,2011,-1,2010,2011,2012,-1,2012,2011,2013,-1,2012,2013,2014,-1,2014,2013,2015,-1,2014,2015,2016,-1,2016,2015,2017,-1,2016,2017,2018,-1,2018,2017,2019,-1,2018,2019,2020,-1,2020,2019,2021,-1,2020,2021,2022,-1,2022,2021,2023,-1,2022,2023,2024,-1,2024,2023,2025,-1,2024,2025,2026,-1,2026,2025,2027,-1,2026,2027,2028,-1,2028,2027,2029,-1,2028,2029,2030,-1,2030,2029,2031,-1,2030,2031,2032,-1,2032,2031,2033,-1,2032,2033,2034,-1,2034,2033,2035,-1,2034,2035,2036,-1,2036,2035,2037,-1,2036,2037,2038,-1,2038,2037,2039,-1,2038,2039,2040,-1,2040,2039,2041,-1,2040,2041,2042,-1,2042,2041,2043,-1,2042,2043,2044,-1,2044,2043,2045,-1,2044,2045,2046,-1,2046,2045,2047,-1,2046,2047,2048,-1,2048,2047,2049,-1,2048,2049,2050,-1,2050,2049,2051,-1,2050,2051,2004,-1,2004,2051,2005,-1,2005,2052,2007,-1,2007,2052,2053,-1,2007,2053,2009,-1,2009,2053,2054,-1,2009,2054,2011,-1,2011,2054,2055,-1,2011,2055,2013,-1,2013,2055,2056,-1,2013,2056,2015,-1,2015,2056,2057,-1,2015,2057,2017,-1,2017,2057,2058,-1,2017,2058,2019,-1,2019,2058,2059,-1,2019,2059,2021,-1,2021,2059,2060,-1,2021,2060,2023,-1,2023,2060,2061,-1,2023,2061,2025,-1,2025,2061,2062,-1,2025,2062,2027,-1,2027,2062,2063,-1,2027,2063,2029,-1,2029,2063,2064,-1,2029,2064,2031,-1,2031,2064,2065,-1,2031,2065,2033,-1,2033,2065,2066,-1,2033,2066,2035,-1,2035,2066,2067,-1,2035,2067,2037,-1,2037,2067,2068,-1,2037,2068,2039,-1,2039,2068,2069,-1,2039,2069,2041,-1,2041,2069,2070,-1,2041,2070,2043,-1,2043,2070,2071,-1,2043,2071,2045,-1,2045,2071,2072,-1,2045,2072,2047,-1,2047,2072,2073,-1,2047,2073,2049,-1,2049,2073,2074,-1,2049,2074,2051,-1,2051,2074,2075,-1,2051,2075,2005,-1,2005,2075,2052,-1,2052,2076,2053,-1,2053,2076,2077,-1,2053,2077,2054,-1,2054,2077,2078,-1,2054,2078,2055,-1,2055,2078,2079,-1,2055,2079,2056,-1,2056,2079,2080,-1,2056,2080,2057,-1,2057,2080,2081,-1,2057,2081,2058,-1,2058,2081,2082,-1,2058,2082,2059,-1,2059,2082,2083,-1,2059,2083,2060,-1,2060,2083,2084,-1,2060,2084,2061,-1,2061,2084,2085,-1,2061,2085,2062,-1,2062,2085,2086,-1,2062,2086,2063,-1,2063,2086,2087,-1,2063,2087,2064,-1,2064,2087,2088,-1,2064,2088,2065,-1,2065,2088,2089,-1,2065,2089,2066,-1,2066,2089,2090,-1,2066,2090,2067,-1,2067,2090,2091,-1,2067,2091,2068,-1,2068,2091,2092,-1,2068,2092,2069,-1,2069,2092,2093,-1,2069,2093,2070,-1,2070,2093,2094,-1,2070,2094,2071,-1,2071,2094,2095,-1,2071,2095,2072,-1,2072,2095,2096,-1,2072,2096,2073,-1,2073,2096,2097,-1,2073,2097,2074,-1,2074,2097,2098,-1,2074,2098,2075,-1,2075,2098,2099,-1,2075,2099,2052,-1,2052,2099,2076,-1,2076,2100,2077,-1,2077,2100,2101,-1,2077,2101,2078,-1,2078,2101,2102,-1,2078,2102,2079,-1,2079,2102,2103,-1,2079,2103,2080,-1,2080,2103,2104,-1,2080,2104,2081,-1,2081,2104,2105,-1,2081,2105,2082,-1,2082,2105,2106,-1,2082,2106,2083,-1,2083,2106,2107,-1,2083,2107,2084,-1,2084,2107,2108,-1,2084,2108,2085,-1,2085,2108,2109,-1,2085,2109,2086,-1,2086,2109,2110,-1,2086,2110,2087,-1,2087,2110,2111,-1,2087,2111,2088,-1,2088,2111,2112,-1,2088,2112,2089,-1,2089,2112,2113,-1,2089,2113,2090,-1,2090,2113,2114,-1,2090,2114,2091,-1,2091,2114,2115,-1,2091,2115,2092,-1,2092,2115,2116,-1,2092,2116,2093,-1,2093,2116,2117,-1,2093,2117,2094,-1,2094,2117,2118,-1,2094,2118,2095,-1,2095,2118,2119,-1,2095,2119,2096,-1,2096,2119,2120,-1,2096,2120,2097,-1,2097,2120,2121,-1,2097,2121,2098,-1,2098,2121,2122,-1,2098,2122,2099,-1,2099,2122,2123,-1,2099,2123,2076,-1,2076,2123,2100,-1,2100,1998,2101,-1,2101,1998,1999,-1,2101,1999,2102,-1,2102,1999,2000,-1,2102,2000,2103,-1,2103,2000,2001,-1,2103,2001,2104,-1,2104,2001,2002,-1,2104,2002,2105,-1,2105,2002,2003,-1,2105,2003,2106,-1,2106,2003,1980,-1,2106,1980,2107,-1,2107,1980,1981,-1,2107,1981,2108,-1,2108,1981,1982,-1,2108,1982,2109,-1,2109,1982,1983,-1,2109,1983,2110,-1,2110,1983,1984,-1,2110,1984,2111,-1,2111,1984,1985,-1,2111,1985,2112,-1,2112,1985,1986,-1,2112,1986,2113,-1,2113,1986,1987,-1,2113,1987,2114,-1,2114,1987,1988,-1,2114,1988,2115,-1,2115,1988,1989,-1,2115,1989,2116,-1,2116,1989,1990,-1,2116,1990,2117,-1,2117,1990,1991,-1,2117,1991,2118,-1,2118,1991,1992,-1,2118,1992,2119,-1,2119,1992,1993,-1,2119,1993,2120,-1,2120,1993,1994,-1,2120,1994,2121,-1,2121,1994,1995,-1,2121,1995,2122,-1,2122,1995,1996,-1,2122,1996,2123,-1,2123,1996,1997,-1,2123,1997,2100,-1,2100,1997,1998,-1,2124,2006,2125,-1,2125,2006,2008,-1,2125,2008,2126,-1,2126,2008,2010,-1,2126,2010,2127,-1,2127,2010,2012,-1,2127,2012,2128,-1,2128,2012,2014,-1,2128,2014,2129,-1,2129,2014,2016,-1,2129,2016,2130,-1,2130,2016,2018,-1,2130,2018,2131,-1,2131,2018,2020,-1,2131,2020,2132,-1,2132,2020,2022,-1,2132,2022,2133,-1,2133,2022,2024,-1,2133,2024,2134,-1,2134,2024,2026,-1,2134,2026,2135,-1,2135,2026,2028,-1,2135,2028,2136,-1,2136,2028,2030,-1,2136,2030,2137,-1,2137,2030,2032,-1,2137,2032,2138,-1,2138,2032,2034,-1,2138,2034,2139,-1,2139,2034,2036,-1,2139,2036,2140,-1,2140,2036,2038,-1,2140,2038,2141,-1,2141,2038,2040,-1,2141,2040,2142,-1,2142,2040,2042,-1,2142,2042,2143,-1,2143,2042,2044,-1,2143,2044,2144,-1,2144,2044,2046,-1,2144,2046,2145,-1,2145,2046,2048,-1,2145,2048,2146,-1,2146,2048,2050,-1,2146,2050,2147,-1,2147,2050,2004,-1,2147,2004,2124,-1,2124,2004,2006,-1,2148,2149,2150,-1,2150,2149,2151,-1,2150,2151,2152,-1,2152,2151,2153,-1,2152,2153,2154,-1,2154,2153,2155,-1,2154,2155,2156,-1,2156,2155,2157,-1,2156,2157,2158,-1,2158,2157,2159,-1,2158,2159,2160,-1,2160,2159,2161,-1,2160,2161,2162,-1,2162,2161,2163,-1,2162,2163,2164,-1,2164,2163,2165,-1,2164,2165,2166,-1,2166,2165,2167,-1,2166,2167,2168,-1,2168,2167,2169,-1,2168,2169,2170,-1,2170,2169,2171,-1,2170,2171,2172,-1,2172,2171,2173,-1,2172,2173,2174,-1,2174,2173,2175,-1,2174,2175,2176,-1,2176,2175,2177,-1,2176,2177,2178,-1,2178,2177,2179,-1,2178,2179,2180,-1,2180,2179,2181,-1,2180,2181,2182,-1,2182,2181,2183,-1,2182,2183,2184,-1,2184,2183,2185,-1,2184,2185,2186,-1,2186,2185,2187,-1,2186,2187,2188,-1,2188,2187,2189,-1,2188,2189,2190,-1,2190,2189,2191,-1,2190,2191,2192,-1,2192,2191,2193,-1,2192,2193,2194,-1,2194,2193,2195,-1,2194,2195,2148,-1,2148,2195,2149,-1,2149,2196,2151,-1,2151,2196,2197,-1,2151,2197,2153,-1,2153,2197,2198,-1,2153,2198,2155,-1,2155,2198,2199,-1,2155,2199,2157,-1,2157,2199,2200,-1,2157,2200,2159,-1,2159,2200,2201,-1,2159,2201,2161,-1,2161,2201,2202,-1,2161,2202,2163,-1,2163,2202,2203,-1,2163,2203,2165,-1,2165,2203,2204,-1,2165,2204,2167,-1,2167,2204,2205,-1,2167,2205,2169,-1,2169,2205,2206,-1,2169,2206,2171,-1,2171,2206,2207,-1,2171,2207,2173,-1,2173,2207,2208,-1,2173,2208,2175,-1,2175,2208,2209,-1,2175,2209,2177,-1,2177,2209,2210,-1,2177,2210,2179,-1,2179,2210,2211,-1,2179,2211,2181,-1,2181,2211,2212,-1,2181,2212,2183,-1,2183,2212,2213,-1,2183,2213,2185,-1,2185,2213,2214,-1,2185,2214,2187,-1,2187,2214,2215,-1,2187,2215,2189,-1,2189,2215,2216,-1,2189,2216,2191,-1,2191,2216,2217,-1,2191,2217,2193,-1,2193,2217,2218,-1,2193,2218,2195,-1,2195,2218,2219,-1,2195,2219,2149,-1,2149,2219,2196,-1,2196,2220,2197,-1,2197,2220,2221,-1,2197,2221,2198,-1,2198,2221,2222,-1,2198,2222,2199,-1,2199,2222,2223,-1,2199,2223,2200,-1,2200,2223,2224,-1,2200,2224,2201,-1,2201,2224,2225,-1,2201,2225,2202,-1,2202,2225,2226,-1,2202,2226,2203,-1,2203,2226,2227,-1,2203,2227,2204,-1,2204,2227,2228,-1,2204,2228,2205,-1,2205,2228,2229,-1,2205,2229,2206,-1,2206,2229,2230,-1,2206,2230,2207,-1,2207,2230,2231,-1,2207,2231,2208,-1,2208,2231,2232,-1,2208,2232,2209,-1,2209,2232,2233,-1,2209,2233,2210,-1,2210,2233,2234,-1,2210,2234,2211,-1,2211,2234,2235,-1,2211,2235,2212,-1,2212,2235,2236,-1,2212,2236,2213,-1,2213,2236,2237,-1,2213,2237,2214,-1,2214,2237,2238,-1,2214,2238,2215,-1,2215,2238,2239,-1,2215,2239,2216,-1,2216,2239,2240,-1,2216,2240,2217,-1,2217,2240,2241,-1,2217,2241,2218,-1,2218,2241,2242,-1,2218,2242,2219,-1,2219,2242,2243,-1,2219,2243,2196,-1,2196,2243,2220,-1,2220,2244,2221,-1,2221,2244,2245,-1,2221,2245,2222,-1,2222,2245,2246,-1,2222,2246,2223,-1,2223,2246,2247,-1,2223,2247,2224,-1,2224,2247,2248,-1,2224,2248,2225,-1,2225,2248,2249,-1,2225,2249,2226,-1,2226,2249,2250,-1,2226,2250,2227,-1,2227,2250,2251,-1,2227,2251,2228,-1,2228,2251,2252,-1,2228,2252,2229,-1,2229,2252,2253,-1,2229,2253,2230,-1,2230,2253,2254,-1,2230,2254,2231,-1,2231,2254,2255,-1,2231,2255,2232,-1,2232,2255,2256,-1,2232,2256,2233,-1,2233,2256,2257,-1,2233,2257,2234,-1,2234,2257,2258,-1,2234,2258,2235,-1,2235,2258,2259,-1,2235,2259,2236,-1,2236,2259,2260,-1,2236,2260,2237,-1,2237,2260,2261,-1,2237,2261,2238,-1,2238,2261,2262,-1,2238,2262,2239,-1,2239,2262,2263,-1,2239,2263,2240,-1,2240,2263,2264,-1,2240,2264,2241,-1,2241,2264,2265,-1,2241,2265,2242,-1,2242,2265,2266,-1,2242,2266,2243,-1,2243,2266,2267,-1,2243,2267,2220,-1,2220,2267,2244,-1,2244,2268,2245,-1,2245,2268,2269,-1,2245,2269,2246,-1,2246,2269,2270,-1,2246,2270,2247,-1,2247,2270,2271,-1,2247,2271,2248,-1,2248,2271,2272,-1,2248,2272,2249,-1,2249,2272,2273,-1,2249,2273,2250,-1,2250,2273,2274,-1,2250,2274,2251,-1,2251,2274,2275,-1,2251,2275,2252,-1,2252,2275,2276,-1,2252,2276,2253,-1,2253,2276,2277,-1,2253,2277,2254,-1,2254,2277,2278,-1,2254,2278,2255,-1,2255,2278,2279,-1,2255,2279,2256,-1,2256,2279,2280,-1,2256,2280,2257,-1,2257,2280,2281,-1,2257,2281,2258,-1,2258,2281,2282,-1,2258,2282,2259,-1,2259,2282,2283,-1,2259,2283,2260,-1,2260,2283,2284,-1,2260,2284,2261,-1,2261,2284,2285,-1,2261,2285,2262,-1,2262,2285,2286,-1,2262,2286,2263,-1,2263,2286,2287,-1,2263,2287,2264,-1,2264,2287,2288,-1,2264,2288,2265,-1,2265,2288,2289,-1,2265,2289,2266,-1,2266,2289,2290,-1,2266,2290,2267,-1,2267,2290,2291,-1,2267,2291,2244,-1,2244,2291,2268,-1,2268,2292,2269,-1,2269,2292,2293,-1,2269,2293,2270,-1,2270,2293,2294,-1,2270,2294,2271,-1,2271,2294,2295,-1,2271,2295,2272,-1,2272,2295,2296,-1,2272,2296,2273,-1,2273,2296,2297,-1,2273,2297,2274,-1,2274,2297,2298,-1,2274,2298,2275,-1,2275,2298,2299,-1,2275,2299,2276,-1,2276,2299,2300,-1,2276,2300,2277,-1,2277,2300,2301,-1,2277,2301,2278,-1,2278,2301,2302,-1,2278,2302,2279,-1,2279,2302,2303,-1,2279,2303,2280,-1,2280,2303,2304,-1,2280,2304,2281,-1,2281,2304,2305,-1,2281,2305,2282,-1,2282,2305,2306,-1,2282,2306,2283,-1,2283,2306,2307,-1,2283,2307,2284,-1,2284,2307,2308,-1,2284,2308,2285,-1,2285,2308,2309,-1,2285,2309,2286,-1,2286,2309,2310,-1,2286,2310,2287,-1,2287,2310,2311,-1,2287,2311,2288,-1,2288,2311,2312,-1,2288,2312,2289,-1,2289,2312,2313,-1,2289,2313,2290,-1,2290,2313,2314,-1,2290,2314,2291,-1,2291,2314,2315,-1,2291,2315,2268,-1,2268,2315,2292,-1,2292,2124,2293,-1,2293,2124,2125,-1,2293,2125,2294,-1,2294,2125,2126,-1,2294,2126,2295,-1,2295,2126,2127,-1,2295,2127,2296,-1,2296,2127,2128,-1,2296,2128,2297,-1,2297,2128,2129,-1,2297,2129,2298,-1,2298,2129,2130,-1,2298,2130,2299,-1,2299,2130,2131,-1,2299,2131,2300,-1,2300,2131,2132,-1,2300,2132,2301,-1,2301,2132,2133,-1,2301,2133,2302,-1,2302,2133,2134,-1,2302,2134,2303,-1,2303,2134,2135,-1,2303,2135,2304,-1,2304,2135,2136,-1,2304,2136,2305,-1,2305,2136,2137,-1,2305,2137,2306,-1,2306,2137,2138,-1,2306,2138,2307,-1,2307,2138,2139,-1,2307,2139,2308,-1,2308,2139,2140,-1,2308,2140,2309,-1,2309,2140,2141,-1,2309,2141,2310,-1,2310,2141,2142,-1,2310,2142,2311,-1,2311,2142,2143,-1,2311,2143,2312,-1,2312,2143,2144,-1,2312,2144,2313,-1,2313,2144,2145,-1,2313,2145,2314,-1,2314,2145,2146,-1,2314,2146,2315,-1,2315,2146,2147,-1,2315,2147,2292,-1,2292,2147,2124,-1,1971,2186,1966,-1,1966,2186,2188,-1,1966,2188,1967,-1,1967,2188,2190,-1,1967,2190,1968,-1,1968,2190,2192,-1,1968,2192,1963,-1,1963,2192,2194,-1,1963,2194,1964,-1,1964,2194,2148,-1,1964,2148,1965,-1,1965,2148,2150,-1,1965,2150,1960,-1,1960,2150,2152,-1,1960,2152,1961,-1,1961,2152,2154,-1,1961,2154,1962,-1,1962,2154,2156,-1,1962,2156,1955,-1,1955,2156,2158,-1,1955,2158,1956,-1,1956,2158,2160,-1,1956,2160,1958,-1,1958,2160,2162,-1,1958,2162,1959,-1,1959,2162,2164,-1,1959,2164,1978,-1,1978,2164,2166,-1,1978,2166,1979,-1,1979,2166,2168,-1,1979,2168,1975,-1,1975,2168,2170,-1,1975,2170,1976,-1,1976,2170,2172,-1,1976,2172,1977,-1,1977,2172,2174,-1,1977,2174,1972,-1,1972,2174,2176,-1,1972,2176,1973,-1,1973,2176,2178,-1,1973,2178,1974,-1,1974,2178,2180,-1,1974,2180,1969,-1,1969,2180,2182,-1,1969,2182,1970,-1,1970,2182,2184,-1,1970,2184,1971,-1,1971,2184,2186,-1,0,1,2,-1,2,1,3,-1,2,3,4,-1,5,6,2,-1,2,6,7,-1,2,7,0,-1,8,9,2,-1,2,9,10,-1,2,10,5,-1,11,12,2,-1,2,12,13,-1,2,13,8,-1,14,15,2,-1,2,15,16,-1,2,16,11,-1,17,18,2,-1,2,18,19,-1,2,19,14,-1,20,21,2,-1,2,21,22,-1,2,22,17,-1,4,23,2,-1,2,23,24,-1,2,24,20,-1,25,26,27,-1,27,26,28,-1,27,28,29,-1,30,31,27,-1,27,31,32,-1,27,32,25,-1,33,34,27,-1,27,34,35,-1,27,35,30,-1,36,37,27,-1,27,37,38,-1,27,38,33,-1,39,40,27,-1,27,40,41,-1,27,41,36,-1,42,43,27,-1,27,43,44,-1,27,44,39,-1,45,46,27,-1,27,46,47,-1,27,47,42,-1,29,48,27,-1,27,48,49,-1,27,49,45,-1,50,1,51,-1,51,1,0,-1,51,0,52,-1,52,0,7,-1,52,7,53,-1,53,7,6,-1,53,6,54,-1,54,6,5,-1,54,5,55,-1,55,5,10,-1,55,10,56,-1,56,10,9,-1,56,9,57,-1,57,9,8,-1,57,8,58,-1,58,8,13,-1,58,13,59,-1,59,13,12,-1,59,12,60,-1,60,12,11,-1,60,11,61,-1,61,11,16,-1,61,16,62,-1,62,16,15,-1,62,15,63,-1,63,15,14,-1,63,14,64,-1,64,14,19,-1,64,19,65,-1,65,19,18,-1,65,18,66,-1,66,18,17,-1,66,17,67,-1,67,17,22,-1,67,22,68,-1,68,22,21,-1,68,21,69,-1,69,21,20,-1,69,20,70,-1,70,20,24,-1,70,24,71,-1,71,24,23,-1,71,23,72,-1,72,23,4,-1,72,4,73,-1,73,4,3,-1,73,3,50,-1,50,3,1,-1,74,75,76,-1,76,75,77,-1,76,77,78,-1,78,77,79,-1,78,79,80,-1,80,79,81,-1,80,81,82,-1,82,81,83,-1,82,83,84,-1,84,83,85,-1,84,85,86,-1,86,85,87,-1,86,87,88,-1,88,87,89,-1,88,89,90,-1,90,89,91,-1,90,91,92,-1,92,91,93,-1,92,93,94,-1,94,93,95,-1,94,95,96,-1,96,95,97,-1,96,97,98,-1,98,97,99,-1,98,99,100,-1,100,99,101,-1,100,101,102,-1,102,101,103,-1,102,103,104,-1,104,103,105,-1,104,105,106,-1,106,105,107,-1,106,107,108,-1,108,107,109,-1,108,109,110,-1,110,109,111,-1,110,111,112,-1,112,111,113,-1,112,113,114,-1,114,113,115,-1,114,115,116,-1,116,115,117,-1,116,117,118,-1,118,117,119,-1,118,119,120,-1,120,119,121,-1,120,121,74,-1,74,121,75,-1,75,122,77,-1,77,122,123,-1,77,123,79,-1,79,123,124,-1,79,124,81,-1,81,124,125,-1,81,125,83,-1,83,125,126,-1,83,126,85,-1,85,126,127,-1,85,127,87,-1,87,127,128,-1,87,128,89,-1,89,128,129,-1,89,129,91,-1,91,129,130,-1,91,130,93,-1,93,130,131,-1,93,131,95,-1,95,131,132,-1,95,132,97,-1,97,132,133,-1,97,133,99,-1,99,133,134,-1,99,134,101,-1,101,134,135,-1,101,135,103,-1,103,135,136,-1,103,136,105,-1,105,136,137,-1,105,137,107,-1,107,137,138,-1,107,138,109,-1,109,138,139,-1,109,139,111,-1,111,139,140,-1,111,140,113,-1,113,140,141,-1,113,141,115,-1,115,141,142,-1,115,142,117,-1,117,142,143,-1,117,143,119,-1,119,143,144,-1,119,144,121,-1,121,144,145,-1,121,145,75,-1,75,145,122,-1,122,146,123,-1,123,146,147,-1,123,147,124,-1,124,147,148,-1,124,148,125,-1,125,148,149,-1,125,149,126,-1,126,149,150,-1,126,150,127,-1,127,150,151,-1,127,151,128,-1,128,151,152,-1,128,152,129,-1,129,152,153,-1,129,153,130,-1,130,153,154,-1,130,154,131,-1,131,154,155,-1,131,155,132,-1,132,155,156,-1,132,156,133,-1,133,156,157,-1,133,157,134,-1,134,157,158,-1,134,158,135,-1,135,158,159,-1,135,159,136,-1,136,159,160,-1,136,160,137,-1,137,160,161,-1,137,161,138,-1,138,161,162,-1,138,162,139,-1,139,162,163,-1,139,163,140,-1,140,163,164,-1,140,164,141,-1,141,164,165,-1,141,165,142,-1,142,165,166,-1,142,166,143,-1,143,166,167,-1,143,167,144,-1,144,167,168,-1,144,168,145,-1,145,168,169,-1,145,169,122,-1,122,169,146,-1,146,170,147,-1,147,170,171,-1,147,171,148,-1,148,171,172,-1,148,172,149,-1,149,172,173,-1,149,173,150,-1,150,173,174,-1,150,174,151,-1,151,174,175,-1,151,175,152,-1,152,175,176,-1,152,176,153,-1,153,176,177,-1,153,177,154,-1,154,177,178,-1,154,178,155,-1,155,178,179,-1,155,179,156,-1,156,179,180,-1,156,180,157,-1,157,180,181,-1,157,181,158,-1,158,181,182,-1,158,182,159,-1,159,182,183,-1,159,183,160,-1,160,183,184,-1,160,184,161,-1,161,184,185,-1,161,185,162,-1,162,185,186,-1,162,186,163,-1,163,186,187,-1,163,187,164,-1,164,187,188,-1,164,188,165,-1,165,188,189,-1,165,189,166,-1,166,189,190,-1,166,190,167,-1,167,190,191,-1,167,191,168,-1,168,191,192,-1,168,192,169,-1,169,192,193,-1,169,193,146,-1,146,193,170,-1,170,68,171,-1,171,68,69,-1,171,69,172,-1,172,69,70,-1,172,70,173,-1,173,70,71,-1,173,71,174,-1,174,71,72,-1,174,72,175,-1,175,72,73,-1,175,73,176,-1,176,73,50,-1,176,50,177,-1,177,50,51,-1,177,51,178,-1,178,51,52,-1,178,52,179,-1,179,52,53,-1,179,53,180,-1,180,53,54,-1,180,54,181,-1,181,54,55,-1,181,55,182,-1,182,55,56,-1,182,56,183,-1,183,56,57,-1,183,57,184,-1,184,57,58,-1,184,58,185,-1,185,58,59,-1,185,59,186,-1,186,59,60,-1,186,60,187,-1,187,60,61,-1,187,61,188,-1,188,61,62,-1,188,62,189,-1,189,62,63,-1,189,63,190,-1,190,63,64,-1,190,64,191,-1,191,64,65,-1,191,65,192,-1,192,65,66,-1,192,66,193,-1,193,66,67,-1,193,67,170,-1,170,67,68,-1,194,76,195,-1,195,76,78,-1,195,78,196,-1,196,78,80,-1,196,80,197,-1,197,80,82,-1,197,82,198,-1,198,82,84,-1,198,84,199,-1,199,84,86,-1,199,86,200,-1,200,86,88,-1,200,88,201,-1,201,88,90,-1,201,90,202,-1,202,90,92,-1,202,92,203,-1,203,92,94,-1,203,94,204,-1,204,94,96,-1,204,96,205,-1,205,96,98,-1,205,98,206,-1,206,98,100,-1,206,100,207,-1,207,100,102,-1,207,102,208,-1,208,102,104,-1,208,104,209,-1,209,104,106,-1,209,106,210,-1,210,106,108,-1,210,108,211,-1,211,108,110,-1,211,110,212,-1,212,110,112,-1,212,112,213,-1,213,112,114,-1,213,114,214,-1,214,114,116,-1,214,116,215,-1,215,116,118,-1,215,118,216,-1,216,118,120,-1,216,120,217,-1,217,120,74,-1,217,74,194,-1,194,74,76,-1,218,219,220,-1,220,219,221,-1,220,221,222,-1,222,221,223,-1,222,223,224,-1,224,223,225,-1,224,225,226,-1,226,225,227,-1,226,227,228,-1,228,227,229,-1,228,229,230,-1,230,229,231,-1,230,231,232,-1,232,231,233,-1,232,233,234,-1,234,233,235,-1,234,235,236,-1,236,235,237,-1,236,237,238,-1,238,237,239,-1,238,239,240,-1,240,239,241,-1,240,241,242,-1,242,241,243,-1,242,243,244,-1,244,243,245,-1,244,245,246,-1,246,245,247,-1,246,247,248,-1,248,247,249,-1,248,249,250,-1,250,249,251,-1,250,251,252,-1,252,251,253,-1,252,253,254,-1,254,253,255,-1,254,255,256,-1,256,255,257,-1,256,257,258,-1,258,257,259,-1,258,259,260,-1,260,259,261,-1,260,261,262,-1,262,261,263,-1,262,263,264,-1,264,263,265,-1,264,265,218,-1,218,265,219,-1,219,266,221,-1,221,266,267,-1,221,267,223,-1,223,267,268,-1,223,268,225,-1,225,268,269,-1,225,269,227,-1,227,269,270,-1,227,270,229,-1,229,270,271,-1,229,271,231,-1,231,271,272,-1,231,272,233,-1,233,272,273,-1,233,273,235,-1,235,273,274,-1,235,274,237,-1,237,274,275,-1,237,275,239,-1,239,275,276,-1,239,276,241,-1,241,276,277,-1,241,277,243,-1,243,277,278,-1,243,278,245,-1,245,278,279,-1,245,279,247,-1,247,279,280,-1,247,280,249,-1,249,280,281,-1,249,281,251,-1,251,281,282,-1,251,282,253,-1,253,282,283,-1,253,283,255,-1,255,283,284,-1,255,284,257,-1,257,284,285,-1,257,285,259,-1,259,285,286,-1,259,286,261,-1,261,286,287,-1,261,287,263,-1,263,287,288,-1,263,288,265,-1,265,288,289,-1,265,289,219,-1,219,289,266,-1,266,290,267,-1,267,290,291,-1,267,291,268,-1,268,291,292,-1,268,292,269,-1,269,292,293,-1,269,293,270,-1,270,293,294,-1,270,294,271,-1,271,294,295,-1,271,295,272,-1,272,295,296,-1,272,296,273,-1,273,296,297,-1,273,297,274,-1,274,297,298,-1,274,298,275,-1,275,298,299,-1,275,299,276,-1,276,299,300,-1,276,300,277,-1,277,300,301,-1,277,301,278,-1,278,301,302,-1,278,302,279,-1,279,302,303,-1,279,303,280,-1,280,303,304,-1,280,304,281,-1,281,304,305,-1,281,305,282,-1,282,305,306,-1,282,306,283,-1,283,306,307,-1,283,307,284,-1,284,307,308,-1,284,308,285,-1,285,308,309,-1,285,309,286,-1,286,309,310,-1,286,310,287,-1,287,310,311,-1,287,311,288,-1,288,311,312,-1,288,312,289,-1,289,312,313,-1,289,313,266,-1,266,313,290,-1,290,314,291,-1,291,314,315,-1,291,315,292,-1,292,315,316,-1,292,316,293,-1,293,316,317,-1,293,317,294,-1,294,317,318,-1,294,318,295,-1,295,318,319,-1,295,319,296,-1,296,319,320,-1,296,320,297,-1,297,320,321,-1,297,321,298,-1,298,321,322,-1,298,322,299,-1,299,322,323,-1,299,323,300,-1,300,323,324,-1,300,324,301,-1,301,324,325,-1,301,325,302,-1,302,325,326,-1,302,326,303,-1,303,326,327,-1,303,327,304,-1,304,327,328,-1,304,328,305,-1,305,328,329,-1,305,329,306,-1,306,329,330,-1,306,330,307,-1,307,330,331,-1,307,331,308,-1,308,331,332,-1,308,332,309,-1,309,332,333,-1,309,333,310,-1,310,333,334,-1,310,334,311,-1,311,334,335,-1,311,335,312,-1,312,335,336,-1,312,336,313,-1,313,336,337,-1,313,337,290,-1,290,337,314,-1,314,338,315,-1,315,338,339,-1,315,339,316,-1,316,339,340,-1,316,340,317,-1,317,340,341,-1,317,341,318,-1,318,341,342,-1,318,342,319,-1,319,342,343,-1,319,343,320,-1,320,343,344,-1,320,344,321,-1,321,344,345,-1,321,345,322,-1,322,345,346,-1,322,346,323,-1,323,346,347,-1,323,347,324,-1,324,347,348,-1,324,348,325,-1,325,348,349,-1,325,349,326,-1,326,349,350,-1,326,350,327,-1,327,350,351,-1,327,351,328,-1,328,351,352,-1,328,352,329,-1,329,352,353,-1,329,353,330,-1,330,353,354,-1,330,354,331,-1,331,354,355,-1,331,355,332,-1,332,355,356,-1,332,356,333,-1,333,356,357,-1,333,357,334,-1,334,357,358,-1,334,358,335,-1,335,358,359,-1,335,359,336,-1,336,359,360,-1,336,360,337,-1,337,360,361,-1,337,361,314,-1,314,361,338,-1,338,362,339,-1,339,362,363,-1,339,363,340,-1,340,363,364,-1,340,364,341,-1,341,364,365,-1,341,365,342,-1,342,365,366,-1,342,366,343,-1,343,366,367,-1,343,367,344,-1,344,367,368,-1,344,368,345,-1,345,368,369,-1,345,369,346,-1,346,369,370,-1,346,370,347,-1,347,370,371,-1,347,371,348,-1,348,371,372,-1,348,372,349,-1,349,372,373,-1,349,373,350,-1,350,373,374,-1,350,374,351,-1,351,374,375,-1,351,375,352,-1,352,375,376,-1,352,376,353,-1,353,376,377,-1,353,377,354,-1,354,377,378,-1,354,378,355,-1,355,378,379,-1,355,379,356,-1,356,379,380,-1,356,380,357,-1,357,380,381,-1,357,381,358,-1,358,381,382,-1,358,382,359,-1,359,382,383,-1,359,383,360,-1,360,383,384,-1,360,384,361,-1,361,384,385,-1,361,385,338,-1,338,385,362,-1,362,194,363,-1,363,194,195,-1,363,195,364,-1,364,195,196,-1,364,196,365,-1,365,196,197,-1,365,197,366,-1,366,197,198,-1,366,198,367,-1,367,198,199,-1,367,199,368,-1,368,199,200,-1,368,200,369,-1,369,200,201,-1,369,201,370,-1,370,201,202,-1,370,202,371,-1,371,202,203,-1,371,203,372,-1,372,203,204,-1,372,204,373,-1,373,204,205,-1,373,205,374,-1,374,205,206,-1,374,206,375,-1,375,206,207,-1,375,207,376,-1,376,207,208,-1,376,208,377,-1,377,208,209,-1,377,209,378,-1,378,209,210,-1,378,210,379,-1,379,210,211,-1,379,211,380,-1,380,211,212,-1,380,212,381,-1,381,212,213,-1,381,213,382,-1,382,213,214,-1,382,214,383,-1,383,214,215,-1,383,215,384,-1,384,215,216,-1,384,216,385,-1,385,216,217,-1,385,217,362,-1,362,217,194,-1,41,256,36,-1,36,256,258,-1,36,258,37,-1,37,258,260,-1,37,260,38,-1,38,260,262,-1,38,262,33,-1,33,262,264,-1,33,264,34,-1,34,264,218,-1,34,218,35,-1,35,218,220,-1,35,220,30,-1,30,220,222,-1,30,222,31,-1,31,222,224,-1,31,224,32,-1,32,224,226,-1,32,226,25,-1,25,226,228,-1,25,228,26,-1,26,228,230,-1,26,230,28,-1,28,230,232,-1,28,232,29,-1,29,232,234,-1,29,234,48,-1,48,234,236,-1,48,236,49,-1,49,236,238,-1,49,238,45,-1,45,238,240,-1,45,240,46,-1,46,240,242,-1,46,242,47,-1,47,242,244,-1,47,244,42,-1,42,244,246,-1,42,246,43,-1,43,246,248,-1,43,248,44,-1,44,248,250,-1,44,250,39,-1,39,250,252,-1,39,252,40,-1,40,252,254,-1,40,254,41,-1,41,254,256,-1,386,387,388,-1,388,387,389,-1,388,389,390,-1,391,392,388,-1,388,392,393,-1,388,393,386,-1,394,395,388,-1,388,395,396,-1,388,396,391,-1,397,398,388,-1,388,398,399,-1,388,399,394,-1,400,401,388,-1,388,401,402,-1,388,402,397,-1,403,404,388,-1,388,404,405,-1,388,405,400,-1,406,407,388,-1,388,407,408,-1,388,408,403,-1,390,409,388,-1,388,409,410,-1,388,410,406,-1,411,412,413,-1,413,412,414,-1,413,414,415,-1,416,417,413,-1,413,417,418,-1,413,418,411,-1,419,420,413,-1,413,420,421,-1,413,421,416,-1,422,423,413,-1,413,423,424,-1,413,424,419,-1,425,426,413,-1,413,426,427,-1,413,427,422,-1,428,429,413,-1,413,429,430,-1,413,430,425,-1,431,432,413,-1,413,432,433,-1,413,433,428,-1,415,434,413,-1,413,434,435,-1,413,435,431,-1,436,387,437,-1,437,387,386,-1,437,386,438,-1,438,386,393,-1,438,393,439,-1,439,393,392,-1,439,392,440,-1,440,392,391,-1,440,391,441,-1,441,391,396,-1,441,396,442,-1,442,396,395,-1,442,395,443,-1,443,395,394,-1,443,394,444,-1,444,394,399,-1,444,399,445,-1,445,399,398,-1,445,398,446,-1,446,398,397,-1,446,397,447,-1,447,397,402,-1,447,402,448,-1,448,402,401,-1,448,401,449,-1,449,401,400,-1,449,400,450,-1,450,400,405,-1,450,405,451,-1,451,405,404,-1,451,404,452,-1,452,404,403,-1,452,403,453,-1,453,403,408,-1,453,408,454,-1,454,408,407,-1,454,407,455,-1,455,407,406,-1,455,406,456,-1,456,406,410,-1,456,410,457,-1,457,410,409,-1,457,409,458,-1,458,409,390,-1,458,390,459,-1,459,390,389,-1,459,389,436,-1,436,389,387,-1,460,461,462,-1,462,461,463,-1,462,463,464,-1,464,463,465,-1,464,465,466,-1,466,465,467,-1,466,467,468,-1,468,467,469,-1,468,469,470,-1,470,469,471,-1,470,471,472,-1,472,471,473,-1,472,473,474,-1,474,473,475,-1,474,475,476,-1,476,475,477,-1,476,477,478,-1,478,477,479,-1,478,479,480,-1,480,479,481,-1,480,481,482,-1,482,481,483,-1,482,483,484,-1,484,483,485,-1,484,485,486,-1,486,485,487,-1,486,487,488,-1,488,487,489,-1,488,489,490,-1,490,489,491,-1,490,491,492,-1,492,491,493,-1,492,493,494,-1,494,493,495,-1,494,495,496,-1,496,495,497,-1,496,497,498,-1,498,497,499,-1,498,499,500,-1,500,499,501,-1,500,501,502,-1,502,501,503,-1,502,503,504,-1,504,503,505,-1,504,505,506,-1,506,505,507,-1,506,507,460,-1,460,507,461,-1,461,508,463,-1,463,508,509,-1,463,509,465,-1,465,509,510,-1,465,510,467,-1,467,510,511,-1,467,511,469,-1,469,511,512,-1,469,512,471,-1,471,512,513,-1,471,513,473,-1,473,513,514,-1,473,514,475,-1,475,514,515,-1,475,515,477,-1,477,515,516,-1,477,516,479,-1,479,516,517,-1,479,517,481,-1,481,517,518,-1,481,518,483,-1,483,518,519,-1,483,519,485,-1,485,519,520,-1,485,520,487,-1,487,520,521,-1,487,521,489,-1,489,521,522,-1,489,522,491,-1,491,522,523,-1,491,523,493,-1,493,523,524,-1,493,524,495,-1,495,524,525,-1,495,525,497,-1,497,525,526,-1,497,526,499,-1,499,526,527,-1,499,527,501,-1,501,527,528,-1,501,528,503,-1,503,528,529,-1,503,529,505,-1,505,529,530,-1,505,530,507,-1,507,530,531,-1,507,531,461,-1,461,531,508,-1,508,532,509,-1,509,532,533,-1,509,533,510,-1,510,533,534,-1,510,534,511,-1,511,534,535,-1,511,535,512,-1,512,535,536,-1,512,536,513,-1,513,536,537,-1,513,537,514,-1,514,537,538,-1,514,538,515,-1,515,538,539,-1,515,539,516,-1,516,539,540,-1,516,540,517,-1,517,540,541,-1,517,541,518,-1,518,541,542,-1,518,542,519,-1,519,542,543,-1,519,543,520,-1,520,543,544,-1,520,544,521,-1,521,544,545,-1,521,545,522,-1,522,545,546,-1,522,546,523,-1,523,546,547,-1,523,547,524,-1,524,547,548,-1,524,548,525,-1,525,548,549,-1,525,549,526,-1,526,549,550,-1,526,550,527,-1,527,550,551,-1,527,551,528,-1,528,551,552,-1,528,552,529,-1,529,552,553,-1,529,553,530,-1,530,553,554,-1,530,554,531,-1,531,554,555,-1,531,555,508,-1,508,555,532,-1,532,556,533,-1,533,556,557,-1,533,557,534,-1,534,557,558,-1,534,558,535,-1,535,558,559,-1,535,559,536,-1,536,559,560,-1,536,560,537,-1,537,560,561,-1,537,561,538,-1,538,561,562,-1,538,562,539,-1,539,562,563,-1,539,563,540,-1,540,563,564,-1,540,564,541,-1,541,564,565,-1,541,565,542,-1,542,565,566,-1,542,566,543,-1,543,566,567,-1,543,567,544,-1,544,567,568,-1,544,568,545,-1,545,568,569,-1,545,569,546,-1,546,569,570,-1,546,570,547,-1,547,570,571,-1,547,571,548,-1,548,571,572,-1,548,572,549,-1,549,572,573,-1,549,573,550,-1,550,573,574,-1,550,574,551,-1,551,574,575,-1,551,575,552,-1,552,575,576,-1,552,576,553,-1,553,576,577,-1,553,577,554,-1,554,577,578,-1,554,578,555,-1,555,578,579,-1,555,579,532,-1,532,579,556,-1,556,454,557,-1,557,454,455,-1,557,455,558,-1,558,455,456,-1,558,456,559,-1,559,456,457,-1,559,457,560,-1,560,457,458,-1,560,458,561,-1,561,458,459,-1,561,459,562,-1,562,459,436,-1,562,436,563,-1,563,436,437,-1,563,437,564,-1,564,437,438,-1,564,438,565,-1,565,438,439,-1,565,439,566,-1,566,439,440,-1,566,440,567,-1,567,440,441,-1,567,441,568,-1,568,441,442,-1,568,442,569,-1,569,442,443,-1,569,443,570,-1,570,443,444,-1,570,444,571,-1,571,444,445,-1,571,445,572,-1,572,445,446,-1,572,446,573,-1,573,446,447,-1,573,447,574,-1,574,447,448,-1,574,448,575,-1,575,448,449,-1,575,449,576,-1,576,449,450,-1,576,450,577,-1,577,450,451,-1,577,451,578,-1,578,451,452,-1,578,452,579,-1,579,452,453,-1,579,453,556,-1,556,453,454,-1,580,462,581,-1,581,462,464,-1,581,464,582,-1,582,464,466,-1,582,466,583,-1,583,466,468,-1,583,468,584,-1,584,468,470,-1,584,470,585,-1,585,470,472,-1,585,472,586,-1,586,472,474,-1,586,474,587,-1,587,474,476,-1,587,476,588,-1,588,476,478,-1,588,478,589,-1,589,478,480,-1,589,480,590,-1,590,480,482,-1,590,482,591,-1,591,482,484,-1,591,484,592,-1,592,484,486,-1,592,486,593,-1,593,486,488,-1,593,488,594,-1,594,488,490,-1,594,490,595,-1,595,490,492,-1,595,492,596,-1,596,492,494,-1,596,494,597,-1,597,494,496,-1,597,496,598,-1,598,496,498,-1,598,498,599,-1,599,498,500,-1,599,500,600,-1,600,500,502,-1,600,502,601,-1,601,502,504,-1,601,504,602,-1,602,504,506,-1,602,506,603,-1,603,506,460,-1,603,460,580,-1,580,460,462,-1,604,605,606,-1,606,605,607,-1,606,607,608,-1,608,607,609,-1,608,609,610,-1,610,609,611,-1,610,611,612,-1,612,611,613,-1,612,613,614,-1,614,613,615,-1,614,615,616,-1,616,615,617,-1,616,617,618,-1,618,617,619,-1,618,619,620,-1,620,619,621,-1,620,621,622,-1,622,621,623,-1,622,623,624,-1,624,623,625,-1,624,625,626,-1,626,625,627,-1,626,627,628,-1,628,627,629,-1,628,629,630,-1,630,629,631,-1,630,631,632,-1,632,631,633,-1,632,633,634,-1,634,633,635,-1,634,635,636,-1,636,635,637,-1,636,637,638,-1,638,637,639,-1,638,639,640,-1,640,639,641,-1,640,641,642,-1,642,641,643,-1,642,643,644,-1,644,643,645,-1,644,645,646,-1,646,645,647,-1,646,647,648,-1,648,647,649,-1,648,649,650,-1,650,649,651,-1,650,651,604,-1,604,651,605,-1,605,652,607,-1,607,652,653,-1,607,653,609,-1,609,653,654,-1,609,654,611,-1,611,654,655,-1,611,655,613,-1,613,655,656,-1,613,656,615,-1,615,656,657,-1,615,657,617,-1,617,657,658,-1,617,658,619,-1,619,658,659,-1,619,659,621,-1,621,659,660,-1,621,660,623,-1,623,660,661,-1,623,661,625,-1,625,661,662,-1,625,662,627,-1,627,662,663,-1,627,663,629,-1,629,663,664,-1,629,664,631,-1,631,664,665,-1,631,665,633,-1,633,665,666,-1,633,666,635,-1,635,666,667,-1,635,667,637,-1,637,667,668,-1,637,668,639,-1,639,668,669,-1,639,669,641,-1,641,669,670,-1,641,670,643,-1,643,670,671,-1,643,671,645,-1,645,671,672,-1,645,672,647,-1,647,672,673,-1,647,673,649,-1,649,673,674,-1,649,674,651,-1,651,674,675,-1,651,675,605,-1,605,675,652,-1,652,676,653,-1,653,676,677,-1,653,677,654,-1,654,677,678,-1,654,678,655,-1,655,678,679,-1,655,679,656,-1,656,679,680,-1,656,680,657,-1,657,680,681,-1,657,681,658,-1,658,681,682,-1,658,682,659,-1,659,682,683,-1,659,683,660,-1,660,683,684,-1,660,684,661,-1,661,684,685,-1,661,685,662,-1,662,685,686,-1,662,686,663,-1,663,686,687,-1,663,687,664,-1,664,687,688,-1,664,688,665,-1,665,688,689,-1,665,689,666,-1,666,689,690,-1,666,690,667,-1,667,690,691,-1,667,691,668,-1,668,691,692,-1,668,692,669,-1,669,692,693,-1,669,693,670,-1,670,693,694,-1,670,694,671,-1,671,694,695,-1,671,695,672,-1,672,695,696,-1,672,696,673,-1,673,696,697,-1,673,697,674,-1,674,697,698,-1,674,698,675,-1,675,698,699,-1,675,699,652,-1,652,699,676,-1,676,700,677,-1,677,700,701,-1,677,701,678,-1,678,701,702,-1,678,702,679,-1,679,702,703,-1,679,703,680,-1,680,703,704,-1,680,704,681,-1,681,704,705,-1,681,705,682,-1,682,705,706,-1,682,706,683,-1,683,706,707,-1,683,707,684,-1,684,707,708,-1,684,708,685,-1,685,708,709,-1,685,709,686,-1,686,709,710,-1,686,710,687,-1,687,710,711,-1,687,711,688,-1,688,711,712,-1,688,712,689,-1,689,712,713,-1,689,713,690,-1,690,713,714,-1,690,714,691,-1,691,714,715,-1,691,715,692,-1,692,715,716,-1,692,716,693,-1,693,716,717,-1,693,717,694,-1,694,717,718,-1,694,718,695,-1,695,718,719,-1,695,719,696,-1,696,719,720,-1,696,720,697,-1,697,720,721,-1,697,721,698,-1,698,721,722,-1,698,722,699,-1,699,722,723,-1,699,723,676,-1,676,723,700,-1,700,724,701,-1,701,724,725,-1,701,725,702,-1,702,725,726,-1,702,726,703,-1,703,726,727,-1,703,727,704,-1,704,727,728,-1,704,728,705,-1,705,728,729,-1,705,729,706,-1,706,729,730,-1,706,730,707,-1,707,730,731,-1,707,731,708,-1,708,731,732,-1,708,732,709,-1,709,732,733,-1,709,733,710,-1,710,733,734,-1,710,734,711,-1,711,734,735,-1,711,735,712,-1,712,735,736,-1,712,736,713,-1,713,736,737,-1,713,737,714,-1,714,737,738,-1,714,738,715,-1,715,738,739,-1,715,739,716,-1,716,739,740,-1,716,740,717,-1,717,740,741,-1,717,741,718,-1,718,741,742,-1,718,742,719,-1,719,742,743,-1,719,743,720,-1,720,743,744,-1,720,744,721,-1,721,744,745,-1,721,745,722,-1,722,745,746,-1,722,746,723,-1,723,746,747,-1,723,747,700,-1,700,747,724,-1,724,748,725,-1,725,748,749,-1,725,749,726,-1,726,749,750,-1,726,750,727,-1,727,750,751,-1,727,751,728,-1,728,751,752,-1,728,752,729,-1,729,752,753,-1,729,753,730,-1,730,753,754,-1,730,754,731,-1,731,754,755,-1,731,755,732,-1,732,755,756,-1,732,756,733,-1,733,756,757,-1,733,757,734,-1,734,757,758,-1,734,758,735,-1,735,758,759,-1,735,759,736,-1,736,759,760,-1,736,760,737,-1,737,760,761,-1,737,761,738,-1,738,761,762,-1,738,762,739,-1,739,762,763,-1,739,763,740,-1,740,763,764,-1,740,764,741,-1,741,764,765,-1,741,765,742,-1,742,765,766,-1,742,766,743,-1,743,766,767,-1,743,767,744,-1,744,767,768,-1,744,768,745,-1,745,768,769,-1,745,769,746,-1,746,769,770,-1,746,770,747,-1,747,770,771,-1,747,771,724,-1,724,771,748,-1,748,580,749,-1,749,580,581,-1,749,581,750,-1,750,581,582,-1,750,582,751,-1,751,582,583,-1,751,583,752,-1,752,583,584,-1,752,584,753,-1,753,584,585,-1,753,585,754,-1,754,585,586,-1,754,586,755,-1,755,586,587,-1,755,587,756,-1,756,587,588,-1,756,588,757,-1,757,588,589,-1,757,589,758,-1,758,589,590,-1,758,590,759,-1,759,590,591,-1,759,591,760,-1,760,591,592,-1,760,592,761,-1,761,592,593,-1,761,593,762,-1,762,593,594,-1,762,594,763,-1,763,594,595,-1,763,595,764,-1,764,595,596,-1,764,596,765,-1,765,596,597,-1,765,597,766,-1,766,597,598,-1,766,598,767,-1,767,598,599,-1,767,599,768,-1,768,599,600,-1,768,600,769,-1,769,600,601,-1,769,601,770,-1,770,601,602,-1,770,602,771,-1,771,602,603,-1,771,603,748,-1,748,603,580,-1,427,642,422,-1,422,642,644,-1,422,644,423,-1,423,644,646,-1,423,646,424,-1,424,646,648,-1,424,648,419,-1,419,648,650,-1,419,650,420,-1,420,650,604,-1,420,604,421,-1,421,604,606,-1,421,606,416,-1,416,606,608,-1,416,608,417,-1,417,608,610,-1,417,610,418,-1,418,610,612,-1,418,612,411,-1,411,612,614,-1,411,614,412,-1,412,614,616,-1,412,616,414,-1,414,616,618,-1,414,618,415,-1,415,618,620,-1,415,620,434,-1,434,620,622,-1,434,622,435,-1,435,622,624,-1,435,624,431,-1,431,624,626,-1,431,626,432,-1,432,626,628,-1,432,628,433,-1,433,628,630,-1,433,630,428,-1,428,630,632,-1,428,632,429,-1,429,632,634,-1,429,634,430,-1,430,634,636,-1,430,636,425,-1,425,636,638,-1,425,638,426,-1,426,638,640,-1,426,640,427,-1,427,640,642,-1,772,773,774,-1,774,773,775,-1,774,775,776,-1,777,778,774,-1,774,778,779,-1,774,779,772,-1,780,781,774,-1,774,781,782,-1,774,782,777,-1,783,784,774,-1,774,784,785,-1,774,785,780,-1,786,787,774,-1,774,787,788,-1,774,788,783,-1,789,790,774,-1,774,790,791,-1,774,791,786,-1,792,793,774,-1,774,793,794,-1,774,794,789,-1,776,795,774,-1,774,795,796,-1,774,796,792,-1,797,798,799,-1,799,798,800,-1,799,800,801,-1,802,803,799,-1,799,803,804,-1,799,804,797,-1,805,806,799,-1,799,806,807,-1,799,807,802,-1,808,809,799,-1,799,809,810,-1,799,810,805,-1,811,812,799,-1,799,812,813,-1,799,813,808,-1,814,815,799,-1,799,815,816,-1,799,816,811,-1,817,818,799,-1,799,818,819,-1,799,819,814,-1,801,820,799,-1,799,820,821,-1,799,821,817,-1,822,773,823,-1,823,773,772,-1,823,772,824,-1,824,772,779,-1,824,779,825,-1,825,779,778,-1,825,778,826,-1,826,778,777,-1,826,777,827,-1,827,777,782,-1,827,782,828,-1,828,782,781,-1,828,781,829,-1,829,781,780,-1,829,780,830,-1,830,780,785,-1,830,785,831,-1,831,785,784,-1,831,784,832,-1,832,784,783,-1,832,783,833,-1,833,783,788,-1,833,788,834,-1,834,788,787,-1,834,787,835,-1,835,787,786,-1,835,786,836,-1,836,786,791,-1,836,791,837,-1,837,791,790,-1,837,790,838,-1,838,790,789,-1,838,789,839,-1,839,789,794,-1,839,794,840,-1,840,794,793,-1,840,793,841,-1,841,793,792,-1,841,792,842,-1,842,792,796,-1,842,796,843,-1,843,796,795,-1,843,795,844,-1,844,795,776,-1,844,776,845,-1,845,776,775,-1,845,775,822,-1,822,775,773,-1,846,847,848,-1,848,847,849,-1,848,849,850,-1,850,849,851,-1,850,851,852,-1,852,851,853,-1,852,853,854,-1,854,853,855,-1,854,855,856,-1,856,855,857,-1,856,857,858,-1,858,857,859,-1,858,859,860,-1,860,859,861,-1,860,861,862,-1,862,861,863,-1,862,863,864,-1,864,863,865,-1,864,865,866,-1,866,865,867,-1,866,867,868,-1,868,867,869,-1,868,869,870,-1,870,869,871,-1,870,871,872,-1,872,871,873,-1,872,873,874,-1,874,873,875,-1,874,875,876,-1,876,875,877,-1,876,877,878,-1,878,877,879,-1,878,879,880,-1,880,879,881,-1,880,881,882,-1,882,881,883,-1,882,883,884,-1,884,883,885,-1,884,885,886,-1,886,885,887,-1,886,887,888,-1,888,887,889,-1,888,889,890,-1,890,889,891,-1,890,891,892,-1,892,891,893,-1,892,893,846,-1,846,893,847,-1,847,894,849,-1,849,894,895,-1,849,895,851,-1,851,895,896,-1,851,896,853,-1,853,896,897,-1,853,897,855,-1,855,897,898,-1,855,898,857,-1,857,898,899,-1,857,899,859,-1,859,899,900,-1,859,900,861,-1,861,900,901,-1,861,901,863,-1,863,901,902,-1,863,902,865,-1,865,902,903,-1,865,903,867,-1,867,903,904,-1,867,904,869,-1,869,904,905,-1,869,905,871,-1,871,905,906,-1,871,906,873,-1,873,906,907,-1,873,907,875,-1,875,907,908,-1,875,908,877,-1,877,908,909,-1,877,909,879,-1,879,909,910,-1,879,910,881,-1,881,910,911,-1,881,911,883,-1,883,911,912,-1,883,912,885,-1,885,912,913,-1,885,913,887,-1,887,913,914,-1,887,914,889,-1,889,914,915,-1,889,915,891,-1,891,915,916,-1,891,916,893,-1,893,916,917,-1,893,917,847,-1,847,917,894,-1,894,918,895,-1,895,918,919,-1,895,919,896,-1,896,919,920,-1,896,920,897,-1,897,920,921,-1,897,921,898,-1,898,921,922,-1,898,922,899,-1,899,922,923,-1,899,923,900,-1,900,923,924,-1,900,924,901,-1,901,924,925,-1,901,925,902,-1,902,925,926,-1,902,926,903,-1,903,926,927,-1,903,927,904,-1,904,927,928,-1,904,928,905,-1,905,928,929,-1,905,929,906,-1,906,929,930,-1,906,930,907,-1,907,930,931,-1,907,931,908,-1,908,931,932,-1,908,932,909,-1,909,932,933,-1,909,933,910,-1,910,933,934,-1,910,934,911,-1,911,934,935,-1,911,935,912,-1,912,935,936,-1,912,936,913,-1,913,936,937,-1,913,937,914,-1,914,937,938,-1,914,938,915,-1,915,938,939,-1,915,939,916,-1,916,939,940,-1,916,940,917,-1,917,940,941,-1,917,941,894,-1,894,941,918,-1,918,942,919,-1,919,942,943,-1,919,943,920,-1,920,943,944,-1,920,944,921,-1,921,944,945,-1,921,945,922,-1,922,945,946,-1,922,946,923,-1,923,946,947,-1,923,947,924,-1,924,947,948,-1,924,948,925,-1,925,948,949,-1,925,949,926,-1,926,949,950,-1,926,950,927,-1,927,950,951,-1,927,951,928,-1,928,951,952,-1,928,952,929,-1,929,952,953,-1,929,953,930,-1,930,953,954,-1,930,954,931,-1,931,954,955,-1,931,955,932,-1,932,955,956,-1,932,956,933,-1,933,956,957,-1,933,957,934,-1,934,957,958,-1,934,958,935,-1,935,958,959,-1,935,959,936,-1,936,959,960,-1,936,960,937,-1,937,960,961,-1,937,961,938,-1,938,961,962,-1,938,962,939,-1,939,962,963,-1,939,963,940,-1,940,963,964,-1,940,964,941,-1,941,964,965,-1,941,965,918,-1,918,965,942,-1,942,840,943,-1,943,840,841,-1,943,841,944,-1,944,841,842,-1,944,842,945,-1,945,842,843,-1,945,843,946,-1,946,843,844,-1,946,844,947,-1,947,844,845,-1,947,845,948,-1,948,845,822,-1,948,822,949,-1,949,822,823,-1,949,823,950,-1,950,823,824,-1,950,824,951,-1,951,824,825,-1,951,825,952,-1,952,825,826,-1,952,826,953,-1,953,826,827,-1,953,827,954,-1,954,827,828,-1,954,828,955,-1,955,828,829,-1,955,829,956,-1,956,829,830,-1,956,830,957,-1,957,830,831,-1,957,831,958,-1,958,831,832,-1,958,832,959,-1,959,832,833,-1,959,833,960,-1,960,833,834,-1,960,834,961,-1,961,834,835,-1,961,835,962,-1,962,835,836,-1,962,836,963,-1,963,836,837,-1,963,837,964,-1,964,837,838,-1,964,838,965,-1,965,838,839,-1,965,839,942,-1,942,839,840,-1,966,848,967,-1,967,848,850,-1,967,850,968,-1,968,850,852,-1,968,852,969,-1,969,852,854,-1,969,854,970,-1,970,854,856,-1,970,856,971,-1,971,856,858,-1,971,858,972,-1,972,858,860,-1,972,860,973,-1,973,860,862,-1,973,862,974,-1,974,862,864,-1,974,864,975,-1,975,864,866,-1,975,866,976,-1,976,866,868,-1,976,868,977,-1,977,868,870,-1,977,870,978,-1,978,870,872,-1,978,872,979,-1,979,872,874,-1,979,874,980,-1,980,874,876,-1,980,876,981,-1,981,876,878,-1,981,878,982,-1,982,878,880,-1,982,880,983,-1,983,880,882,-1,983,882,984,-1,984,882,884,-1,984,884,985,-1,985,884,886,-1,985,886,986,-1,986,886,888,-1,986,888,987,-1,987,888,890,-1,987,890,988,-1,988,890,892,-1,988,892,989,-1,989,892,846,-1,989,846,966,-1,966,846,848,-1,990,991,992,-1,992,991,993,-1,992,993,994,-1,994,993,995,-1,994,995,996,-1,996,995,997,-1,996,997,998,-1,998,997,999,-1,998,999,1000,-1,1000,999,1001,-1,1000,1001,1002,-1,1002,1001,1003,-1,1002,1003,1004,-1,1004,1003,1005,-1,1004,1005,1006,-1,1006,1005,1007,-1,1006,1007,1008,-1,1008,1007,1009,-1,1008,1009,1010,-1,1010,1009,1011,-1,1010,1011,1012,-1,1012,1011,1013,-1,1012,1013,1014,-1,1014,1013,1015,-1,1014,1015,1016,-1,1016,1015,1017,-1,1016,1017,1018,-1,1018,1017,1019,-1,1018,1019,1020,-1,1020,1019,1021,-1,1020,1021,1022,-1,1022,1021,1023,-1,1022,1023,1024,-1,1024,1023,1025,-1,1024,1025,1026,-1,1026,1025,1027,-1,1026,1027,1028,-1,1028,1027,1029,-1,1028,1029,1030,-1,1030,1029,1031,-1,1030,1031,1032,-1,1032,1031,1033,-1,1032,1033,1034,-1,1034,1033,1035,-1,1034,1035,1036,-1,1036,1035,1037,-1,1036,1037,990,-1,990,1037,991,-1,991,1038,993,-1,993,1038,1039,-1,993,1039,995,-1,995,1039,1040,-1,995,1040,997,-1,997,1040,1041,-1,997,1041,999,-1,999,1041,1042,-1,999,1042,1001,-1,1001,1042,1043,-1,1001,1043,1003,-1,1003,1043,1044,-1,1003,1044,1005,-1,1005,1044,1045,-1,1005,1045,1007,-1,1007,1045,1046,-1,1007,1046,1009,-1,1009,1046,1047,-1,1009,1047,1011,-1,1011,1047,1048,-1,1011,1048,1013,-1,1013,1048,1049,-1,1013,1049,1015,-1,1015,1049,1050,-1,1015,1050,1017,-1,1017,1050,1051,-1,1017,1051,1019,-1,1019,1051,1052,-1,1019,1052,1021,-1,1021,1052,1053,-1,1021,1053,1023,-1,1023,1053,1054,-1,1023,1054,1025,-1,1025,1054,1055,-1,1025,1055,1027,-1,1027,1055,1056,-1,1027,1056,1029,-1,1029,1056,1057,-1,1029,1057,1031,-1,1031,1057,1058,-1,1031,1058,1033,-1,1033,1058,1059,-1,1033,1059,1035,-1,1035,1059,1060,-1,1035,1060,1037,-1,1037,1060,1061,-1,1037,1061,991,-1,991,1061,1038,-1,1038,1062,1039,-1,1039,1062,1063,-1,1039,1063,1040,-1,1040,1063,1064,-1,1040,1064,1041,-1,1041,1064,1065,-1,1041,1065,1042,-1,1042,1065,1066,-1,1042,1066,1043,-1,1043,1066,1067,-1,1043,1067,1044,-1,1044,1067,1068,-1,1044,1068,1045,-1,1045,1068,1069,-1,1045,1069,1046,-1,1046,1069,1070,-1,1046,1070,1047,-1,1047,1070,1071,-1,1047,1071,1048,-1,1048,1071,1072,-1,1048,1072,1049,-1,1049,1072,1073,-1,1049,1073,1050,-1,1050,1073,1074,-1,1050,1074,1051,-1,1051,1074,1075,-1,1051,1075,1052,-1,1052,1075,1076,-1,1052,1076,1053,-1,1053,1076,1077,-1,1053,1077,1054,-1,1054,1077,1078,-1,1054,1078,1055,-1,1055,1078,1079,-1,1055,1079,1056,-1,1056,1079,1080,-1,1056,1080,1057,-1,1057,1080,1081,-1,1057,1081,1058,-1,1058,1081,1082,-1,1058,1082,1059,-1,1059,1082,1083,-1,1059,1083,1060,-1,1060,1083,1084,-1,1060,1084,1061,-1,1061,1084,1085,-1,1061,1085,1038,-1,1038,1085,1062,-1,1062,1086,1063,-1,1063,1086,1087,-1,1063,1087,1064,-1,1064,1087,1088,-1,1064,1088,1065,-1,1065,1088,1089,-1,1065,1089,1066,-1,1066,1089,1090,-1,1066,1090,1067,-1,1067,1090,1091,-1,1067,1091,1068,-1,1068,1091,1092,-1,1068,1092,1069,-1,1069,1092,1093,-1,1069,1093,1070,-1,1070,1093,1094,-1,1070,1094,1071,-1,1071,1094,1095,-1,1071,1095,1072,-1,1072,1095,1096,-1,1072,1096,1073,-1,1073,1096,1097,-1,1073,1097,1074,-1,1074,1097,1098,-1,1074,1098,1075,-1,1075,1098,1099,-1,1075,1099,1076,-1,1076,1099,1100,-1,1076,1100,1077,-1,1077,1100,1101,-1,1077,1101,1078,-1,1078,1101,1102,-1,1078,1102,1079,-1,1079,1102,1103,-1,1079,1103,1080,-1,1080,1103,1104,-1,1080,1104,1081,-1,1081,1104,1105,-1,1081,1105,1082,-1,1082,1105,1106,-1,1082,1106,1083,-1,1083,1106,1107,-1,1083,1107,1084,-1,1084,1107,1108,-1,1084,1108,1085,-1,1085,1108,1109,-1,1085,1109,1062,-1,1062,1109,1086,-1,1086,1110,1087,-1,1087,1110,1111,-1,1087,1111,1088,-1,1088,1111,1112,-1,1088,1112,1089,-1,1089,1112,1113,-1,1089,1113,1090,-1,1090,1113,1114,-1,1090,1114,1091,-1,1091,1114,1115,-1,1091,1115,1092,-1,1092,1115,1116,-1,1092,1116,1093,-1,1093,1116,1117,-1,1093,1117,1094,-1,1094,1117,1118,-1,1094,1118,1095,-1,1095,1118,1119,-1,1095,1119,1096,-1,1096,1119,1120,-1,1096,1120,1097,-1,1097,1120,1121,-1,1097,1121,1098,-1,1098,1121,1122,-1,1098,1122,1099,-1,1099,1122,1123,-1,1099,1123,1100,-1,1100,1123,1124,-1,1100,1124,1101,-1,1101,1124,1125,-1,1101,1125,1102,-1,1102,1125,1126,-1,1102,1126,1103,-1,1103,1126,1127,-1,1103,1127,1104,-1,1104,1127,1128,-1,1104,1128,1105,-1,1105,1128,1129,-1,1105,1129,1106,-1,1106,1129,1130,-1,1106,1130,1107,-1,1107,1130,1131,-1,1107,1131,1108,-1,1108,1131,1132,-1,1108,1132,1109,-1,1109,1132,1133,-1,1109,1133,1086,-1,1086,1133,1110,-1,1110,1134,1111,-1,1111,1134,1135,-1,1111,1135,1112,-1,1112,1135,1136,-1,1112,1136,1113,-1,1113,1136,1137,-1,1113,1137,1114,-1,1114,1137,1138,-1,1114,1138,1115,-1,1115,1138,1139,-1,1115,1139,1116,-1,1116,1139,1140,-1,1116,1140,1117,-1,1117,1140,1141,-1,1117,1141,1118,-1,1118,1141,1142,-1,1118,1142,1119,-1,1119,1142,1143,-1,1119,1143,1120,-1,1120,1143,1144,-1,1120,1144,1121,-1,1121,1144,1145,-1,1121,1145,1122,-1,1122,1145,1146,-1,1122,1146,1123,-1,1123,1146,1147,-1,1123,1147,1124,-1,1124,1147,1148,-1,1124,1148,1125,-1,1125,1148,1149,-1,1125,1149,1126,-1,1126,1149,1150,-1,1126,1150,1127,-1,1127,1150,1151,-1,1127,1151,1128,-1,1128,1151,1152,-1,1128,1152,1129,-1,1129,1152,1153,-1,1129,1153,1130,-1,1130,1153,1154,-1,1130,1154,1131,-1,1131,1154,1155,-1,1131,1155,1132,-1,1132,1155,1156,-1,1132,1156,1133,-1,1133,1156,1157,-1,1133,1157,1110,-1,1110,1157,1134,-1,1134,966,1135,-1,1135,966,967,-1,1135,967,1136,-1,1136,967,968,-1,1136,968,1137,-1,1137,968,969,-1,1137,969,1138,-1,1138,969,970,-1,1138,970,1139,-1,1139,970,971,-1,1139,971,1140,-1,1140,971,972,-1,1140,972,1141,-1,1141,972,973,-1,1141,973,1142,-1,1142,973,974,-1,1142,974,1143,-1,1143,974,975,-1,1143,975,1144,-1,1144,975,976,-1,1144,976,1145,-1,1145,976,977,-1,1145,977,1146,-1,1146,977,978,-1,1146,978,1147,-1,1147,978,979,-1,1147,979,1148,-1,1148,979,980,-1,1148,980,1149,-1,1149,980,981,-1,1149,981,1150,-1,1150,981,982,-1,1150,982,1151,-1,1151,982,983,-1,1151,983,1152,-1,1152,983,984,-1,1152,984,1153,-1,1153,984,985,-1,1153,985,1154,-1,1154,985,986,-1,1154,986,1155,-1,1155,986,987,-1,1155,987,1156,-1,1156,987,988,-1,1156,988,1157,-1,1157,988,989,-1,1157,989,1134,-1,1134,989,966,-1,813,1028,808,-1,808,1028,1030,-1,808,1030,809,-1,809,1030,1032,-1,809,1032,810,-1,810,1032,1034,-1,810,1034,805,-1,805,1034,1036,-1,805,1036,806,-1,806,1036,990,-1,806,990,807,-1,807,990,992,-1,807,992,802,-1,802,992,994,-1,802,994,803,-1,803,994,996,-1,803,996,804,-1,804,996,998,-1,804,998,797,-1,797,998,1000,-1,797,1000,798,-1,798,1000,1002,-1,798,1002,800,-1,800,1002,1004,-1,800,1004,801,-1,801,1004,1006,-1,801,1006,820,-1,820,1006,1008,-1,820,1008,821,-1,821,1008,1010,-1,821,1010,817,-1,817,1010,1012,-1,817,1012,818,-1,818,1012,1014,-1,818,1014,819,-1,819,1014,1016,-1,819,1016,814,-1,814,1016,1018,-1,814,1018,815,-1,815,1018,1020,-1,815,1020,816,-1,816,1020,1022,-1,816,1022,811,-1,811,1022,1024,-1,811,1024,812,-1,812,1024,1026,-1,812,1026,813,-1,813,1026,1028,-1,2702,2703,2704,-1,2704,2703,2705,-1,2704,2705,2706,-1,2707,2708,2704,-1,2704,2708,2709,-1,2704,2709,2702,-1,2710,2711,2704,-1,2704,2711,2712,-1,2704,2712,2707,-1,2713,2714,2704,-1,2704,2714,2715,-1,2704,2715,2710,-1,2716,2717,2704,-1,2704,2717,2718,-1,2704,2718,2713,-1,2719,2720,2704,-1,2704,2720,2721,-1,2704,2721,2716,-1,2722,2723,2704,-1,2704,2723,2724,-1,2704,2724,2719,-1,2706,2725,2704,-1,2704,2725,2726,-1,2704,2726,2722,-1,2727,2728,2729,-1,2729,2728,2730,-1,2729,2730,2731,-1,2732,2733,2729,-1,2729,2733,2734,-1,2729,2734,2727,-1,2735,2736,2729,-1,2729,2736,2737,-1,2729,2737,2732,-1,2738,2739,2729,-1,2729,2739,2740,-1,2729,2740,2735,-1,2741,2742,2729,-1,2729,2742,2743,-1,2729,2743,2738,-1,2744,2745,2729,-1,2729,2745,2746,-1,2729,2746,2741,-1,2747,2748,2729,-1,2729,2748,2749,-1,2729,2749,2744,-1,2731,2750,2729,-1,2729,2750,2751,-1,2729,2751,2747,-1,2752,2703,2753,-1,2753,2703,2702,-1,2753,2702,2754,-1,2754,2702,2709,-1,2754,2709,2755,-1,2755,2709,2708,-1,2755,2708,2756,-1,2756,2708,2707,-1,2756,2707,2757,-1,2757,2707,2712,-1,2757,2712,2758,-1,2758,2712,2711,-1,2758,2711,2759,-1,2759,2711,2710,-1,2759,2710,2760,-1,2760,2710,2715,-1,2760,2715,2761,-1,2761,2715,2714,-1,2761,2714,2762,-1,2762,2714,2713,-1,2762,2713,2763,-1,2763,2713,2718,-1,2763,2718,2764,-1,2764,2718,2717,-1,2764,2717,2765,-1,2765,2717,2716,-1,2765,2716,2766,-1,2766,2716,2721,-1,2766,2721,2767,-1,2767,2721,2720,-1,2767,2720,2768,-1,2768,2720,2719,-1,2768,2719,2769,-1,2769,2719,2724,-1,2769,2724,2770,-1,2770,2724,2723,-1,2770,2723,2771,-1,2771,2723,2722,-1,2771,2722,2772,-1,2772,2722,2726,-1,2772,2726,2773,-1,2773,2726,2725,-1,2773,2725,2774,-1,2774,2725,2706,-1,2774,2706,2775,-1,2775,2706,2705,-1,2775,2705,2752,-1,2752,2705,2703,-1,2776,2777,2778,-1,2778,2777,2779,-1,2778,2779,2780,-1,2780,2779,2781,-1,2780,2781,2782,-1,2782,2781,2783,-1,2782,2783,2784,-1,2784,2783,2785,-1,2784,2785,2786,-1,2786,2785,2787,-1,2786,2787,2788,-1,2788,2787,2789,-1,2788,2789,2790,-1,2790,2789,2791,-1,2790,2791,2792,-1,2792,2791,2793,-1,2792,2793,2794,-1,2794,2793,2795,-1,2794,2795,2796,-1,2796,2795,2797,-1,2796,2797,2798,-1,2798,2797,2799,-1,2798,2799,2800,-1,2800,2799,2801,-1,2800,2801,2802,-1,2802,2801,2803,-1,2802,2803,2804,-1,2804,2803,2805,-1,2804,2805,2806,-1,2806,2805,2807,-1,2806,2807,2808,-1,2808,2807,2809,-1,2808,2809,2810,-1,2810,2809,2811,-1,2810,2811,2812,-1,2812,2811,2813,-1,2812,2813,2814,-1,2814,2813,2815,-1,2814,2815,2816,-1,2816,2815,2817,-1,2816,2817,2818,-1,2818,2817,2819,-1,2818,2819,2820,-1,2820,2819,2821,-1,2820,2821,2822,-1,2822,2821,2823,-1,2822,2823,2776,-1,2776,2823,2777,-1,2777,2824,2779,-1,2779,2824,2825,-1,2779,2825,2781,-1,2781,2825,2826,-1,2781,2826,2783,-1,2783,2826,2827,-1,2783,2827,2785,-1,2785,2827,2828,-1,2785,2828,2787,-1,2787,2828,2829,-1,2787,2829,2789,-1,2789,2829,2830,-1,2789,2830,2791,-1,2791,2830,2831,-1,2791,2831,2793,-1,2793,2831,2832,-1,2793,2832,2795,-1,2795,2832,2833,-1,2795,2833,2797,-1,2797,2833,2834,-1,2797,2834,2799,-1,2799,2834,2835,-1,2799,2835,2801,-1,2801,2835,2836,-1,2801,2836,2803,-1,2803,2836,2837,-1,2803,2837,2805,-1,2805,2837,2838,-1,2805,2838,2807,-1,2807,2838,2839,-1,2807,2839,2809,-1,2809,2839,2840,-1,2809,2840,2811,-1,2811,2840,2841,-1,2811,2841,2813,-1,2813,2841,2842,-1,2813,2842,2815,-1,2815,2842,2843,-1,2815,2843,2817,-1,2817,2843,2844,-1,2817,2844,2819,-1,2819,2844,2845,-1,2819,2845,2821,-1,2821,2845,2846,-1,2821,2846,2823,-1,2823,2846,2847,-1,2823,2847,2777,-1,2777,2847,2824,-1,2824,2848,2825,-1,2825,2848,2849,-1,2825,2849,2826,-1,2826,2849,2850,-1,2826,2850,2827,-1,2827,2850,2851,-1,2827,2851,2828,-1,2828,2851,2852,-1,2828,2852,2829,-1,2829,2852,2853,-1,2829,2853,2830,-1,2830,2853,2854,-1,2830,2854,2831,-1,2831,2854,2855,-1,2831,2855,2832,-1,2832,2855,2856,-1,2832,2856,2833,-1,2833,2856,2857,-1,2833,2857,2834,-1,2834,2857,2858,-1,2834,2858,2835,-1,2835,2858,2859,-1,2835,2859,2836,-1,2836,2859,2860,-1,2836,2860,2837,-1,2837,2860,2861,-1,2837,2861,2838,-1,2838,2861,2862,-1,2838,2862,2839,-1,2839,2862,2863,-1,2839,2863,2840,-1,2840,2863,2864,-1,2840,2864,2841,-1,2841,2864,2865,-1,2841,2865,2842,-1,2842,2865,2866,-1,2842,2866,2843,-1,2843,2866,2867,-1,2843,2867,2844,-1,2844,2867,2868,-1,2844,2868,2845,-1,2845,2868,2869,-1,2845,2869,2846,-1,2846,2869,2870,-1,2846,2870,2847,-1,2847,2870,2871,-1,2847,2871,2824,-1,2824,2871,2848,-1,2848,2872,2849,-1,2849,2872,2873,-1,2849,2873,2850,-1,2850,2873,2874,-1,2850,2874,2851,-1,2851,2874,2875,-1,2851,2875,2852,-1,2852,2875,2876,-1,2852,2876,2853,-1,2853,2876,2877,-1,2853,2877,2854,-1,2854,2877,2878,-1,2854,2878,2855,-1,2855,2878,2879,-1,2855,2879,2856,-1,2856,2879,2880,-1,2856,2880,2857,-1,2857,2880,2881,-1,2857,2881,2858,-1,2858,2881,2882,-1,2858,2882,2859,-1,2859,2882,2883,-1,2859,2883,2860,-1,2860,2883,2884,-1,2860,2884,2861,-1,2861,2884,2885,-1,2861,2885,2862,-1,2862,2885,2886,-1,2862,2886,2863,-1,2863,2886,2887,-1,2863,2887,2864,-1,2864,2887,2888,-1,2864,2888,2865,-1,2865,2888,2889,-1,2865,2889,2866,-1,2866,2889,2890,-1,2866,2890,2867,-1,2867,2890,2891,-1,2867,2891,2868,-1,2868,2891,2892,-1,2868,2892,2869,-1,2869,2892,2893,-1,2869,2893,2870,-1,2870,2893,2894,-1,2870,2894,2871,-1,2871,2894,2895,-1,2871,2895,2848,-1,2848,2895,2872,-1,2872,2770,2873,-1,2873,2770,2771,-1,2873,2771,2874,-1,2874,2771,2772,-1,2874,2772,2875,-1,2875,2772,2773,-1,2875,2773,2876,-1,2876,2773,2774,-1,2876,2774,2877,-1,2877,2774,2775,-1,2877,2775,2878,-1,2878,2775,2752,-1,2878,2752,2879,-1,2879,2752,2753,-1,2879,2753,2880,-1,2880,2753,2754,-1,2880,2754,2881,-1,2881,2754,2755,-1,2881,2755,2882,-1,2882,2755,2756,-1,2882,2756,2883,-1,2883,2756,2757,-1,2883,2757,2884,-1,2884,2757,2758,-1,2884,2758,2885,-1,2885,2758,2759,-1,2885,2759,2886,-1,2886,2759,2760,-1,2886,2760,2887,-1,2887,2760,2761,-1,2887,2761,2888,-1,2888,2761,2762,-1,2888,2762,2889,-1,2889,2762,2763,-1,2889,2763,2890,-1,2890,2763,2764,-1,2890,2764,2891,-1,2891,2764,2765,-1,2891,2765,2892,-1,2892,2765,2766,-1,2892,2766,2893,-1,2893,2766,2767,-1,2893,2767,2894,-1,2894,2767,2768,-1,2894,2768,2895,-1,2895,2768,2769,-1,2895,2769,2872,-1,2872,2769,2770,-1,2896,2778,2897,-1,2897,2778,2780,-1,2897,2780,2898,-1,2898,2780,2782,-1,2898,2782,2899,-1,2899,2782,2784,-1,2899,2784,2900,-1,2900,2784,2786,-1,2900,2786,2901,-1,2901,2786,2788,-1,2901,2788,2902,-1,2902,2788,2790,-1,2902,2790,2903,-1,2903,2790,2792,-1,2903,2792,2904,-1,2904,2792,2794,-1,2904,2794,2905,-1,2905,2794,2796,-1,2905,2796,2906,-1,2906,2796,2798,-1,2906,2798,2907,-1,2907,2798,2800,-1,2907,2800,2908,-1,2908,2800,2802,-1,2908,2802,2909,-1,2909,2802,2804,-1,2909,2804,2910,-1,2910,2804,2806,-1,2910,2806,2911,-1,2911,2806,2808,-1,2911,2808,2912,-1,2912,2808,2810,-1,2912,2810,2913,-1,2913,2810,2812,-1,2913,2812,2914,-1,2914,2812,2814,-1,2914,2814,2915,-1,2915,2814,2816,-1,2915,2816,2916,-1,2916,2816,2818,-1,2916,2818,2917,-1,2917,2818,2820,-1,2917,2820,2918,-1,2918,2820,2822,-1,2918,2822,2919,-1,2919,2822,2776,-1,2919,2776,2896,-1,2896,2776,2778,-1,2920,2921,2922,-1,2922,2921,2923,-1,2922,2923,2924,-1,2924,2923,2925,-1,2924,2925,2926,-1,2926,2925,2927,-1,2926,2927,2928,-1,2928,2927,2929,-1,2928,2929,2930,-1,2930,2929,2931,-1,2930,2931,2932,-1,2932,2931,2933,-1,2932,2933,2934,-1,2934,2933,2935,-1,2934,2935,2936,-1,2936,2935,2937,-1,2936,2937,2938,-1,2938,2937,2939,-1,2938,2939,2940,-1,2940,2939,2941,-1,2940,2941,2942,-1,2942,2941,2943,-1,2942,2943,2944,-1,2944,2943,2945,-1,2944,2945,2946,-1,2946,2945,2947,-1,2946,2947,2948,-1,2948,2947,2949,-1,2948,2949,2950,-1,2950,2949,2951,-1,2950,2951,2952,-1,2952,2951,2953,-1,2952,2953,2954,-1,2954,2953,2955,-1,2954,2955,2956,-1,2956,2955,2957,-1,2956,2957,2958,-1,2958,2957,2959,-1,2958,2959,2960,-1,2960,2959,2961,-1,2960,2961,2962,-1,2962,2961,2963,-1,2962,2963,2964,-1,2964,2963,2965,-1,2964,2965,2966,-1,2966,2965,2967,-1,2966,2967,2920,-1,2920,2967,2921,-1,2921,2968,2923,-1,2923,2968,2969,-1,2923,2969,2925,-1,2925,2969,2970,-1,2925,2970,2927,-1,2927,2970,2971,-1,2927,2971,2929,-1,2929,2971,2972,-1,2929,2972,2931,-1,2931,2972,2973,-1,2931,2973,2933,-1,2933,2973,2974,-1,2933,2974,2935,-1,2935,2974,2975,-1,2935,2975,2937,-1,2937,2975,2976,-1,2937,2976,2939,-1,2939,2976,2977,-1,2939,2977,2941,-1,2941,2977,2978,-1,2941,2978,2943,-1,2943,2978,2979,-1,2943,2979,2945,-1,2945,2979,2980,-1,2945,2980,2947,-1,2947,2980,2981,-1,2947,2981,2949,-1,2949,2981,2982,-1,2949,2982,2951,-1,2951,2982,2983,-1,2951,2983,2953,-1,2953,2983,2984,-1,2953,2984,2955,-1,2955,2984,2985,-1,2955,2985,2957,-1,2957,2985,2986,-1,2957,2986,2959,-1,2959,2986,2987,-1,2959,2987,2961,-1,2961,2987,2988,-1,2961,2988,2963,-1,2963,2988,2989,-1,2963,2989,2965,-1,2965,2989,2990,-1,2965,2990,2967,-1,2967,2990,2991,-1,2967,2991,2921,-1,2921,2991,2968,-1,2968,2992,2969,-1,2969,2992,2993,-1,2969,2993,2970,-1,2970,2993,2994,-1,2970,2994,2971,-1,2971,2994,2995,-1,2971,2995,2972,-1,2972,2995,2996,-1,2972,2996,2973,-1,2973,2996,2997,-1,2973,2997,2974,-1,2974,2997,2998,-1,2974,2998,2975,-1,2975,2998,2999,-1,2975,2999,2976,-1,2976,2999,3000,-1,2976,3000,2977,-1,2977,3000,3001,-1,2977,3001,2978,-1,2978,3001,3002,-1,2978,3002,2979,-1,2979,3002,3003,-1,2979,3003,2980,-1,2980,3003,3004,-1,2980,3004,2981,-1,2981,3004,3005,-1,2981,3005,2982,-1,2982,3005,3006,-1,2982,3006,2983,-1,2983,3006,3007,-1,2983,3007,2984,-1,2984,3007,3008,-1,2984,3008,2985,-1,2985,3008,3009,-1,2985,3009,2986,-1,2986,3009,3010,-1,2986,3010,2987,-1,2987,3010,3011,-1,2987,3011,2988,-1,2988,3011,3012,-1,2988,3012,2989,-1,2989,3012,3013,-1,2989,3013,2990,-1,2990,3013,3014,-1,2990,3014,2991,-1,2991,3014,3015,-1,2991,3015,2968,-1,2968,3015,2992,-1,2992,3016,2993,-1,2993,3016,3017,-1,2993,3017,2994,-1,2994,3017,3018,-1,2994,3018,2995,-1,2995,3018,3019,-1,2995,3019,2996,-1,2996,3019,3020,-1,2996,3020,2997,-1,2997,3020,3021,-1,2997,3021,2998,-1,2998,3021,3022,-1,2998,3022,2999,-1,2999,3022,3023,-1,2999,3023,3000,-1,3000,3023,3024,-1,3000,3024,3001,-1,3001,3024,3025,-1,3001,3025,3002,-1,3002,3025,3026,-1,3002,3026,3003,-1,3003,3026,3027,-1,3003,3027,3004,-1,3004,3027,3028,-1,3004,3028,3005,-1,3005,3028,3029,-1,3005,3029,3006,-1,3006,3029,3030,-1,3006,3030,3007,-1,3007,3030,3031,-1,3007,3031,3008,-1,3008,3031,3032,-1,3008,3032,3009,-1,3009,3032,3033,-1,3009,3033,3010,-1,3010,3033,3034,-1,3010,3034,3011,-1,3011,3034,3035,-1,3011,3035,3012,-1,3012,3035,3036,-1,3012,3036,3013,-1,3013,3036,3037,-1,3013,3037,3014,-1,3014,3037,3038,-1,3014,3038,3015,-1,3015,3038,3039,-1,3015,3039,2992,-1,2992,3039,3016,-1,3016,3040,3017,-1,3017,3040,3041,-1,3017,3041,3018,-1,3018,3041,3042,-1,3018,3042,3019,-1,3019,3042,3043,-1,3019,3043,3020,-1,3020,3043,3044,-1,3020,3044,3021,-1,3021,3044,3045,-1,3021,3045,3022,-1,3022,3045,3046,-1,3022,3046,3023,-1,3023,3046,3047,-1,3023,3047,3024,-1,3024,3047,3048,-1,3024,3048,3025,-1,3025,3048,3049,-1,3025,3049,3026,-1,3026,3049,3050,-1,3026,3050,3027,-1,3027,3050,3051,-1,3027,3051,3028,-1,3028,3051,3052,-1,3028,3052,3029,-1,3029,3052,3053,-1,3029,3053,3030,-1,3030,3053,3054,-1,3030,3054,3031,-1,3031,3054,3055,-1,3031,3055,3032,-1,3032,3055,3056,-1,3032,3056,3033,-1,3033,3056,3057,-1,3033,3057,3034,-1,3034,3057,3058,-1,3034,3058,3035,-1,3035,3058,3059,-1,3035,3059,3036,-1,3036,3059,3060,-1,3036,3060,3037,-1,3037,3060,3061,-1,3037,3061,3038,-1,3038,3061,3062,-1,3038,3062,3039,-1,3039,3062,3063,-1,3039,3063,3016,-1,3016,3063,3040,-1,3040,3064,3041,-1,3041,3064,3065,-1,3041,3065,3042,-1,3042,3065,3066,-1,3042,3066,3043,-1,3043,3066,3067,-1,3043,3067,3044,-1,3044,3067,3068,-1,3044,3068,3045,-1,3045,3068,3069,-1,3045,3069,3046,-1,3046,3069,3070,-1,3046,3070,3047,-1,3047,3070,3071,-1,3047,3071,3048,-1,3048,3071,3072,-1,3048,3072,3049,-1,3049,3072,3073,-1,3049,3073,3050,-1,3050,3073,3074,-1,3050,3074,3051,-1,3051,3074,3075,-1,3051,3075,3052,-1,3052,3075,3076,-1,3052,3076,3053,-1,3053,3076,3077,-1,3053,3077,3054,-1,3054,3077,3078,-1,3054,3078,3055,-1,3055,3078,3079,-1,3055,3079,3056,-1,3056,3079,3080,-1,3056,3080,3057,-1,3057,3080,3081,-1,3057,3081,3058,-1,3058,3081,3082,-1,3058,3082,3059,-1,3059,3082,3083,-1,3059,3083,3060,-1,3060,3083,3084,-1,3060,3084,3061,-1,3061,3084,3085,-1,3061,3085,3062,-1,3062,3085,3086,-1,3062,3086,3063,-1,3063,3086,3087,-1,3063,3087,3040,-1,3040,3087,3064,-1,3064,2896,3065,-1,3065,2896,2897,-1,3065,2897,3066,-1,3066,2897,2898,-1,3066,2898,3067,-1,3067,2898,2899,-1,3067,2899,3068,-1,3068,2899,2900,-1,3068,2900,3069,-1,3069,2900,2901,-1,3069,2901,3070,-1,3070,2901,2902,-1,3070,2902,3071,-1,3071,2902,2903,-1,3071,2903,3072,-1,3072,2903,2904,-1,3072,2904,3073,-1,3073,2904,2905,-1,3073,2905,3074,-1,3074,2905,2906,-1,3074,2906,3075,-1,3075,2906,2907,-1,3075,2907,3076,-1,3076,2907,2908,-1,3076,2908,3077,-1,3077,2908,2909,-1,3077,2909,3078,-1,3078,2909,2910,-1,3078,2910,3079,-1,3079,2910,2911,-1,3079,2911,3080,-1,3080,2911,2912,-1,3080,2912,3081,-1,3081,2912,2913,-1,3081,2913,3082,-1,3082,2913,2914,-1,3082,2914,3083,-1,3083,2914,2915,-1,3083,2915,3084,-1,3084,2915,2916,-1,3084,2916,3085,-1,3085,2916,2917,-1,3085,2917,3086,-1,3086,2917,2918,-1,3086,2918,3087,-1,3087,2918,2919,-1,3087,2919,3064,-1,3064,2919,2896,-1,2743,2958,2738,-1,2738,2958,2960,-1,2738,2960,2739,-1,2739,2960,2962,-1,2739,2962,2740,-1,2740,2962,2964,-1,2740,2964,2735,-1,2735,2964,2966,-1,2735,2966,2736,-1,2736,2966,2920,-1,2736,2920,2737,-1,2737,2920,2922,-1,2737,2922,2732,-1,2732,2922,2924,-1,2732,2924,2733,-1,2733,2924,2926,-1,2733,2926,2734,-1,2734,2926,2928,-1,2734,2928,2727,-1,2727,2928,2930,-1,2727,2930,2728,-1,2728,2930,2932,-1,2728,2932,2730,-1,2730,2932,2934,-1,2730,2934,2731,-1,2731,2934,2936,-1,2731,2936,2750,-1,2750,2936,2938,-1,2750,2938,2751,-1,2751,2938,2940,-1,2751,2940,2747,-1,2747,2940,2942,-1,2747,2942,2748,-1,2748,2942,2944,-1,2748,2944,2749,-1,2749,2944,2946,-1,2749,2946,2744,-1,2744,2946,2948,-1,2744,2948,2745,-1,2745,2948,2950,-1,2745,2950,2746,-1,2746,2950,2952,-1,2746,2952,2741,-1,2741,2952,2954,-1,2741,2954,2742,-1,2742,2954,2956,-1,2742,2956,2743,-1,2743,2956,2958,-1,2316,2317,2318,-1,2318,2317,2319,-1,2318,2319,2320,-1,2321,2322,2318,-1,2318,2322,2323,-1,2318,2323,2316,-1,2324,2325,2318,-1,2318,2325,2326,-1,2318,2326,2321,-1,2327,2328,2318,-1,2318,2328,2329,-1,2318,2329,2324,-1,2330,2331,2318,-1,2318,2331,2332,-1,2318,2332,2327,-1,2333,2334,2318,-1,2318,2334,2335,-1,2318,2335,2330,-1,2336,2337,2318,-1,2318,2337,2338,-1,2318,2338,2333,-1,2320,2339,2318,-1,2318,2339,2340,-1,2318,2340,2336,-1,2341,2342,2343,-1,2343,2342,2344,-1,2343,2344,2345,-1,2346,2347,2343,-1,2343,2347,2348,-1,2343,2348,2341,-1,2349,2350,2343,-1,2343,2350,2351,-1,2343,2351,2346,-1,2352,2353,2343,-1,2343,2353,2354,-1,2343,2354,2349,-1,2355,2356,2343,-1,2343,2356,2357,-1,2343,2357,2352,-1,2358,2359,2343,-1,2343,2359,2360,-1,2343,2360,2355,-1,2361,2362,2343,-1,2343,2362,2363,-1,2343,2363,2358,-1,2345,2364,2343,-1,2343,2364,2365,-1,2343,2365,2361,-1,2366,2317,2367,-1,2367,2317,2316,-1,2367,2316,2368,-1,2368,2316,2323,-1,2368,2323,2369,-1,2369,2323,2322,-1,2369,2322,2370,-1,2370,2322,2321,-1,2370,2321,2371,-1,2371,2321,2326,-1,2371,2326,2372,-1,2372,2326,2325,-1,2372,2325,2373,-1,2373,2325,2324,-1,2373,2324,2374,-1,2374,2324,2329,-1,2374,2329,2375,-1,2375,2329,2328,-1,2375,2328,2376,-1,2376,2328,2327,-1,2376,2327,2377,-1,2377,2327,2332,-1,2377,2332,2378,-1,2378,2332,2331,-1,2378,2331,2379,-1,2379,2331,2330,-1,2379,2330,2380,-1,2380,2330,2335,-1,2380,2335,2381,-1,2381,2335,2334,-1,2381,2334,2382,-1,2382,2334,2333,-1,2382,2333,2383,-1,2383,2333,2338,-1,2383,2338,2384,-1,2384,2338,2337,-1,2384,2337,2385,-1,2385,2337,2336,-1,2385,2336,2386,-1,2386,2336,2340,-1,2386,2340,2387,-1,2387,2340,2339,-1,2387,2339,2388,-1,2388,2339,2320,-1,2388,2320,2389,-1,2389,2320,2319,-1,2389,2319,2366,-1,2366,2319,2317,-1,2390,2391,2392,-1,2392,2391,2393,-1,2392,2393,2394,-1,2394,2393,2395,-1,2394,2395,2396,-1,2396,2395,2397,-1,2396,2397,2398,-1,2398,2397,2399,-1,2398,2399,2400,-1,2400,2399,2401,-1,2400,2401,2402,-1,2402,2401,2403,-1,2402,2403,2404,-1,2404,2403,2405,-1,2404,2405,2406,-1,2406,2405,2407,-1,2406,2407,2408,-1,2408,2407,2409,-1,2408,2409,2410,-1,2410,2409,2411,-1,2410,2411,2412,-1,2412,2411,2413,-1,2412,2413,2414,-1,2414,2413,2415,-1,2414,2415,2416,-1,2416,2415,2417,-1,2416,2417,2418,-1,2418,2417,2419,-1,2418,2419,2420,-1,2420,2419,2421,-1,2420,2421,2422,-1,2422,2421,2423,-1,2422,2423,2424,-1,2424,2423,2425,-1,2424,2425,2426,-1,2426,2425,2427,-1,2426,2427,2428,-1,2428,2427,2429,-1,2428,2429,2430,-1,2430,2429,2431,-1,2430,2431,2432,-1,2432,2431,2433,-1,2432,2433,2434,-1,2434,2433,2435,-1,2434,2435,2436,-1,2436,2435,2437,-1,2436,2437,2390,-1,2390,2437,2391,-1,2391,2438,2393,-1,2393,2438,2439,-1,2393,2439,2395,-1,2395,2439,2440,-1,2395,2440,2397,-1,2397,2440,2441,-1,2397,2441,2399,-1,2399,2441,2442,-1,2399,2442,2401,-1,2401,2442,2443,-1,2401,2443,2403,-1,2403,2443,2444,-1,2403,2444,2405,-1,2405,2444,2445,-1,2405,2445,2407,-1,2407,2445,2446,-1,2407,2446,2409,-1,2409,2446,2447,-1,2409,2447,2411,-1,2411,2447,2448,-1,2411,2448,2413,-1,2413,2448,2449,-1,2413,2449,2415,-1,2415,2449,2450,-1,2415,2450,2417,-1,2417,2450,2451,-1,2417,2451,2419,-1,2419,2451,2452,-1,2419,2452,2421,-1,2421,2452,2453,-1,2421,2453,2423,-1,2423,2453,2454,-1,2423,2454,2425,-1,2425,2454,2455,-1,2425,2455,2427,-1,2427,2455,2456,-1,2427,2456,2429,-1,2429,2456,2457,-1,2429,2457,2431,-1,2431,2457,2458,-1,2431,2458,2433,-1,2433,2458,2459,-1,2433,2459,2435,-1,2435,2459,2460,-1,2435,2460,2437,-1,2437,2460,2461,-1,2437,2461,2391,-1,2391,2461,2438,-1,2438,2462,2439,-1,2439,2462,2463,-1,2439,2463,2440,-1,2440,2463,2464,-1,2440,2464,2441,-1,2441,2464,2465,-1,2441,2465,2442,-1,2442,2465,2466,-1,2442,2466,2443,-1,2443,2466,2467,-1,2443,2467,2444,-1,2444,2467,2468,-1,2444,2468,2445,-1,2445,2468,2469,-1,2445,2469,2446,-1,2446,2469,2470,-1,2446,2470,2447,-1,2447,2470,2471,-1,2447,2471,2448,-1,2448,2471,2472,-1,2448,2472,2449,-1,2449,2472,2473,-1,2449,2473,2450,-1,2450,2473,2474,-1,2450,2474,2451,-1,2451,2474,2475,-1,2451,2475,2452,-1,2452,2475,2476,-1,2452,2476,2453,-1,2453,2476,2477,-1,2453,2477,2454,-1,2454,2477,2478,-1,2454,2478,2455,-1,2455,2478,2479,-1,2455,2479,2456,-1,2456,2479,2480,-1,2456,2480,2457,-1,2457,2480,2481,-1,2457,2481,2458,-1,2458,2481,2482,-1,2458,2482,2459,-1,2459,2482,2483,-1,2459,2483,2460,-1,2460,2483,2484,-1,2460,2484,2461,-1,2461,2484,2485,-1,2461,2485,2438,-1,2438,2485,2462,-1,2462,2486,2463,-1,2463,2486,2487,-1,2463,2487,2464,-1,2464,2487,2488,-1,2464,2488,2465,-1,2465,2488,2489,-1,2465,2489,2466,-1,2466,2489,2490,-1,2466,2490,2467,-1,2467,2490,2491,-1,2467,2491,2468,-1,2468,2491,2492,-1,2468,2492,2469,-1,2469,2492,2493,-1,2469,2493,2470,-1,2470,2493,2494,-1,2470,2494,2471,-1,2471,2494,2495,-1,2471,2495,2472,-1,2472,2495,2496,-1,2472,2496,2473,-1,2473,2496,2497,-1,2473,2497,2474,-1,2474,2497,2498,-1,2474,2498,2475,-1,2475,2498,2499,-1,2475,2499,2476,-1,2476,2499,2500,-1,2476,2500,2477,-1,2477,2500,2501,-1,2477,2501,2478,-1,2478,2501,2502,-1,2478,2502,2479,-1,2479,2502,2503,-1,2479,2503,2480,-1,2480,2503,2504,-1,2480,2504,2481,-1,2481,2504,2505,-1,2481,2505,2482,-1,2482,2505,2506,-1,2482,2506,2483,-1,2483,2506,2507,-1,2483,2507,2484,-1,2484,2507,2508,-1,2484,2508,2485,-1,2485,2508,2509,-1,2485,2509,2462,-1,2462,2509,2486,-1,2486,2384,2487,-1,2487,2384,2385,-1,2487,2385,2488,-1,2488,2385,2386,-1,2488,2386,2489,-1,2489,2386,2387,-1,2489,2387,2490,-1,2490,2387,2388,-1,2490,2388,2491,-1,2491,2388,2389,-1,2491,2389,2492,-1,2492,2389,2366,-1,2492,2366,2493,-1,2493,2366,2367,-1,2493,2367,2494,-1,2494,2367,2368,-1,2494,2368,2495,-1,2495,2368,2369,-1,2495,2369,2496,-1,2496,2369,2370,-1,2496,2370,2497,-1,2497,2370,2371,-1,2497,2371,2498,-1,2498,2371,2372,-1,2498,2372,2499,-1,2499,2372,2373,-1,2499,2373,2500,-1,2500,2373,2374,-1,2500,2374,2501,-1,2501,2374,2375,-1,2501,2375,2502,-1,2502,2375,2376,-1,2502,2376,2503,-1,2503,2376,2377,-1,2503,2377,2504,-1,2504,2377,2378,-1,2504,2378,2505,-1,2505,2378,2379,-1,2505,2379,2506,-1,2506,2379,2380,-1,2506,2380,2507,-1,2507,2380,2381,-1,2507,2381,2508,-1,2508,2381,2382,-1,2508,2382,2509,-1,2509,2382,2383,-1,2509,2383,2486,-1,2486,2383,2384,-1,2510,2392,2511,-1,2511,2392,2394,-1,2511,2394,2512,-1,2512,2394,2396,-1,2512,2396,2513,-1,2513,2396,2398,-1,2513,2398,2514,-1,2514,2398,2400,-1,2514,2400,2515,-1,2515,2400,2402,-1,2515,2402,2516,-1,2516,2402,2404,-1,2516,2404,2517,-1,2517,2404,2406,-1,2517,2406,2518,-1,2518,2406,2408,-1,2518,2408,2519,-1,2519,2408,2410,-1,2519,2410,2520,-1,2520,2410,2412,-1,2520,2412,2521,-1,2521,2412,2414,-1,2521,2414,2522,-1,2522,2414,2416,-1,2522,2416,2523,-1,2523,2416,2418,-1,2523,2418,2524,-1,2524,2418,2420,-1,2524,2420,2525,-1,2525,2420,2422,-1,2525,2422,2526,-1,2526,2422,2424,-1,2526,2424,2527,-1,2527,2424,2426,-1,2527,2426,2528,-1,2528,2426,2428,-1,2528,2428,2529,-1,2529,2428,2430,-1,2529,2430,2530,-1,2530,2430,2432,-1,2530,2432,2531,-1,2531,2432,2434,-1,2531,2434,2532,-1,2532,2434,2436,-1,2532,2436,2533,-1,2533,2436,2390,-1,2533,2390,2510,-1,2510,2390,2392,-1,2534,2535,2536,-1,2536,2535,2537,-1,2536,2537,2538,-1,2538,2537,2539,-1,2538,2539,2540,-1,2540,2539,2541,-1,2540,2541,2542,-1,2542,2541,2543,-1,2542,2543,2544,-1,2544,2543,2545,-1,2544,2545,2546,-1,2546,2545,2547,-1,2546,2547,2548,-1,2548,2547,2549,-1,2548,2549,2550,-1,2550,2549,2551,-1,2550,2551,2552,-1,2552,2551,2553,-1,2552,2553,2554,-1,2554,2553,2555,-1,2554,2555,2556,-1,2556,2555,2557,-1,2556,2557,2558,-1,2558,2557,2559,-1,2558,2559,2560,-1,2560,2559,2561,-1,2560,2561,2562,-1,2562,2561,2563,-1,2562,2563,2564,-1,2564,2563,2565,-1,2564,2565,2566,-1,2566,2565,2567,-1,2566,2567,2568,-1,2568,2567,2569,-1,2568,2569,2570,-1,2570,2569,2571,-1,2570,2571,2572,-1,2572,2571,2573,-1,2572,2573,2574,-1,2574,2573,2575,-1,2574,2575,2576,-1,2576,2575,2577,-1,2576,2577,2578,-1,2578,2577,2579,-1,2578,2579,2580,-1,2580,2579,2581,-1,2580,2581,2534,-1,2534,2581,2535,-1,2535,2582,2537,-1,2537,2582,2583,-1,2537,2583,2539,-1,2539,2583,2584,-1,2539,2584,2541,-1,2541,2584,2585,-1,2541,2585,2543,-1,2543,2585,2586,-1,2543,2586,2545,-1,2545,2586,2587,-1,2545,2587,2547,-1,2547,2587,2588,-1,2547,2588,2549,-1,2549,2588,2589,-1,2549,2589,2551,-1,2551,2589,2590,-1,2551,2590,2553,-1,2553,2590,2591,-1,2553,2591,2555,-1,2555,2591,2592,-1,2555,2592,2557,-1,2557,2592,2593,-1,2557,2593,2559,-1,2559,2593,2594,-1,2559,2594,2561,-1,2561,2594,2595,-1,2561,2595,2563,-1,2563,2595,2596,-1,2563,2596,2565,-1,2565,2596,2597,-1,2565,2597,2567,-1,2567,2597,2598,-1,2567,2598,2569,-1,2569,2598,2599,-1,2569,2599,2571,-1,2571,2599,2600,-1,2571,2600,2573,-1,2573,2600,2601,-1,2573,2601,2575,-1,2575,2601,2602,-1,2575,2602,2577,-1,2577,2602,2603,-1,2577,2603,2579,-1,2579,2603,2604,-1,2579,2604,2581,-1,2581,2604,2605,-1,2581,2605,2535,-1,2535,2605,2582,-1,2582,2606,2583,-1,2583,2606,2607,-1,2583,2607,2584,-1,2584,2607,2608,-1,2584,2608,2585,-1,2585,2608,2609,-1,2585,2609,2586,-1,2586,2609,2610,-1,2586,2610,2587,-1,2587,2610,2611,-1,2587,2611,2588,-1,2588,2611,2612,-1,2588,2612,2589,-1,2589,2612,2613,-1,2589,2613,2590,-1,2590,2613,2614,-1,2590,2614,2591,-1,2591,2614,2615,-1,2591,2615,2592,-1,2592,2615,2616,-1,2592,2616,2593,-1,2593,2616,2617,-1,2593,2617,2594,-1,2594,2617,2618,-1,2594,2618,2595,-1,2595,2618,2619,-1,2595,2619,2596,-1,2596,2619,2620,-1,2596,2620,2597,-1,2597,2620,2621,-1,2597,2621,2598,-1,2598,2621,2622,-1,2598,2622,2599,-1,2599,2622,2623,-1,2599,2623,2600,-1,2600,2623,2624,-1,2600,2624,2601,-1,2601,2624,2625,-1,2601,2625,2602,-1,2602,2625,2626,-1,2602,2626,2603,-1,2603,2626,2627,-1,2603,2627,2604,-1,2604,2627,2628,-1,2604,2628,2605,-1,2605,2628,2629,-1,2605,2629,2582,-1,2582,2629,2606,-1,2606,2630,2607,-1,2607,2630,2631,-1,2607,2631,2608,-1,2608,2631,2632,-1,2608,2632,2609,-1,2609,2632,2633,-1,2609,2633,2610,-1,2610,2633,2634,-1,2610,2634,2611,-1,2611,2634,2635,-1,2611,2635,2612,-1,2612,2635,2636,-1,2612,2636,2613,-1,2613,2636,2637,-1,2613,2637,2614,-1,2614,2637,2638,-1,2614,2638,2615,-1,2615,2638,2639,-1,2615,2639,2616,-1,2616,2639,2640,-1,2616,2640,2617,-1,2617,2640,2641,-1,2617,2641,2618,-1,2618,2641,2642,-1,2618,2642,2619,-1,2619,2642,2643,-1,2619,2643,2620,-1,2620,2643,2644,-1,2620,2644,2621,-1,2621,2644,2645,-1,2621,2645,2622,-1,2622,2645,2646,-1,2622,2646,2623,-1,2623,2646,2647,-1,2623,2647,2624,-1,2624,2647,2648,-1,2624,2648,2625,-1,2625,2648,2649,-1,2625,2649,2626,-1,2626,2649,2650,-1,2626,2650,2627,-1,2627,2650,2651,-1,2627,2651,2628,-1,2628,2651,2652,-1,2628,2652,2629,-1,2629,2652,2653,-1,2629,2653,2606,-1,2606,2653,2630,-1,2630,2654,2631,-1,2631,2654,2655,-1,2631,2655,2632,-1,2632,2655,2656,-1,2632,2656,2633,-1,2633,2656,2657,-1,2633,2657,2634,-1,2634,2657,2658,-1,2634,2658,2635,-1,2635,2658,2659,-1,2635,2659,2636,-1,2636,2659,2660,-1,2636,2660,2637,-1,2637,2660,2661,-1,2637,2661,2638,-1,2638,2661,2662,-1,2638,2662,2639,-1,2639,2662,2663,-1,2639,2663,2640,-1,2640,2663,2664,-1,2640,2664,2641,-1,2641,2664,2665,-1,2641,2665,2642,-1,2642,2665,2666,-1,2642,2666,2643,-1,2643,2666,2667,-1,2643,2667,2644,-1,2644,2667,2668,-1,2644,2668,2645,-1,2645,2668,2669,-1,2645,2669,2646,-1,2646,2669,2670,-1,2646,2670,2647,-1,2647,2670,2671,-1,2647,2671,2648,-1,2648,2671,2672,-1,2648,2672,2649,-1,2649,2672,2673,-1,2649,2673,2650,-1,2650,2673,2674,-1,2650,2674,2651,-1,2651,2674,2675,-1,2651,2675,2652,-1,2652,2675,2676,-1,2652,2676,2653,-1,2653,2676,2677,-1,2653,2677,2630,-1,2630,2677,2654,-1,2654,2678,2655,-1,2655,2678,2679,-1,2655,2679,2656,-1,2656,2679,2680,-1,2656,2680,2657,-1,2657,2680,2681,-1,2657,2681,2658,-1,2658,2681,2682,-1,2658,2682,2659,-1,2659,2682,2683,-1,2659,2683,2660,-1,2660,2683,2684,-1,2660,2684,2661,-1,2661,2684,2685,-1,2661,2685,2662,-1,2662,2685,2686,-1,2662,2686,2663,-1,2663,2686,2687,-1,2663,2687,2664,-1,2664,2687,2688,-1,2664,2688,2665,-1,2665,2688,2689,-1,2665,2689,2666,-1,2666,2689,2690,-1,2666,2690,2667,-1,2667,2690,2691,-1,2667,2691,2668,-1,2668,2691,2692,-1,2668,2692,2669,-1,2669,2692,2693,-1,2669,2693,2670,-1,2670,2693,2694,-1,2670,2694,2671,-1,2671,2694,2695,-1,2671,2695,2672,-1,2672,2695,2696,-1,2672,2696,2673,-1,2673,2696,2697,-1,2673,2697,2674,-1,2674,2697,2698,-1,2674,2698,2675,-1,2675,2698,2699,-1,2675,2699,2676,-1,2676,2699,2700,-1,2676,2700,2677,-1,2677,2700,2701,-1,2677,2701,2654,-1,2654,2701,2678,-1,2678,2510,2679,-1,2679,2510,2511,-1,2679,2511,2680,-1,2680,2511,2512,-1,2680,2512,2681,-1,2681,2512,2513,-1,2681,2513,2682,-1,2682,2513,2514,-1,2682,2514,2683,-1,2683,2514,2515,-1,2683,2515,2684,-1,2684,2515,2516,-1,2684,2516,2685,-1,2685,2516,2517,-1,2685,2517,2686,-1,2686,2517,2518,-1,2686,2518,2687,-1,2687,2518,2519,-1,2687,2519,2688,-1,2688,2519,2520,-1,2688,2520,2689,-1,2689,2520,2521,-1,2689,2521,2690,-1,2690,2521,2522,-1,2690,2522,2691,-1,2691,2522,2523,-1,2691,2523,2692,-1,2692,2523,2524,-1,2692,2524,2693,-1,2693,2524,2525,-1,2693,2525,2694,-1,2694,2525,2526,-1,2694,2526,2695,-1,2695,2526,2527,-1,2695,2527,2696,-1,2696,2527,2528,-1,2696,2528,2697,-1,2697,2528,2529,-1,2697,2529,2698,-1,2698,2529,2530,-1,2698,2530,2699,-1,2699,2530,2531,-1,2699,2531,2700,-1,2700,2531,2532,-1,2700,2532,2701,-1,2701,2532,2533,-1,2701,2533,2678,-1,2678,2533,2510,-1,2357,2572,2352,-1,2352,2572,2574,-1,2352,2574,2353,-1,2353,2574,2576,-1,2353,2576,2354,-1,2354,2576,2578,-1,2354,2578,2349,-1,2349,2578,2580,-1,2349,2580,2350,-1,2350,2580,2534,-1,2350,2534,2351,-1,2351,2534,2536,-1,2351,2536,2346,-1,2346,2536,2538,-1,2346,2538,2347,-1,2347,2538,2540,-1,2347,2540,2348,-1,2348,2540,2542,-1,2348,2542,2341,-1,2341,2542,2544,-1,2341,2544,2342,-1,2342,2544,2546,-1,2342,2546,2344,-1,2344,2546,2548,-1,2344,2548,2345,-1,2345,2548,2550,-1,2345,2550,2364,-1,2364,2550,2552,-1,2364,2552,2365,-1,2365,2552,2554,-1,2365,2554,2361,-1,2361,2554,2556,-1,2361,2556,2362,-1,2362,2556,2558,-1,2362,2558,2363,-1,2363,2558,2560,-1,2363,2560,2358,-1,2358,2560,2562,-1,2358,2562,2359,-1,2359,2562,2564,-1,2359,2564,2360,-1,2360,2564,2566,-1,2360,2566,2355,-1,2355,2566,2568,-1,2355,2568,2356,-1,2356,2568,2570,-1,2356,2570,2357,-1,2357,2570,2572,-1,1930,1931,1932,-1,1932,1931,1933,-1,1932,1933,1934,-1,1935,1936,1932,-1,1932,1936,1937,-1,1932,1937,1930,-1,1938,1939,1932,-1,1932,1939,1940,-1,1932,1940,1935,-1,1941,1942,1932,-1,1932,1942,1943,-1,1932,1943,1938,-1,1944,1945,1932,-1,1932,1945,1946,-1,1932,1946,1941,-1,1947,1948,1932,-1,1932,1948,1949,-1,1932,1949,1944,-1,1950,1951,1932,-1,1932,1951,1952,-1,1932,1952,1947,-1,1934,1953,1932,-1,1932,1953,1954,-1,1932,1954,1950,-1,1955,1956,1957,-1,1957,1956,1958,-1,1957,1958,1959,-1,1960,1961,1957,-1,1957,1961,1962,-1,1957,1962,1955,-1,1963,1964,1957,-1,1957,1964,1965,-1,1957,1965,1960,-1,1966,1967,1957,-1,1957,1967,1968,-1,1957,1968,1963,-1,1969,1970,1957,-1,1957,1970,1971,-1,1957,1971,1966,-1,1972,1973,1957,-1,1957,1973,1974,-1,1957,1974,1969,-1,1975,1976,1957,-1,1957,1976,1977,-1,1957,1977,1972,-1,1959,1978,1957,-1,1957,1978,1979,-1,1957,1979,1975,-1,1980,1931,1981,-1,1981,1931,1930,-1,1981,1930,1982,-1,1982,1930,1937,-1,1982,1937,1983,-1,1983,1937,1936,-1,1983,1936,1984,-1,1984,1936,1935,-1,1984,1935,1985,-1,1985,1935,1940,-1,1985,1940,1986,-1,1986,1940,1939,-1,1986,1939,1987,-1,1987,1939,1938,-1,1987,1938,1988,-1,1988,1938,1943,-1,1988,1943,1989,-1,1989,1943,1942,-1,1989,1942,1990,-1,1990,1942,1941,-1,1990,1941,1991,-1,1991,1941,1946,-1,1991,1946,1992,-1,1992,1946,1945,-1,1992,1945,1993,-1,1993,1945,1944,-1,1993,1944,1994,-1,1994,1944,1949,-1,1994,1949,1995,-1,1995,1949,1948,-1,1995,1948,1996,-1,1996,1948,1947,-1,1996,1947,1997,-1,1997,1947,1952,-1,1997,1952,1998,-1,1998,1952,1951,-1,1998,1951,1999,-1,1999,1951,1950,-1,1999,1950,2000,-1,2000,1950,1954,-1,2000,1954,2001,-1,2001,1954,1953,-1,2001,1953,2002,-1,2002,1953,1934,-1,2002,1934,2003,-1,2003,1934,1933,-1,2003,1933,1980,-1,1980,1933,1931,-1,2004,2005,2006,-1,2006,2005,2007,-1,2006,2007,2008,-1,2008,2007,2009,-1,2008,2009,2010,-1,2010,2009,2011,-1,2010,2011,2012,-1,2012,2011,2013,-1,2012,2013,2014,-1,2014,2013,2015,-1,2014,2015,2016,-1,2016,2015,2017,-1,2016,2017,2018,-1,2018,2017,2019,-1,2018,2019,2020,-1,2020,2019,2021,-1,2020,2021,2022,-1,2022,2021,2023,-1,2022,2023,2024,-1,2024,2023,2025,-1,2024,2025,2026,-1,2026,2025,2027,-1,2026,2027,2028,-1,2028,2027,2029,-1,2028,2029,2030,-1,2030,2029,2031,-1,2030,2031,2032,-1,2032,2031,2033,-1,2032,2033,2034,-1,2034,2033,2035,-1,2034,2035,2036,-1,2036,2035,2037,-1,2036,2037,2038,-1,2038,2037,2039,-1,2038,2039,2040,-1,2040,2039,2041,-1,2040,2041,2042,-1,2042,2041,2043,-1,2042,2043,2044,-1,2044,2043,2045,-1,2044,2045,2046,-1,2046,2045,2047,-1,2046,2047,2048,-1,2048,2047,2049,-1,2048,2049,2050,-1,2050,2049,2051,-1,2050,2051,2004,-1,2004,2051,2005,-1,2005,2052,2007,-1,2007,2052,2053,-1,2007,2053,2009,-1,2009,2053,2054,-1,2009,2054,2011,-1,2011,2054,2055,-1,2011,2055,2013,-1,2013,2055,2056,-1,2013,2056,2015,-1,2015,2056,2057,-1,2015,2057,2017,-1,2017,2057,2058,-1,2017,2058,2019,-1,2019,2058,2059,-1,2019,2059,2021,-1,2021,2059,2060,-1,2021,2060,2023,-1,2023,2060,2061,-1,2023,2061,2025,-1,2025,2061,2062,-1,2025,2062,2027,-1,2027,2062,2063,-1,2027,2063,2029,-1,2029,2063,2064,-1,2029,2064,2031,-1,2031,2064,2065,-1,2031,2065,2033,-1,2033,2065,2066,-1,2033,2066,2035,-1,2035,2066,2067,-1,2035,2067,2037,-1,2037,2067,2068,-1,2037,2068,2039,-1,2039,2068,2069,-1,2039,2069,2041,-1,2041,2069,2070,-1,2041,2070,2043,-1,2043,2070,2071,-1,2043,2071,2045,-1,2045,2071,2072,-1,2045,2072,2047,-1,2047,2072,2073,-1,2047,2073,2049,-1,2049,2073,2074,-1,2049,2074,2051,-1,2051,2074,2075,-1,2051,2075,2005,-1,2005,2075,2052,-1,2052,2076,2053,-1,2053,2076,2077,-1,2053,2077,2054,-1,2054,2077,2078,-1,2054,2078,2055,-1,2055,2078,2079,-1,2055,2079,2056,-1,2056,2079,2080,-1,2056,2080,2057,-1,2057,2080,2081,-1,2057,2081,2058,-1,2058,2081,2082,-1,2058,2082,2059,-1,2059,2082,2083,-1,2059,2083,2060,-1,2060,2083,2084,-1,2060,2084,2061,-1,2061,2084,2085,-1,2061,2085,2062,-1,2062,2085,2086,-1,2062,2086,2063,-1,2063,2086,2087,-1,2063,2087,2064,-1,2064,2087,2088,-1,2064,2088,2065,-1,2065,2088,2089,-1,2065,2089,2066,-1,2066,2089,2090,-1,2066,2090,2067,-1,2067,2090,2091,-1,2067,2091,2068,-1,2068,2091,2092,-1,2068,2092,2069,-1,2069,2092,2093,-1,2069,2093,2070,-1,2070,2093,2094,-1,2070,2094,2071,-1,2071,2094,2095,-1,2071,2095,2072,-1,2072,2095,2096,-1,2072,2096,2073,-1,2073,2096,2097,-1,2073,2097,2074,-1,2074,2097,2098,-1,2074,2098,2075,-1,2075,2098,2099,-1,2075,2099,2052,-1,2052,2099,2076,-1,2076,2100,2077,-1,2077,2100,2101,-1,2077,2101,2078,-1,2078,2101,2102,-1,2078,2102,2079,-1,2079,2102,2103,-1,2079,2103,2080,-1,2080,2103,2104,-1,2080,2104,2081,-1,2081,2104,2105,-1,2081,2105,2082,-1,2082,2105,2106,-1,2082,2106,2083,-1,2083,2106,2107,-1,2083,2107,2084,-1,2084,2107,2108,-1,2084,2108,2085,-1,2085,2108,2109,-1,2085,2109,2086,-1,2086,2109,2110,-1,2086,2110,2087,-1,2087,2110,2111,-1,2087,2111,2088,-1,2088,2111,2112,-1,2088,2112,2089,-1,2089,2112,2113,-1,2089,2113,2090,-1,2090,2113,2114,-1,2090,2114,2091,-1,2091,2114,2115,-1,2091,2115,2092,-1,2092,2115,2116,-1,2092,2116,2093,-1,2093,2116,2117,-1,2093,2117,2094,-1,2094,2117,2118,-1,2094,2118,2095,-1,2095,2118,2119,-1,2095,2119,2096,-1,2096,2119,2120,-1,2096,2120,2097,-1,2097,2120,2121,-1,2097,2121,2098,-1,2098,2121,2122,-1,2098,2122,2099,-1,2099,2122,2123,-1,2099,2123,2076,-1,2076,2123,2100,-1,2100,1998,2101,-1,2101,1998,1999,-1,2101,1999,2102,-1,2102,1999,2000,-1,2102,2000,2103,-1,2103,2000,2001,-1,2103,2001,2104,-1,2104,2001,2002,-1,2104,2002,2105,-1,2105,2002,2003,-1,2105,2003,2106,-1,2106,2003,1980,-1,2106,1980,2107,-1,2107,1980,1981,-1,2107,1981,2108,-1,2108,1981,1982,-1,2108,1982,2109,-1,2109,1982,1983,-1,2109,1983,2110,-1,2110,1983,1984,-1,2110,1984,2111,-1,2111,1984,1985,-1,2111,1985,2112,-1,2112,1985,1986,-1,2112,1986,2113,-1,2113,1986,1987,-1,2113,1987,2114,-1,2114,1987,1988,-1,2114,1988,2115,-1,2115,1988,1989,-1,2115,1989,2116,-1,2116,1989,1990,-1,2116,1990,2117,-1,2117,1990,1991,-1,2117,1991,2118,-1,2118,1991,1992,-1,2118,1992,2119,-1,2119,1992,1993,-1,2119,1993,2120,-1,2120,1993,1994,-1,2120,1994,2121,-1,2121,1994,1995,-1,2121,1995,2122,-1,2122,1995,1996,-1,2122,1996,2123,-1,2123,1996,1997,-1,2123,1997,2100,-1,2100,1997,1998,-1,2124,2006,2125,-1,2125,2006,2008,-1,2125,2008,2126,-1,2126,2008,2010,-1,2126,2010,2127,-1,2127,2010,2012,-1,2127,2012,2128,-1,2128,2012,2014,-1,2128,2014,2129,-1,2129,2014,2016,-1,2129,2016,2130,-1,2130,2016,2018,-1,2130,2018,2131,-1,2131,2018,2020,-1,2131,2020,2132,-1,2132,2020,2022,-1,2132,2022,2133,-1,2133,2022,2024,-1,2133,2024,2134,-1,2134,2024,2026,-1,2134,2026,2135,-1,2135,2026,2028,-1,2135,2028,2136,-1,2136,2028,2030,-1,2136,2030,2137,-1,2137,2030,2032,-1,2137,2032,2138,-1,2138,2032,2034,-1,2138,2034,2139,-1,2139,2034,2036,-1,2139,2036,2140,-1,2140,2036,2038,-1,2140,2038,2141,-1,2141,2038,2040,-1,2141,2040,2142,-1,2142,2040,2042,-1,2142,2042,2143,-1,2143,2042,2044,-1,2143,2044,2144,-1,2144,2044,2046,-1,2144,2046,2145,-1,2145,2046,2048,-1,2145,2048,2146,-1,2146,2048,2050,-1,2146,2050,2147,-1,2147,2050,2004,-1,2147,2004,2124,-1,2124,2004,2006,-1,2148,2149,2150,-1,2150,2149,2151,-1,2150,2151,2152,-1,2152,2151,2153,-1,2152,2153,2154,-1,2154,2153,2155,-1,2154,2155,2156,-1,2156,2155,2157,-1,2156,2157,2158,-1,2158,2157,2159,-1,2158,2159,2160,-1,2160,2159,2161,-1,2160,2161,2162,-1,2162,2161,2163,-1,2162,2163,2164,-1,2164,2163,2165,-1,2164,2165,2166,-1,2166,2165,2167,-1,2166,2167,2168,-1,2168,2167,2169,-1,2168,2169,2170,-1,2170,2169,2171,-1,2170,2171,2172,-1,2172,2171,2173,-1,2172,2173,2174,-1,2174,2173,2175,-1,2174,2175,2176,-1,2176,2175,2177,-1,2176,2177,2178,-1,2178,2177,2179,-1,2178,2179,2180,-1,2180,2179,2181,-1,2180,2181,2182,-1,2182,2181,2183,-1,2182,2183,2184,-1,2184,2183,2185,-1,2184,2185,2186,-1,2186,2185,2187,-1,2186,2187,2188,-1,2188,2187,2189,-1,2188,2189,2190,-1,2190,2189,2191,-1,2190,2191,2192,-1,2192,2191,2193,-1,2192,2193,2194,-1,2194,2193,2195,-1,2194,2195,2148,-1,2148,2195,2149,-1,2149,2196,2151,-1,2151,2196,2197,-1,2151,2197,2153,-1,2153,2197,2198,-1,2153,2198,2155,-1,2155,2198,2199,-1,2155,2199,2157,-1,2157,2199,2200,-1,2157,2200,2159,-1,2159,2200,2201,-1,2159,2201,2161,-1,2161,2201,2202,-1,2161,2202,2163,-1,2163,2202,2203,-1,2163,2203,2165,-1,2165,2203,2204,-1,2165,2204,2167,-1,2167,2204,2205,-1,2167,2205,2169,-1,2169,2205,2206,-1,2169,2206,2171,-1,2171,2206,2207,-1,2171,2207,2173,-1,2173,2207,2208,-1,2173,2208,2175,-1,2175,2208,2209,-1,2175,2209,2177,-1,2177,2209,2210,-1,2177,2210,2179,-1,2179,2210,2211,-1,2179,2211,2181,-1,2181,2211,2212,-1,2181,2212,2183,-1,2183,2212,2213,-1,2183,2213,2185,-1,2185,2213,2214,-1,2185,2214,2187,-1,2187,2214,2215,-1,2187,2215,2189,-1,2189,2215,2216,-1,2189,2216,2191,-1,2191,2216,2217,-1,2191,2217,2193,-1,2193,2217,2218,-1,2193,2218,2195,-1,2195,2218,2219,-1,2195,2219,2149,-1,2149,2219,2196,-1,2196,2220,2197,-1,2197,2220,2221,-1,2197,2221,2198,-1,2198,2221,2222,-1,2198,2222,2199,-1,2199,2222,2223,-1,2199,2223,2200,-1,2200,2223,2224,-1,2200,2224,2201,-1,2201,2224,2225,-1,2201,2225,2202,-1,2202,2225,2226,-1,2202,2226,2203,-1,2203,2226,2227,-1,2203,2227,2204,-1,2204,2227,2228,-1,2204,2228,2205,-1,2205,2228,2229,-1,2205,2229,2206,-1,2206,2229,2230,-1,2206,2230,2207,-1,2207,2230,2231,-1,2207,2231,2208,-1,2208,2231,2232,-1,2208,2232,2209,-1,2209,2232,2233,-1,2209,2233,2210,-1,2210,2233,2234,-1,2210,2234,2211,-1,2211,2234,2235,-1,2211,2235,2212,-1,2212,2235,2236,-1,2212,2236,2213,-1,2213,2236,2237,-1,2213,2237,2214,-1,2214,2237,2238,-1,2214,2238,2215,-1,2215,2238,2239,-1,2215,2239,2216,-1,2216,2239,2240,-1,2216,2240,2217,-1,2217,2240,2241,-1,2217,2241,2218,-1,2218,2241,2242,-1,2218,2242,2219,-1,2219,2242,2243,-1,2219,2243,2196,-1,2196,2243,2220,-1,2220,2244,2221,-1,2221,2244,2245,-1,2221,2245,2222,-1,2222,2245,2246,-1,2222,2246,2223,-1,2223,2246,2247,-1,2223,2247,2224,-1,2224,2247,2248,-1,2224,2248,2225,-1,2225,2248,2249,-1,2225,2249,2226,-1,2226,2249,2250,-1,2226,2250,2227,-1,2227,2250,2251,-1,2227,2251,2228,-1,2228,2251,2252,-1,2228,2252,2229,-1,2229,2252,2253,-1,2229,2253,2230,-1,2230,2253,2254,-1,2230,2254,2231,-1,2231,2254,2255,-1,2231,2255,2232,-1,2232,2255,2256,-1,2232,2256,2233,-1,2233,2256,2257,-1,2233,2257,2234,-1,2234,2257,2258,-1,2234,2258,2235,-1,2235,2258,2259,-1,2235,2259,2236,-1,2236,2259,2260,-1,2236,2260,2237,-1,2237,2260,2261,-1,2237,2261,2238,-1,2238,2261,2262,-1,2238,2262,2239,-1,2239,2262,2263,-1,2239,2263,2240,-1,2240,2263,2264,-1,2240,2264,2241,-1,2241,2264,2265,-1,2241,2265,2242,-1,2242,2265,2266,-1,2242,2266,2243,-1,2243,2266,2267,-1,2243,2267,2220,-1,2220,2267,2244,-1,2244,2268,2245,-1,2245,2268,2269,-1,2245,2269,2246,-1,2246,2269,2270,-1,2246,2270,2247,-1,2247,2270,2271,-1,2247,2271,2248,-1,2248,2271,2272,-1,2248,2272,2249,-1,2249,2272,2273,-1,2249,2273,2250,-1,2250,2273,2274,-1,2250,2274,2251,-1,2251,2274,2275,-1,2251,2275,2252,-1,2252,2275,2276,-1,2252,2276,2253,-1,2253,2276,2277,-1,2253,2277,2254,-1,2254,2277,2278,-1,2254,2278,2255,-1,2255,2278,2279,-1,2255,2279,2256,-1,2256,2279,2280,-1,2256,2280,2257,-1,2257,2280,2281,-1,2257,2281,2258,-1,2258,2281,2282,-1,2258,2282,2259,-1,2259,2282,2283,-1,2259,2283,2260,-1,2260,2283,2284,-1,2260,2284,2261,-1,2261,2284,2285,-1,2261,2285,2262,-1,2262,2285,2286,-1,2262,2286,2263,-1,2263,2286,2287,-1,2263,2287,2264,-1,2264,2287,2288,-1,2264,2288,2265,-1,2265,2288,2289,-1,2265,2289,2266,-1,2266,2289,2290,-1,2266,2290,2267,-1,2267,2290,2291,-1,2267,2291,2244,-1,2244,2291,2268,-1,2268,2292,2269,-1,2269,2292,2293,-1,2269,2293,2270,-1,2270,2293,2294,-1,2270,2294,2271,-1,2271,2294,2295,-1,2271,2295,2272,-1,2272,2295,2296,-1,2272,2296,2273,-1,2273,2296,2297,-1,2273,2297,2274,-1,2274,2297,2298,-1,2274,2298,2275,-1,2275,2298,2299,-1,2275,2299,2276,-1,2276,2299,2300,-1,2276,2300,2277,-1,2277,2300,2301,-1,2277,2301,2278,-1,2278,2301,2302,-1,2278,2302,2279,-1,2279,2302,2303,-1,2279,2303,2280,-1,2280,2303,2304,-1,2280,2304,2281,-1,2281,2304,2305,-1,2281,2305,2282,-1,2282,2305,2306,-1,2282,2306,2283,-1,2283,2306,2307,-1,2283,2307,2284,-1,2284,2307,2308,-1,2284,2308,2285,-1,2285,2308,2309,-1,2285,2309,2286,-1,2286,2309,2310,-1,2286,2310,2287,-1,2287,2310,2311,-1,2287,2311,2288,-1,2288,2311,2312,-1,2288,2312,2289,-1,2289,2312,2313,-1,2289,2313,2290,-1,2290,2313,2314,-1,2290,2314,2291,-1,2291,2314,2315,-1,2291,2315,2268,-1,2268,2315,2292,-1,2292,2124,2293,-1,2293,2124,2125,-1,2293,2125,2294,-1,2294,2125,2126,-1,2294,2126,2295,-1,2295,2126,2127,-1,2295,2127,2296,-1,2296,2127,2128,-1,2296,2128,2297,-1,2297,2128,2129,-1,2297,2129,2298,-1,2298,2129,2130,-1,2298,2130,2299,-1,2299,2130,2131,-1,2299,2131,2300,-1,2300,2131,2132,-1,2300,2132,2301,-1,2301,2132,2133,-1,2301,2133,2302,-1,2302,2133,2134,-1,2302,2134,2303,-1,2303,2134,2135,-1,2303,2135,2304,-1,2304,2135,2136,-1,2304,2136,2305,-1,2305,2136,2137,-1,2305,2137,2306,-1,2306,2137,2138,-1,2306,2138,2307,-1,2307,2138,2139,-1,2307,2139,2308,-1,2308,2139,2140,-1,2308,2140,2309,-1,2309,2140,2141,-1,2309,2141,2310,-1,2310,2141,2142,-1,2310,2142,2311,-1,2311,2142,2143,-1,2311,2143,2312,-1,2312,2143,2144,-1,2312,2144,2313,-1,2313,2144,2145,-1,2313,2145,2314,-1,2314,2145,2146,-1,2314,2146,2315,-1,2315,2146,2147,-1,2315,2147,2292,-1,2292,2147,2124,-1,1971,2186,1966,-1,1966,2186,2188,-1,1966,2188,1967,-1,1967,2188,2190,-1,1967,2190,1968,-1,1968,2190,2192,-1,1968,2192,1963,-1,1963,2192,2194,-1,1963,2194,1964,-1,1964,2194,2148,-1,1964,2148,1965,-1,1965,2148,2150,-1,1965,2150,1960,-1,1960,2150,2152,-1,1960,2152,1961,-1,1961,2152,2154,-1,1961,2154,1962,-1,1962,2154,2156,-1,1962,2156,1955,-1,1955,2156,2158,-1,1955,2158,1956,-1,1956,2158,2160,-1,1956,2160,1958,-1,1958,2160,2162,-1,1958,2162,1959,-1,1959,2162,2164,-1,1959,2164,1978,-1,1978,2164,2166,-1,1978,2166,1979,-1,1979,2166,2168,-1,1979,2168,1975,-1,1975,2168,2170,-1,1975,2170,1976,-1,1976,2170,2172,-1,1976,2172,1977,-1,1977,2172,2174,-1,1977,2174,1972,-1,1972,2174,2176,-1,1972,2176,1973,-1,1973,2176,2178,-1,1973,2178,1974,-1,1974,2178,2180,-1,1974,2180,1969,-1,1969,2180,2182,-1,1969,2182,1970,-1,1970,2182,2184,-1,1970,2184,1971,-1,1971,2184,2186,-1,0,1,2,-1,2,1,3,-1,2,3,4,-1,5,6,2,-1,2,6,7,-1,2,7,0,-1,8,9,2,-1,2,9,10,-1,2,10,5,-1,11,12,2,-1,2,12,13,-1,2,13,8,-1,14,15,2,-1,2,15,16,-1,2,16,11,-1,17,18,2,-1,2,18,19,-1,2,19,14,-1,20,21,2,-1,2,21,22,-1,2,22,17,-1,4,23,2,-1,2,23,24,-1,2,24,20,-1,25,26,27,-1,27,26,28,-1,27,28,29,-1,30,31,27,-1,27,31,32,-1,27,32,25,-1,33,34,27,-1,27,34,35,-1,27,35,30,-1,36,37,27,-1,27,37,38,-1,27,38,33,-1,39,40,27,-1,27,40,41,-1,27,41,36,-1,42,43,27,-1,27,43,44,-1,27,44,39,-1,45,46,27,-1,27,46,47,-1,27,47,42,-1,29,48,27,-1,27,48,49,-1,27,49,45,-1,50,1,51,-1,51,1,0,-1,51,0,52,-1,52,0,7,-1,52,7,53,-1,53,7,6,-1,53,6,54,-1,54,6,5,-1,54,5,55,-1,55,5,10,-1,55,10,56,-1,56,10,9,-1,56,9,57,-1,57,9,8,-1,57,8,58,-1,58,8,13,-1,58,13,59,-1,59,13,12,-1,59,12,60,-1,60,12,11,-1,60,11,61,-1,61,11,16,-1,61,16,62,-1,62,16,15,-1,62,15,63,-1,63,15,14,-1,63,14,64,-1,64,14,19,-1,64,19,65,-1,65,19,18,-1,65,18,66,-1,66,18,17,-1,66,17,67,-1,67,17,22,-1,67,22,68,-1,68,22,21,-1,68,21,69,-1,69,21,20,-1,69,20,70,-1,70,20,24,-1,70,24,71,-1,71,24,23,-1,71,23,72,-1,72,23,4,-1,72,4,73,-1,73,4,3,-1,73,3,50,-1,50,3,1,-1,74,75,76,-1,76,75,77,-1,76,77,78,-1,78,77,79,-1,78,79,80,-1,80,79,81,-1,80,81,82,-1,82,81,83,-1,82,83,84,-1,84,83,85,-1,84,85,86,-1,86,85,87,-1,86,87,88,-1,88,87,89,-1,88,89,90,-1,90,89,91,-1,90,91,92,-1,92,91,93,-1,92,93,94,-1,94,93,95,-1,94,95,96,-1,96,95,97,-1,96,97,98,-1,98,97,99,-1,98,99,100,-1,100,99,101,-1,100,101,102,-1,102,101,103,-1,102,103,104,-1,104,103,105,-1,104,105,106,-1,106,105,107,-1,106,107,108,-1,108,107,109,-1,108,109,110,-1,110,109,111,-1,110,111,112,-1,112,111,113,-1,112,113,114,-1,114,113,115,-1,114,115,116,-1,116,115,117,-1,116,117,118,-1,118,117,119,-1,118,119,120,-1,120,119,121,-1,120,121,74,-1,74,121,75,-1,75,122,77,-1,77,122,123,-1,77,123,79,-1,79,123,124,-1,79,124,81,-1,81,124,125,-1,81,125,83,-1,83,125,126,-1,83,126,85,-1,85,126,127,-1,85,127,87,-1,87,127,128,-1,87,128,89,-1,89,128,129,-1,89,129,91,-1,91,129,130,-1,91,130,93,-1,93,130,131,-1,93,131,95,-1,95,131,132,-1,95,132,97,-1,97,132,133,-1,97,133,99,-1,99,133,134,-1,99,134,101,-1,101,134,135,-1,101,135,103,-1,103,135,136,-1,103,136,105,-1,105,136,137,-1,105,137,107,-1,107,137,138,-1,107,138,109,-1,109,138,139,-1,109,139,111,-1,111,139,140,-1,111,140,113,-1,113,140,141,-1,113,141,115,-1,115,141,142,-1,115,142,117,-1,117,142,143,-1,117,143,119,-1,119,143,144,-1,119,144,121,-1,121,144,145,-1,121,145,75,-1,75,145,122,-1,122,146,123,-1,123,146,147,-1,123,147,124,-1,124,147,148,-1,124,148,125,-1,125,148,149,-1,125,149,126,-1,126,149,150,-1,126,150,127,-1,127,150,151,-1,127,151,128,-1,128,151,152,-1,128,152,129,-1,129,152,153,-1,129,153,130,-1,130,153,154,-1,130,154,131,-1,131,154,155,-1,131,155,132,-1,132,155,156,-1,132,156,133,-1,133,156,157,-1,133,157,134,-1,134,157,158,-1,134,158,135,-1,135,158,159,-1,135,159,136,-1,136,159,160,-1,136,160,137,-1,137,160,161,-1,137,161,138,-1,138,161,162,-1,138,162,139,-1,139,162,163,-1,139,163,140,-1,140,163,164,-1,140,164,141,-1,141,164,165,-1,141,165,142,-1,142,165,166,-1,142,166,143,-1,143,166,167,-1,143,167,144,-1,144,167,168,-1,144,168,145,-1,145,168,169,-1,145,169,122,-1,122,169,146,-1,146,170,147,-1,147,170,171,-1,147,171,148,-1,148,171,172,-1,148,172,149,-1,149,172,173,-1,149,173,150,-1,150,173,174,-1,150,174,151,-1,151,174,175,-1,151,175,152,-1,152,175,176,-1,152,176,153,-1,153,176,177,-1,153,177,154,-1,154,177,178,-1,154,178,155,-1,155,178,179,-1,155,179,156,-1,156,179,180,-1,156,180,157,-1,157,180,181,-1,157,181,158,-1,158,181,182,-1,158,182,159,-1,159,182,183,-1,159,183,160,-1,160,183,184,-1,160,184,161,-1,161,184,185,-1,161,185,162,-1,162,185,186,-1,162,186,163,-1,163,186,187,-1,163,187,164,-1,164,187,188,-1,164,188,165,-1,165,188,189,-1,165,189,166,-1,166,189,190,-1,166,190,167,-1,167,190,191,-1,167,191,168,-1,168,191,192,-1,168,192,169,-1,169,192,193,-1,169,193,146,-1,146,193,170,-1,170,68,171,-1,171,68,69,-1,171,69,172,-1,172,69,70,-1,172,70,173,-1,173,70,71,-1,173,71,174,-1,174,71,72,-1,174,72,175,-1,175,72,73,-1,175,73,176,-1,176,73,50,-1,176,50,177,-1,177,50,51,-1,177,51,178,-1,178,51,52,-1,178,52,179,-1,179,52,53,-1,179,53,180,-1,180,53,54,-1,180,54,181,-1,181,54,55,-1,181,55,182,-1,182,55,56,-1,182,56,183,-1,183,56,57,-1,183,57,184,-1,184,57,58,-1,184,58,185,-1,185,58,59,-1,185,59,186,-1,186,59,60,-1,186,60,187,-1,187,60,61,-1,187,61,188,-1,188,61,62,-1,188,62,189,-1,189,62,63,-1,189,63,190,-1,190,63,64,-1,190,64,191,-1,191,64,65,-1,191,65,192,-1,192,65,66,-1,192,66,193,-1,193,66,67,-1,193,67,170,-1,170,67,68,-1,194,76,195,-1,195,76,78,-1,195,78,196,-1,196,78,80,-1,196,80,197,-1,197,80,82,-1,197,82,198,-1,198,82,84,-1,198,84,199,-1,199,84,86,-1,199,86,200,-1,200,86,88,-1,200,88,201,-1,201,88,90,-1,201,90,202,-1,202,90,92,-1,202,92,203,-1,203,92,94,-1,203,94,204,-1,204,94,96,-1,204,96,205,-1,205,96,98,-1,205,98,206,-1,206,98,100,-1,206,100,207,-1,207,100,102,-1,207,102,208,-1,208,102,104,-1,208,104,209,-1,209,104,106,-1,209,106,210,-1,210,106,108,-1,210,108,211,-1,211,108,110,-1,211,110,212,-1,212,110,112,-1,212,112,213,-1,213,112,114,-1,213,114,214,-1,214,114,116,-1,214,116,215,-1,215,116,118,-1,215,118,216,-1,216,118,120,-1,216,120,217,-1,217,120,74,-1,217,74,194,-1,194,74,76,-1,218,219,220,-1,220,219,221,-1,220,221,222,-1,222,221,223,-1,222,223,224,-1,224,223,225,-1,224,225,226,-1,226,225,227,-1,226,227,228,-1,228,227,229,-1,228,229,230,-1,230,229,231,-1,230,231,232,-1,232,231,233,-1,232,233,234,-1,234,233,235,-1,234,235,236,-1,236,235,237,-1,236,237,238,-1,238,237,239,-1,238,239,240,-1,240,239,241,-1,240,241,242,-1,242,241,243,-1,242,243,244,-1,244,243,245,-1,244,245,246,-1,246,245,247,-1,246,247,248,-1,248,247,249,-1,248,249,250,-1,250,249,251,-1,250,251,252,-1,252,251,253,-1,252,253,254,-1,254,253,255,-1,254,255,256,-1,256,255,257,-1,256,257,258,-1,258,257,259,-1,258,259,260,-1,260,259,261,-1,260,261,262,-1,262,261,263,-1,262,263,264,-1,264,263,265,-1,264,265,218,-1,218,265,219,-1,219,266,221,-1,221,266,267,-1,221,267,223,-1,223,267,268,-1,223,268,225,-1,225,268,269,-1,225,269,227,-1,227,269,270,-1,227,270,229,-1,229,270,271,-1,229,271,231,-1,231,271,272,-1,231,272,233,-1,233,272,273,-1,233,273,235,-1,235,273,274,-1,235,274,237,-1,237,274,275,-1,237,275,239,-1,239,275,276,-1,239,276,241,-1,241,276,277,-1,241,277,243,-1,243,277,278,-1,243,278,245,-1,245,278,279,-1,245,279,247,-1,247,279,280,-1,247,280,249,-1,249,280,281,-1,249,281,251,-1,251,281,282,-1,251,282,253,-1,253,282,283,-1,253,283,255,-1,255,283,284,-1,255,284,257,-1,257,284,285,-1,257,285,259,-1,259,285,286,-1,259,286,261,-1,261,286,287,-1,261,287,263,-1,263,287,288,-1,263,288,265,-1,265,288,289,-1,265,289,219,-1,219,289,266,-1,266,290,267,-1,267,290,291,-1,267,291,268,-1,268,291,292,-1,268,292,269,-1,269,292,293,-1,269,293,270,-1,270,293,294,-1,270,294,271,-1,271,294,295,-1,271,295,272,-1,272,295,296,-1,272,296,273,-1,273,296,297,-1,273,297,274,-1,274,297,298,-1,274,298,275,-1,275,298,299,-1,275,299,276,-1,276,299,300,-1,276,300,277,-1,277,300,301,-1,277,301,278,-1,278,301,302,-1,278,302,279,-1,279,302,303,-1,279,303,280,-1,280,303,304,-1,280,304,281,-1,281,304,305,-1,281,305,282,-1,282,305,306,-1,282,306,283,-1,283,306,307,-1,283,307,284,-1,284,307,308,-1,284,308,285,-1,285,308,309,-1,285,309,286,-1,286,309,310,-1,286,310,287,-1,287,310,311,-1,287,311,288,-1,288,311,312,-1,288,312,289,-1,289,312,313,-1,289,313,266,-1,266,313,290,-1,290,314,291,-1,291,314,315,-1,291,315,292,-1,292,315,316,-1,292,316,293,-1,293,316,317,-1,293,317,294,-1,294,317,318,-1,294,318,295,-1,295,318,319,-1,295,319,296,-1,296,319,320,-1,296,320,297,-1,297,320,321,-1,297,321,298,-1,298,321,322,-1,298,322,299,-1,299,322,323,-1,299,323,300,-1,300,323,324,-1,300,324,301,-1,301,324,325,-1,301,325,302,-1,302,325,326,-1,302,326,303,-1,303,326,327,-1,303,327,304,-1,304,327,328,-1,304,328,305,-1,305,328,329,-1,305,329,306,-1,306,329,330,-1,306,330,307,-1,307,330,331,-1,307,331,308,-1,308,331,332,-1,308,332,309,-1,309,332,333,-1,309,333,310,-1,310,333,334,-1,310,334,311,-1,311,334,335,-1,311,335,312,-1,312,335,336,-1,312,336,313,-1,313,336,337,-1,313,337,290,-1,290,337,314,-1,314,338,315,-1,315,338,339,-1,315,339,316,-1,316,339,340,-1,316,340,317,-1,317,340,341,-1,317,341,318,-1,318,341,342,-1,318,342,319,-1,319,342,343,-1,319,343,320,-1,320,343,344,-1,320,344,321,-1,321,344,345,-1,321,345,322,-1,322,345,346,-1,322,346,323,-1,323,346,347,-1,323,347,324,-1,324,347,348,-1,324,348,325,-1,325,348,349,-1,325,349,326,-1,326,349,350,-1,326,350,327,-1,327,350,351,-1,327,351,328,-1,328,351,352,-1,328,352,329,-1,329,352,353,-1,329,353,330,-1,330,353,354,-1,330,354,331,-1,331,354,355,-1,331,355,332,-1,332,355,356,-1,332,356,333,-1,333,356,357,-1,333,357,334,-1,334,357,358,-1,334,358,335,-1,335,358,359,-1,335,359,336,-1,336,359,360,-1,336,360,337,-1,337,360,361,-1,337,361,314,-1,314,361,338,-1,338,362,339,-1,339,362,363,-1,339,363,340,-1,340,363,364,-1,340,364,341,-1,341,364,365,-1,341,365,342,-1,342,365,366,-1,342,366,343,-1,343,366,367,-1,343,367,344,-1,344,367,368,-1,344,368,345,-1,345,368,369,-1,345,369,346,-1,346,369,370,-1,346,370,347,-1,347,370,371,-1,347,371,348,-1,348,371,372,-1,348,372,349,-1,349,372,373,-1,349,373,350,-1,350,373,374,-1,350,374,351,-1,351,374,375,-1,351,375,352,-1,352,375,376,-1,352,376,353,-1,353,376,377,-1,353,377,354,-1,354,377,378,-1,354,378,355,-1,355,378,379,-1,355,379,356,-1,356,379,380,-1,356,380,357,-1,357,380,381,-1,357,381,358,-1,358,381,382,-1,358,382,359,-1,359,382,383,-1,359,383,360,-1,360,383,384,-1,360,384,361,-1,361,384,385,-1,361,385,338,-1,338,385,362,-1,362,194,363,-1,363,194,195,-1,363,195,364,-1,364,195,196,-1,364,196,365,-1,365,196,197,-1,365,197,366,-1,366,197,198,-1,366,198,367,-1,367,198,199,-1,367,199,368,-1,368,199,200,-1,368,200,369,-1,369,200,201,-1,369,201,370,-1,370,201,202,-1,370,202,371,-1,371,202,203,-1,371,203,372,-1,372,203,204,-1,372,204,373,-1,373,204,205,-1,373,205,374,-1,374,205,206,-1,374,206,375,-1,375,206,207,-1,375,207,376,-1,376,207,208,-1,376,208,377,-1,377,208,209,-1,377,209,378,-1,378,209,210,-1,378,210,379,-1,379,210,211,-1,379,211,380,-1,380,211,212,-1,380,212,381,-1,381,212,213,-1,381,213,382,-1,382,213,214,-1,382,214,383,-1,383,214,215,-1,383,215,384,-1,384,215,216,-1,384,216,385,-1,385,216,217,-1,385,217,362,-1,362,217,194,-1,41,256,36,-1,36,256,258,-1,36,258,37,-1,37,258,260,-1,37,260,38,-1,38,260,262,-1,38,262,33,-1,33,262,264,-1,33,264,34,-1,34,264,218,-1,34,218,35,-1,35,218,220,-1,35,220,30,-1,30,220,222,-1,30,222,31,-1,31,222,224,-1,31,224,32,-1,32,224,226,-1,32,226,25,-1,25,226,228,-1,25,228,26,-1,26,228,230,-1,26,230,28,-1,28,230,232,-1,28,232,29,-1,29,232,234,-1,29,234,48,-1,48,234,236,-1,48,236,49,-1,49,236,238,-1,49,238,45,-1,45,238,240,-1,45,240,46,-1,46,240,242,-1,46,242,47,-1,47,242,244,-1,47,244,42,-1,42,244,246,-1,42,246,43,-1,43,246,248,-1,43,248,44,-1,44,248,250,-1,44,250,39,-1,39,250,252,-1,39,252,40,-1,40,252,254,-1,40,254,41,-1,41,254,256,-1,386,387,388,-1,388,387,389,-1,388,389,390,-1,391,392,388,-1,388,392,393,-1,388,393,386,-1,394,395,388,-1,388,395,396,-1,388,396,391,-1,397,398,388,-1,388,398,399,-1,388,399,394,-1,400,401,388,-1,388,401,402,-1,388,402,397,-1,403,404,388,-1,388,404,405,-1,388,405,400,-1,406,407,388,-1,388,407,408,-1,388,408,403,-1,390,409,388,-1,388,409,410,-1,388,410,406,-1,411,412,413,-1,413,412,414,-1,413,414,415,-1,416,417,413,-1,413,417,418,-1,413,418,411,-1,419,420,413,-1,413,420,421,-1,413,421,416,-1,422,423,413,-1,413,423,424,-1,413,424,419,-1,425,426,413,-1,413,426,427,-1,413,427,422,-1,428,429,413,-1,413,429,430,-1,413,430,425,-1,431,432,413,-1,413,432,433,-1,413,433,428,-1,415,434,413,-1,413,434,435,-1,413,435,431,-1,436,387,437,-1,437,387,386,-1,437,386,438,-1,438,386,393,-1,438,393,439,-1,439,393,392,-1,439,392,440,-1,440,392,391,-1,440,391,441,-1,441,391,396,-1,441,396,442,-1,442,396,395,-1,442,395,443,-1,443,395,394,-1,443,394,444,-1,444,394,399,-1,444,399,445,-1,445,399,398,-1,445,398,446,-1,446,398,397,-1,446,397,447,-1,447,397,402,-1,447,402,448,-1,448,402,401,-1,448,401,449,-1,449,401,400,-1,449,400,450,-1,450,400,405,-1,450,405,451,-1,451,405,404,-1,451,404,452,-1,452,404,403,-1,452,403,453,-1,453,403,408,-1,453,408,454,-1,454,408,407,-1,454,407,455,-1,455,407,406,-1,455,406,456,-1,456,406,410,-1,456,410,457,-1,457,410,409,-1,457,409,458,-1,458,409,390,-1,458,390,459,-1,459,390,389,-1,459,389,436,-1,436,389,387,-1,460,461,462,-1,462,461,463,-1,462,463,464,-1,464,463,465,-1,464,465,466,-1,466,465,467,-1,466,467,468,-1,468,467,469,-1,468,469,470,-1,470,469,471,-1,470,471,472,-1,472,471,473,-1,472,473,474,-1,474,473,475,-1,474,475,476,-1,476,475,477,-1,476,477,478,-1,478,477,479,-1,478,479,480,-1,480,479,481,-1,480,481,482,-1,482,481,483,-1,482,483,484,-1,484,483,485,-1,484,485,486,-1,486,485,487,-1,486,487,488,-1,488,487,489,-1,488,489,490,-1,490,489,491,-1,490,491,492,-1,492,491,493,-1,492,493,494,-1,494,493,495,-1,494,495,496,-1,496,495,497,-1,496,497,498,-1,498,497,499,-1,498,499,500,-1,500,499,501,-1,500,501,502,-1,502,501,503,-1,502,503,504,-1,504,503,505,-1,504,505,506,-1,506,505,507,-1,506,507,460,-1,460,507,461,-1,461,508,463,-1,463,508,509,-1,463,509,465,-1,465,509,510,-1,465,510,467,-1,467,510,511,-1,467,511,469,-1,469,511,512,-1,469,512,471,-1,471,512,513,-1,471,513,473,-1,473,513,514,-1,473,514,475,-1,475,514,515,-1,475,515,477,-1,477,515,516,-1,477,516,479,-1,479,516,517,-1,479,517,481,-1,481,517,518,-1,481,518,483,-1,483,518,519,-1,483,519,485,-1,485,519,520,-1,485,520,487,-1,487,520,521,-1,487,521,489,-1,489,521,522,-1,489,522,491,-1,491,522,523,-1,491,523,493,-1,493,523,524,-1,493,524,495,-1,495,524,525,-1,495,525,497,-1,497,525,526,-1,497,526,499,-1,499,526,527,-1,499,527,501,-1,501,527,528,-1,501,528,503,-1,503,528,529,-1,503,529,505,-1,505,529,530,-1,505,530,507,-1,507,530,531,-1,507,531,461,-1,461,531,508,-1,508,532,509,-1,509,532,533,-1,509,533,510,-1,510,533,534,-1,510,534,511,-1,511,534,535,-1,511,535,512,-1,512,535,536,-1,512,536,513,-1,513,536,537,-1,513,537,514,-1,514,537,538,-1,514,538,515,-1,515,538,539,-1,515,539,516,-1,516,539,540,-1,516,540,517,-1,517,540,541,-1,517,541,518,-1,518,541,542,-1,518,542,519,-1,519,542,543,-1,519,543,520,-1,520,543,544,-1,520,544,521,-1,521,544,545,-1,521,545,522,-1,522,545,546,-1,522,546,523,-1,523,546,547,-1,523,547,524,-1,524,547,548,-1,524,548,525,-1,525,548,549,-1,525,549,526,-1,526,549,550,-1,526,550,527,-1,527,550,551,-1,527,551,528,-1,528,551,552,-1,528,552,529,-1,529,552,553,-1,529,553,530,-1,530,553,554,-1,530,554,531,-1,531,554,555,-1,531,555,508,-1,508,555,532,-1,532,556,533,-1,533,556,557,-1,533,557,534,-1,534,557,558,-1,534,558,535,-1,535,558,559,-1,535,559,536,-1,536,559,560,-1,536,560,537,-1,537,560,561,-1,537,561,538,-1,538,561,562,-1,538,562,539,-1,539,562,563,-1,539,563,540,-1,540,563,564,-1,540,564,541,-1,541,564,565,-1,541,565,542,-1,542,565,566,-1,542,566,543,-1,543,566,567,-1,543,567,544,-1,544,567,568,-1,544,568,545,-1,545,568,569,-1,545,569,546,-1,546,569,570,-1,546,570,547,-1,547,570,571,-1,547,571,548,-1,548,571,572,-1,548,572,549,-1,549,572,573,-1,549,573,550,-1,550,573,574,-1,550,574,551,-1,551,574,575,-1,551,575,552,-1,552,575,576,-1,552,576,553,-1,553,576,577,-1,553,577,554,-1,554,577,578,-1,554,578,555,-1,555,578,579,-1,555,579,532,-1,532,579,556,-1,556,454,557,-1,557,454,455,-1,557,455,558,-1,558,455,456,-1,558,456,559,-1,559,456,457,-1,559,457,560,-1,560,457,458,-1,560,458,561,-1,561,458,459,-1,561,459,562,-1,562,459,436,-1,562,436,563,-1,563,436,437,-1,563,437,564,-1,564,437,438,-1,564,438,565,-1,565,438,439,-1,565,439,566,-1,566,439,440,-1,566,440,567,-1,567,440,441,-1,567,441,568,-1,568,441,442,-1,568,442,569,-1,569,442,443,-1,569,443,570,-1,570,443,444,-1,570,444,571,-1,571,444,445,-1,571,445,572,-1,572,445,446,-1,572,446,573,-1,573,446,447,-1,573,447,574,-1,574,447,448,-1,574,448,575,-1,575,448,449,-1,575,449,576,-1,576,449,450,-1,576,450,577,-1,577,450,451,-1,577,451,578,-1,578,451,452,-1,578,452,579,-1,579,452,453,-1,579,453,556,-1,556,453,454,-1,580,462,581,-1,581,462,464,-1,581,464,582,-1,582,464,466,-1,582,466,583,-1,583,466,468,-1,583,468,584,-1,584,468,470,-1,584,470,585,-1,585,470,472,-1,585,472,586,-1,586,472,474,-1,586,474,587,-1,587,474,476,-1,587,476,588,-1,588,476,478,-1,588,478,589,-1,589,478,480,-1,589,480,590,-1,590,480,482,-1,590,482,591,-1,591,482,484,-1,591,484,592,-1,592,484,486,-1,592,486,593,-1,593,486,488,-1,593,488,594,-1,594,488,490,-1,594,490,595,-1,595,490,492,-1,595,492,596,-1,596,492,494,-1,596,494,597,-1,597,494,496,-1,597,496,598,-1,598,496,498,-1,598,498,599,-1,599,498,500,-1,599,500,600,-1,600,500,502,-1,600,502,601,-1,601,502,504,-1,601,504,602,-1,602,504,506,-1,602,506,603,-1,603,506,460,-1,603,460,580,-1,580,460,462,-1,604,605,606,-1,606,605,607,-1,606,607,608,-1,608,607,609,-1,608,609,610,-1,610,609,611,-1,610,611,612,-1,612,611,613,-1,612,613,614,-1,614,613,615,-1,614,615,616,-1,616,615,617,-1,616,617,618,-1,618,617,619,-1,618,619,620,-1,620,619,621,-1,620,621,622,-1,622,621,623,-1,622,623,624,-1,624,623,625,-1,624,625,626,-1,626,625,627,-1,626,627,628,-1,628,627,629,-1,628,629,630,-1,630,629,631,-1,630,631,632,-1,632,631,633,-1,632,633,634,-1,634,633,635,-1,634,635,636,-1,636,635,637,-1,636,637,638,-1,638,637,639,-1,638,639,640,-1,640,639,641,-1,640,641,642,-1,642,641,643,-1,642,643,644,-1,644,643,645,-1,644,645,646,-1,646,645,647,-1,646,647,648,-1,648,647,649,-1,648,649,650,-1,650,649,651,-1,650,651,604,-1,604,651,605,-1,605,652,607,-1,607,652,653,-1,607,653,609,-1,609,653,654,-1,609,654,611,-1,611,654,655,-1,611,655,613,-1,613,655,656,-1,613,656,615,-1,615,656,657,-1,615,657,617,-1,617,657,658,-1,617,658,619,-1,619,658,659,-1,619,659,621,-1,621,659,660,-1,621,660,623,-1,623,660,661,-1,623,661,625,-1,625,661,662,-1,625,662,627,-1,627,662,663,-1,627,663,629,-1,629,663,664,-1,629,664,631,-1,631,664,665,-1,631,665,633,-1,633,665,666,-1,633,666,635,-1,635,666,667,-1,635,667,637,-1,637,667,668,-1,637,668,639,-1,639,668,669,-1,639,669,641,-1,641,669,670,-1,641,670,643,-1,643,670,671,-1,643,671,645,-1,645,671,672,-1,645,672,647,-1,647,672,673,-1,647,673,649,-1,649,673,674,-1,649,674,651,-1,651,674,675,-1,651,675,605,-1,605,675,652,-1,652,676,653,-1,653,676,677,-1,653,677,654,-1,654,677,678,-1,654,678,655,-1,655,678,679,-1,655,679,656,-1,656,679,680,-1,656,680,657,-1,657,680,681,-1,657,681,658,-1,658,681,682,-1,658,682,659,-1,659,682,683,-1,659,683,660,-1,660,683,684,-1,660,684,661,-1,661,684,685,-1,661,685,662,-1,662,685,686,-1,662,686,663,-1,663,686,687,-1,663,687,664,-1,664,687,688,-1,664,688,665,-1,665,688,689,-1,665,689,666,-1,666,689,690,-1,666,690,667,-1,667,690,691,-1,667,691,668,-1,668,691,692,-1,668,692,669,-1,669,692,693,-1,669,693,670,-1,670,693,694,-1,670,694,671,-1,671,694,695,-1,671,695,672,-1,672,695,696,-1,672,696,673,-1,673,696,697,-1,673,697,674,-1,674,697,698,-1,674,698,675,-1,675,698,699,-1,675,699,652,-1,652,699,676,-1,676,700,677,-1,677,700,701,-1,677,701,678,-1,678,701,702,-1,678,702,679,-1,679,702,703,-1,679,703,680,-1,680,703,704,-1,680,704,681,-1,681,704,705,-1,681,705,682,-1,682,705,706,-1,682,706,683,-1,683,706,707,-1,683,707,684,-1,684,707,708,-1,684,708,685,-1,685,708,709,-1,685,709,686,-1,686,709,710,-1,686,710,687,-1,687,710,711,-1,687,711,688,-1,688,711,712,-1,688,712,689,-1,689,712,713,-1,689,713,690,-1,690,713,714,-1,690,714,691,-1,691,714,715,-1,691,715,692,-1,692,715,716,-1,692,716,693,-1,693,716,717,-1,693,717,694,-1,694,717,718,-1,694,718,695,-1,695,718,719,-1,695,719,696,-1,696,719,720,-1,696,720,697,-1,697,720,721,-1,697,721,698,-1,698,721,722,-1,698,722,699,-1,699,722,723,-1,699,723,676,-1,676,723,700,-1,700,724,701,-1,701,724,725,-1,701,725,702,-1,702,725,726,-1,702,726,703,-1,703,726,727,-1,703,727,704,-1,704,727,728,-1,704,728,705,-1,705,728,729,-1,705,729,706,-1,706,729,730,-1,706,730,707,-1,707,730,731,-1,707,731,708,-1,708,731,732,-1,708,732,709,-1,709,732,733,-1,709,733,710,-1,710,733,734,-1,710,734,711,-1,711,734,735,-1,711,735,712,-1,712,735,736,-1,712,736,713,-1,713,736,737,-1,713,737,714,-1,714,737,738,-1,714,738,715,-1,715,738,739,-1,715,739,716,-1,716,739,740,-1,716,740,717,-1,717,740,741,-1,717,741,718,-1,718,741,742,-1,718,742,719,-1,719,742,743,-1,719,743,720,-1,720,743,744,-1,720,744,721,-1,721,744,745,-1,721,745,722,-1,722,745,746,-1,722,746,723,-1,723,746,747,-1,723,747,700,-1,700,747,724,-1,724,748,725,-1,725,748,749,-1,725,749,726,-1,726,749,750,-1,726,750,727,-1,727,750,751,-1,727,751,728,-1,728,751,752,-1,728,752,729,-1,729,752,753,-1,729,753,730,-1,730,753,754,-1,730,754,731,-1,731,754,755,-1,731,755,732,-1,732,755,756,-1,732,756,733,-1,733,756,757,-1,733,757,734,-1,734,757,758,-1,734,758,735,-1,735,758,759,-1,735,759,736,-1,736,759,760,-1,736,760,737,-1,737,760,761,-1,737,761,738,-1,738,761,762,-1,738,762,739,-1,739,762,763,-1,739,763,740,-1,740,763,764,-1,740,764,741,-1,741,764,765,-1,741,765,742,-1,742,765,766,-1,742,766,743,-1,743,766,767,-1,743,767,744,-1,744,767,768,-1,744,768,745,-1,745,768,769,-1,745,769,746,-1,746,769,770,-1,746,770,747,-1,747,770,771,-1,747,771,724,-1,724,771,748,-1,748,580,749,-1,749,580,581,-1,749,581,750,-1,750,581,582,-1,750,582,751,-1,751,582,583,-1,751,583,752,-1,752,583,584,-1,752,584,753,-1,753,584,585,-1,753,585,754,-1,754,585,586,-1,754,586,755,-1,755,586,587,-1,755,587,756,-1,756,587,588,-1,756,588,757,-1,757,588,589,-1,757,589,758,-1,758,589,590,-1,758,590,759,-1,759,590,591,-1,759,591,760,-1,760,591,592,-1,760,592,761,-1,761,592,593,-1,761,593,762,-1,762,593,594,-1,762,594,763,-1,763,594,595,-1,763,595,764,-1,764,595,596,-1,764,596,765,-1,765,596,597,-1,765,597,766,-1,766,597,598,-1,766,598,767,-1,767,598,599,-1,767,599,768,-1,768,599,600,-1,768,600,769,-1,769,600,601,-1,769,601,770,-1,770,601,602,-1,770,602,771,-1,771,602,603,-1,771,603,748,-1,748,603,580,-1,427,642,422,-1,422,642,644,-1,422,644,423,-1,423,644,646,-1,423,646,424,-1,424,646,648,-1,424,648,419,-1,419,648,650,-1,419,650,420,-1,420,650,604,-1,420,604,421,-1,421,604,606,-1,421,606,416,-1,416,606,608,-1,416,608,417,-1,417,608,610,-1,417,610,418,-1,418,610,612,-1,418,612,411,-1,411,612,614,-1,411,614,412,-1,412,614,616,-1,412,616,414,-1,414,616,618,-1,414,618,415,-1,415,618,620,-1,415,620,434,-1,434,620,622,-1,434,622,435,-1,435,622,624,-1,435,624,431,-1,431,624,626,-1,431,626,432,-1,432,626,628,-1,432,628,433,-1,433,628,630,-1,433,630,428,-1,428,630,632,-1,428,632,429,-1,429,632,634,-1,429,634,430,-1,430,634,636,-1,430,636,425,-1,425,636,638,-1,425,638,426,-1,426,638,640,-1,426,640,427,-1,427,640,642,-1,3088,3089,3090,-1,3090,3089,3091,-1,3090,3091,3092,-1,3093,3094,3090,-1,3090,3094,3095,-1,3090,3095,3088,-1,3096,3097,3090,-1,3090,3097,3098,-1,3090,3098,3093,-1,3099,3100,3090,-1,3090,3100,3101,-1,3090,3101,3096,-1,3102,3103,3090,-1,3090,3103,3104,-1,3090,3104,3099,-1,3105,3106,3090,-1,3090,3106,3107,-1,3090,3107,3102,-1,3108,3109,3090,-1,3090,3109,3110,-1,3090,3110,3105,-1,3092,3111,3090,-1,3090,3111,3112,-1,3090,3112,3108,-1,3113,3114,3115,-1,3115,3114,3116,-1,3115,3116,3117,-1,3118,3119,3115,-1,3115,3119,3120,-1,3115,3120,3113,-1,3121,3122,3115,-1,3115,3122,3123,-1,3115,3123,3118,-1,3124,3125,3115,-1,3115,3125,3126,-1,3115,3126,3121,-1,3127,3128,3115,-1,3115,3128,3129,-1,3115,3129,3124,-1,3130,3131,3115,-1,3115,3131,3132,-1,3115,3132,3127,-1,3133,3134,3115,-1,3115,3134,3135,-1,3115,3135,3130,-1,3117,3136,3115,-1,3115,3136,3137,-1,3115,3137,3133,-1,3138,3089,3139,-1,3139,3089,3088,-1,3139,3088,3140,-1,3140,3088,3095,-1,3140,3095,3141,-1,3141,3095,3094,-1,3141,3094,3142,-1,3142,3094,3093,-1,3142,3093,3143,-1,3143,3093,3098,-1,3143,3098,3144,-1,3144,3098,3097,-1,3144,3097,3145,-1,3145,3097,3096,-1,3145,3096,3146,-1,3146,3096,3101,-1,3146,3101,3147,-1,3147,3101,3100,-1,3147,3100,3148,-1,3148,3100,3099,-1,3148,3099,3149,-1,3149,3099,3104,-1,3149,3104,3150,-1,3150,3104,3103,-1,3150,3103,3151,-1,3151,3103,3102,-1,3151,3102,3152,-1,3152,3102,3107,-1,3152,3107,3153,-1,3153,3107,3106,-1,3153,3106,3154,-1,3154,3106,3105,-1,3154,3105,3155,-1,3155,3105,3110,-1,3155,3110,3156,-1,3156,3110,3109,-1,3156,3109,3157,-1,3157,3109,3108,-1,3157,3108,3158,-1,3158,3108,3112,-1,3158,3112,3159,-1,3159,3112,3111,-1,3159,3111,3160,-1,3160,3111,3092,-1,3160,3092,3161,-1,3161,3092,3091,-1,3161,3091,3138,-1,3138,3091,3089,-1,3144,3162,3143,-1,3143,3162,3163,-1,3143,3163,3142,-1,3142,3163,3164,-1,3142,3164,3141,-1,3141,3164,3165,-1,3141,3165,3140,-1,3140,3165,3166,-1,3140,3166,3139,-1,3139,3166,3167,-1,3139,3167,3138,-1,3138,3167,3168,-1,3138,3168,3161,-1,3161,3168,3169,-1,3161,3169,3160,-1,3160,3169,3170,-1,3160,3170,3159,-1,3159,3170,3171,-1,3159,3171,3158,-1,3158,3171,3172,-1,3158,3172,3157,-1,3157,3172,3173,-1,3157,3173,3156,-1,3156,3173,3174,-1,3156,3174,3155,-1,3155,3174,3175,-1,3155,3175,3154,-1,3154,3175,3176,-1,3154,3176,3153,-1,3153,3176,3177,-1,3153,3177,3152,-1,3152,3177,3178,-1,3152,3178,3151,-1,3151,3178,3179,-1,3151,3179,3150,-1,3150,3179,3180,-1,3150,3180,3149,-1,3149,3180,3181,-1,3149,3181,3148,-1,3148,3181,3182,-1,3148,3182,3147,-1,3147,3182,3183,-1,3147,3183,3146,-1,3146,3183,3184,-1,3146,3184,3145,-1,3145,3184,3185,-1,3145,3185,3144,-1,3144,3185,3162,-1,3162,3186,3163,-1,3163,3186,3187,-1,3163,3187,3164,-1,3164,3187,3188,-1,3164,3188,3165,-1,3165,3188,3189,-1,3165,3189,3166,-1,3166,3189,3190,-1,3166,3190,3167,-1,3167,3190,3191,-1,3167,3191,3168,-1,3168,3191,3192,-1,3168,3192,3169,-1,3169,3192,3193,-1,3169,3193,3170,-1,3170,3193,3194,-1,3170,3194,3171,-1,3171,3194,3195,-1,3171,3195,3172,-1,3172,3195,3196,-1,3172,3196,3173,-1,3173,3196,3197,-1,3173,3197,3174,-1,3174,3197,3198,-1,3174,3198,3175,-1,3175,3198,3199,-1,3175,3199,3176,-1,3176,3199,3200,-1,3176,3200,3177,-1,3177,3200,3201,-1,3177,3201,3178,-1,3178,3201,3202,-1,3178,3202,3179,-1,3179,3202,3203,-1,3179,3203,3180,-1,3180,3203,3204,-1,3180,3204,3181,-1,3181,3204,3205,-1,3181,3205,3182,-1,3182,3205,3206,-1,3182,3206,3183,-1,3183,3206,3207,-1,3183,3207,3184,-1,3184,3207,3208,-1,3184,3208,3185,-1,3185,3208,3209,-1,3185,3209,3162,-1,3162,3209,3186,-1,3186,3210,3187,-1,3187,3210,3211,-1,3187,3211,3188,-1,3188,3211,3212,-1,3188,3212,3189,-1,3189,3212,3213,-1,3189,3213,3190,-1,3190,3213,3214,-1,3190,3214,3191,-1,3191,3214,3215,-1,3191,3215,3192,-1,3192,3215,3216,-1,3192,3216,3193,-1,3193,3216,3217,-1,3193,3217,3194,-1,3194,3217,3218,-1,3194,3218,3195,-1,3195,3218,3219,-1,3195,3219,3196,-1,3196,3219,3220,-1,3196,3220,3197,-1,3197,3220,3221,-1,3197,3221,3198,-1,3198,3221,3222,-1,3198,3222,3199,-1,3199,3222,3223,-1,3199,3223,3200,-1,3200,3223,3224,-1,3200,3224,3201,-1,3201,3224,3225,-1,3201,3225,3202,-1,3202,3225,3226,-1,3202,3226,3203,-1,3203,3226,3227,-1,3203,3227,3204,-1,3204,3227,3228,-1,3204,3228,3205,-1,3205,3228,3229,-1,3205,3229,3206,-1,3206,3229,3230,-1,3206,3230,3207,-1,3207,3230,3231,-1,3207,3231,3208,-1,3208,3231,3232,-1,3208,3232,3209,-1,3209,3232,3233,-1,3209,3233,3186,-1,3186,3233,3210,-1,3210,3234,3211,-1,3211,3234,3235,-1,3211,3235,3212,-1,3212,3235,3236,-1,3212,3236,3213,-1,3213,3236,3237,-1,3213,3237,3214,-1,3214,3237,3238,-1,3214,3238,3215,-1,3215,3238,3239,-1,3215,3239,3216,-1,3216,3239,3240,-1,3216,3240,3217,-1,3217,3240,3241,-1,3217,3241,3218,-1,3218,3241,3242,-1,3218,3242,3219,-1,3219,3242,3243,-1,3219,3243,3220,-1,3220,3243,3244,-1,3220,3244,3221,-1,3221,3244,3245,-1,3221,3245,3222,-1,3222,3245,3246,-1,3222,3246,3223,-1,3223,3246,3247,-1,3223,3247,3224,-1,3224,3247,3248,-1,3224,3248,3225,-1,3225,3248,3249,-1,3225,3249,3226,-1,3226,3249,3250,-1,3226,3250,3227,-1,3227,3250,3251,-1,3227,3251,3228,-1,3228,3251,3252,-1,3228,3252,3229,-1,3229,3252,3253,-1,3229,3253,3230,-1,3230,3253,3254,-1,3230,3254,3231,-1,3231,3254,3255,-1,3231,3255,3232,-1,3232,3255,3256,-1,3232,3256,3233,-1,3233,3256,3257,-1,3233,3257,3210,-1,3210,3257,3234,-1,3234,3258,3235,-1,3235,3258,3259,-1,3235,3259,3236,-1,3236,3259,3260,-1,3236,3260,3237,-1,3237,3260,3261,-1,3237,3261,3238,-1,3238,3261,3262,-1,3238,3262,3239,-1,3239,3262,3263,-1,3239,3263,3240,-1,3240,3263,3264,-1,3240,3264,3241,-1,3241,3264,3265,-1,3241,3265,3242,-1,3242,3265,3266,-1,3242,3266,3243,-1,3243,3266,3267,-1,3243,3267,3244,-1,3244,3267,3268,-1,3244,3268,3245,-1,3245,3268,3269,-1,3245,3269,3246,-1,3246,3269,3270,-1,3246,3270,3247,-1,3247,3270,3271,-1,3247,3271,3248,-1,3248,3271,3272,-1,3248,3272,3249,-1,3249,3272,3273,-1,3249,3273,3250,-1,3250,3273,3274,-1,3250,3274,3251,-1,3251,3274,3275,-1,3251,3275,3252,-1,3252,3275,3276,-1,3252,3276,3253,-1,3253,3276,3277,-1,3253,3277,3254,-1,3254,3277,3278,-1,3254,3278,3255,-1,3255,3278,3279,-1,3255,3279,3256,-1,3256,3279,3280,-1,3256,3280,3257,-1,3257,3280,3281,-1,3257,3281,3234,-1,3234,3281,3258,-1,3282,3281,3283,-1,3283,3281,3280,-1,3283,3280,3284,-1,3284,3280,3279,-1,3284,3279,3285,-1,3285,3279,3278,-1,3285,3278,3286,-1,3286,3278,3277,-1,3286,3277,3287,-1,3287,3277,3276,-1,3287,3276,3288,-1,3288,3276,3275,-1,3288,3275,3289,-1,3289,3275,3274,-1,3289,3274,3290,-1,3290,3274,3273,-1,3290,3273,3291,-1,3291,3273,3272,-1,3291,3272,3292,-1,3292,3272,3271,-1,3292,3271,3293,-1,3293,3271,3270,-1,3293,3270,3294,-1,3294,3270,3269,-1,3294,3269,3295,-1,3295,3269,3268,-1,3295,3268,3296,-1,3296,3268,3267,-1,3296,3267,3297,-1,3297,3267,3266,-1,3297,3266,3298,-1,3298,3266,3265,-1,3298,3265,3299,-1,3299,3265,3264,-1,3299,3264,3300,-1,3300,3264,3263,-1,3300,3263,3301,-1,3301,3263,3262,-1,3301,3262,3302,-1,3302,3262,3261,-1,3302,3261,3303,-1,3303,3261,3260,-1,3303,3260,3304,-1,3304,3260,3259,-1,3304,3259,3305,-1,3305,3259,3258,-1,3305,3258,3282,-1,3282,3258,3281,-1,3282,3306,3305,-1,3305,3306,3307,-1,3305,3307,3304,-1,3304,3307,3308,-1,3304,3308,3303,-1,3303,3308,3309,-1,3303,3309,3302,-1,3302,3309,3310,-1,3302,3310,3301,-1,3301,3310,3311,-1,3301,3311,3300,-1,3300,3311,3312,-1,3300,3312,3299,-1,3299,3312,3313,-1,3299,3313,3298,-1,3298,3313,3314,-1,3298,3314,3297,-1,3297,3314,3315,-1,3297,3315,3296,-1,3296,3315,3316,-1,3296,3316,3295,-1,3295,3316,3317,-1,3295,3317,3294,-1,3294,3317,3318,-1,3294,3318,3293,-1,3293,3318,3319,-1,3293,3319,3292,-1,3292,3319,3320,-1,3292,3320,3291,-1,3291,3320,3321,-1,3291,3321,3290,-1,3290,3321,3322,-1,3290,3322,3289,-1,3289,3322,3323,-1,3289,3323,3288,-1,3288,3323,3324,-1,3288,3324,3287,-1,3287,3324,3325,-1,3287,3325,3286,-1,3286,3325,3326,-1,3286,3326,3285,-1,3285,3326,3327,-1,3285,3327,3284,-1,3284,3327,3328,-1,3284,3328,3283,-1,3283,3328,3329,-1,3283,3329,3282,-1,3282,3329,3306,-1,3306,3330,3307,-1,3307,3330,3331,-1,3307,3331,3308,-1,3308,3331,3332,-1,3308,3332,3309,-1,3309,3332,3333,-1,3309,3333,3310,-1,3310,3333,3334,-1,3310,3334,3311,-1,3311,3334,3335,-1,3311,3335,3312,-1,3312,3335,3336,-1,3312,3336,3313,-1,3313,3336,3337,-1,3313,3337,3314,-1,3314,3337,3338,-1,3314,3338,3315,-1,3315,3338,3339,-1,3315,3339,3316,-1,3316,3339,3340,-1,3316,3340,3317,-1,3317,3340,3341,-1,3317,3341,3318,-1,3318,3341,3342,-1,3318,3342,3319,-1,3319,3342,3343,-1,3319,3343,3320,-1,3320,3343,3344,-1,3320,3344,3321,-1,3321,3344,3345,-1,3321,3345,3322,-1,3322,3345,3346,-1,3322,3346,3323,-1,3323,3346,3347,-1,3323,3347,3324,-1,3324,3347,3348,-1,3324,3348,3325,-1,3325,3348,3349,-1,3325,3349,3326,-1,3326,3349,3350,-1,3326,3350,3327,-1,3327,3350,3351,-1,3327,3351,3328,-1,3328,3351,3352,-1,3328,3352,3329,-1,3329,3352,3353,-1,3329,3353,3306,-1,3306,3353,3330,-1,3330,3354,3331,-1,3331,3354,3355,-1,3331,3355,3332,-1,3332,3355,3356,-1,3332,3356,3333,-1,3333,3356,3357,-1,3333,3357,3334,-1,3334,3357,3358,-1,3334,3358,3335,-1,3335,3358,3359,-1,3335,3359,3336,-1,3336,3359,3360,-1,3336,3360,3337,-1,3337,3360,3361,-1,3337,3361,3338,-1,3338,3361,3362,-1,3338,3362,3339,-1,3339,3362,3363,-1,3339,3363,3340,-1,3340,3363,3364,-1,3340,3364,3341,-1,3341,3364,3365,-1,3341,3365,3342,-1,3342,3365,3366,-1,3342,3366,3343,-1,3343,3366,3367,-1,3343,3367,3344,-1,3344,3367,3368,-1,3344,3368,3345,-1,3345,3368,3369,-1,3345,3369,3346,-1,3346,3369,3370,-1,3346,3370,3347,-1,3347,3370,3371,-1,3347,3371,3348,-1,3348,3371,3372,-1,3348,3372,3349,-1,3349,3372,3373,-1,3349,3373,3350,-1,3350,3373,3374,-1,3350,3374,3351,-1,3351,3374,3375,-1,3351,3375,3352,-1,3352,3375,3376,-1,3352,3376,3353,-1,3353,3376,3377,-1,3353,3377,3330,-1,3330,3377,3354,-1,3354,3378,3355,-1,3355,3378,3379,-1,3355,3379,3356,-1,3356,3379,3380,-1,3356,3380,3357,-1,3357,3380,3381,-1,3357,3381,3358,-1,3358,3381,3382,-1,3358,3382,3359,-1,3359,3382,3383,-1,3359,3383,3360,-1,3360,3383,3384,-1,3360,3384,3361,-1,3361,3384,3385,-1,3361,3385,3362,-1,3362,3385,3386,-1,3362,3386,3363,-1,3363,3386,3387,-1,3363,3387,3364,-1,3364,3387,3388,-1,3364,3388,3365,-1,3365,3388,3389,-1,3365,3389,3366,-1,3366,3389,3390,-1,3366,3390,3367,-1,3367,3390,3391,-1,3367,3391,3368,-1,3368,3391,3392,-1,3368,3392,3369,-1,3369,3392,3393,-1,3369,3393,3370,-1,3370,3393,3394,-1,3370,3394,3371,-1,3371,3394,3395,-1,3371,3395,3372,-1,3372,3395,3396,-1,3372,3396,3373,-1,3373,3396,3397,-1,3373,3397,3374,-1,3374,3397,3398,-1,3374,3398,3375,-1,3375,3398,3399,-1,3375,3399,3376,-1,3376,3399,3400,-1,3376,3400,3377,-1,3377,3400,3401,-1,3377,3401,3354,-1,3354,3401,3378,-1,3378,3402,3379,-1,3379,3402,3403,-1,3379,3403,3380,-1,3380,3403,3404,-1,3380,3404,3381,-1,3381,3404,3405,-1,3381,3405,3382,-1,3382,3405,3406,-1,3382,3406,3383,-1,3383,3406,3407,-1,3383,3407,3384,-1,3384,3407,3408,-1,3384,3408,3385,-1,3385,3408,3409,-1,3385,3409,3386,-1,3386,3409,3410,-1,3386,3410,3387,-1,3387,3410,3411,-1,3387,3411,3388,-1,3388,3411,3412,-1,3388,3412,3389,-1,3389,3412,3413,-1,3389,3413,3390,-1,3390,3413,3414,-1,3390,3414,3391,-1,3391,3414,3415,-1,3391,3415,3392,-1,3392,3415,3416,-1,3392,3416,3393,-1,3393,3416,3417,-1,3393,3417,3394,-1,3394,3417,3418,-1,3394,3418,3395,-1,3395,3418,3419,-1,3395,3419,3396,-1,3396,3419,3420,-1,3396,3420,3397,-1,3397,3420,3421,-1,3397,3421,3398,-1,3398,3421,3422,-1,3398,3422,3399,-1,3399,3422,3423,-1,3399,3423,3400,-1,3400,3423,3424,-1,3400,3424,3401,-1,3401,3424,3425,-1,3401,3425,3378,-1,3378,3425,3402,-1,3402,3426,3403,-1,3403,3426,3427,-1,3403,3427,3404,-1,3404,3427,3428,-1,3404,3428,3405,-1,3405,3428,3429,-1,3405,3429,3406,-1,3406,3429,3430,-1,3406,3430,3407,-1,3407,3430,3431,-1,3407,3431,3408,-1,3408,3431,3432,-1,3408,3432,3409,-1,3409,3432,3433,-1,3409,3433,3410,-1,3410,3433,3434,-1,3410,3434,3411,-1,3411,3434,3435,-1,3411,3435,3412,-1,3412,3435,3436,-1,3412,3436,3413,-1,3413,3436,3437,-1,3413,3437,3414,-1,3414,3437,3438,-1,3414,3438,3415,-1,3415,3438,3439,-1,3415,3439,3416,-1,3416,3439,3440,-1,3416,3440,3417,-1,3417,3440,3441,-1,3417,3441,3418,-1,3418,3441,3442,-1,3418,3442,3419,-1,3419,3442,3443,-1,3419,3443,3420,-1,3420,3443,3444,-1,3420,3444,3421,-1,3421,3444,3445,-1,3421,3445,3422,-1,3422,3445,3446,-1,3422,3446,3423,-1,3423,3446,3447,-1,3423,3447,3424,-1,3424,3447,3448,-1,3424,3448,3425,-1,3425,3448,3449,-1,3425,3449,3402,-1,3402,3449,3426,-1,3426,3450,3427,-1,3427,3450,3451,-1,3427,3451,3428,-1,3428,3451,3452,-1,3428,3452,3429,-1,3429,3452,3453,-1,3429,3453,3430,-1,3430,3453,3454,-1,3430,3454,3431,-1,3431,3454,3455,-1,3431,3455,3432,-1,3432,3455,3456,-1,3432,3456,3433,-1,3433,3456,3457,-1,3433,3457,3434,-1,3434,3457,3458,-1,3434,3458,3435,-1,3435,3458,3459,-1,3435,3459,3436,-1,3436,3459,3460,-1,3436,3460,3437,-1,3437,3460,3461,-1,3437,3461,3438,-1,3438,3461,3462,-1,3438,3462,3439,-1,3439,3462,3463,-1,3439,3463,3440,-1,3440,3463,3464,-1,3440,3464,3441,-1,3441,3464,3465,-1,3441,3465,3442,-1,3442,3465,3466,-1,3442,3466,3443,-1,3443,3466,3467,-1,3443,3467,3444,-1,3444,3467,3468,-1,3444,3468,3445,-1,3445,3468,3469,-1,3445,3469,3446,-1,3446,3469,3470,-1,3446,3470,3447,-1,3447,3470,3471,-1,3447,3471,3448,-1,3448,3471,3472,-1,3448,3472,3449,-1,3449,3472,3473,-1,3449,3473,3426,-1,3426,3473,3450,-1,3129,3467,3124,-1,3124,3467,3466,-1,3124,3466,3125,-1,3125,3466,3465,-1,3125,3465,3126,-1,3126,3465,3464,-1,3126,3464,3121,-1,3121,3464,3463,-1,3121,3463,3122,-1,3122,3463,3462,-1,3122,3462,3123,-1,3123,3462,3461,-1,3123,3461,3118,-1,3118,3461,3460,-1,3118,3460,3119,-1,3119,3460,3459,-1,3119,3459,3120,-1,3120,3459,3458,-1,3120,3458,3113,-1,3113,3458,3457,-1,3113,3457,3114,-1,3114,3457,3456,-1,3114,3456,3116,-1,3116,3456,3455,-1,3116,3455,3117,-1,3117,3455,3454,-1,3117,3454,3136,-1,3136,3454,3453,-1,3136,3453,3137,-1,3137,3453,3452,-1,3137,3452,3133,-1,3133,3452,3451,-1,3133,3451,3134,-1,3134,3451,3450,-1,3134,3450,3135,-1,3135,3450,3473,-1,3135,3473,3130,-1,3130,3473,3472,-1,3130,3472,3131,-1,3131,3472,3471,-1,3131,3471,3132,-1,3132,3471,3470,-1,3132,3470,3127,-1,3127,3470,3469,-1,3127,3469,3128,-1,3128,3469,3468,-1,3128,3468,3129,-1,3129,3468,3467,-1,3474,3475,3476,-1,3476,3475,3477,-1,3476,3477,3478,-1,3479,3480,3476,-1,3476,3480,3481,-1,3476,3481,3474,-1,3482,3483,3476,-1,3476,3483,3484,-1,3476,3484,3479,-1,3485,3486,3476,-1,3476,3486,3487,-1,3476,3487,3482,-1,3488,3489,3476,-1,3476,3489,3490,-1,3476,3490,3485,-1,3491,3492,3476,-1,3476,3492,3493,-1,3476,3493,3488,-1,3494,3495,3476,-1,3476,3495,3496,-1,3476,3496,3491,-1,3478,3497,3476,-1,3476,3497,3498,-1,3476,3498,3494,-1,3499,3500,3501,-1,3501,3500,3502,-1,3501,3502,3503,-1,3504,3505,3501,-1,3501,3505,3506,-1,3501,3506,3499,-1,3507,3508,3501,-1,3501,3508,3509,-1,3501,3509,3504,-1,3510,3511,3501,-1,3501,3511,3512,-1,3501,3512,3507,-1,3513,3514,3501,-1,3501,3514,3515,-1,3501,3515,3510,-1,3516,3517,3501,-1,3501,3517,3518,-1,3501,3518,3513,-1,3519,3520,3501,-1,3501,3520,3521,-1,3501,3521,3516,-1,3503,3522,3501,-1,3501,3522,3523,-1,3501,3523,3519,-1,3524,3475,3525,-1,3525,3475,3474,-1,3525,3474,3526,-1,3526,3474,3481,-1,3526,3481,3527,-1,3527,3481,3480,-1,3527,3480,3528,-1,3528,3480,3479,-1,3528,3479,3529,-1,3529,3479,3484,-1,3529,3484,3530,-1,3530,3484,3483,-1,3530,3483,3531,-1,3531,3483,3482,-1,3531,3482,3532,-1,3532,3482,3487,-1,3532,3487,3533,-1,3533,3487,3486,-1,3533,3486,3534,-1,3534,3486,3485,-1,3534,3485,3535,-1,3535,3485,3490,-1,3535,3490,3536,-1,3536,3490,3489,-1,3536,3489,3537,-1,3537,3489,3488,-1,3537,3488,3538,-1,3538,3488,3493,-1,3538,3493,3539,-1,3539,3493,3492,-1,3539,3492,3540,-1,3540,3492,3491,-1,3540,3491,3541,-1,3541,3491,3496,-1,3541,3496,3542,-1,3542,3496,3495,-1,3542,3495,3543,-1,3543,3495,3494,-1,3543,3494,3544,-1,3544,3494,3498,-1,3544,3498,3545,-1,3545,3498,3497,-1,3545,3497,3546,-1,3546,3497,3478,-1,3546,3478,3547,-1,3547,3478,3477,-1,3547,3477,3524,-1,3524,3477,3475,-1,3530,3548,3529,-1,3529,3548,3549,-1,3529,3549,3528,-1,3528,3549,3550,-1,3528,3550,3527,-1,3527,3550,3551,-1,3527,3551,3526,-1,3526,3551,3552,-1,3526,3552,3525,-1,3525,3552,3553,-1,3525,3553,3524,-1,3524,3553,3554,-1,3524,3554,3547,-1,3547,3554,3555,-1,3547,3555,3546,-1,3546,3555,3556,-1,3546,3556,3545,-1,3545,3556,3557,-1,3545,3557,3544,-1,3544,3557,3558,-1,3544,3558,3543,-1,3543,3558,3559,-1,3543,3559,3542,-1,3542,3559,3560,-1,3542,3560,3541,-1,3541,3560,3561,-1,3541,3561,3540,-1,3540,3561,3562,-1,3540,3562,3539,-1,3539,3562,3563,-1,3539,3563,3538,-1,3538,3563,3564,-1,3538,3564,3537,-1,3537,3564,3565,-1,3537,3565,3536,-1,3536,3565,3566,-1,3536,3566,3535,-1,3535,3566,3567,-1,3535,3567,3534,-1,3534,3567,3568,-1,3534,3568,3533,-1,3533,3568,3569,-1,3533,3569,3532,-1,3532,3569,3570,-1,3532,3570,3531,-1,3531,3570,3571,-1,3531,3571,3530,-1,3530,3571,3548,-1,3548,3572,3549,-1,3549,3572,3573,-1,3549,3573,3550,-1,3550,3573,3574,-1,3550,3574,3551,-1,3551,3574,3575,-1,3551,3575,3552,-1,3552,3575,3576,-1,3552,3576,3553,-1,3553,3576,3577,-1,3553,3577,3554,-1,3554,3577,3578,-1,3554,3578,3555,-1,3555,3578,3579,-1,3555,3579,3556,-1,3556,3579,3580,-1,3556,3580,3557,-1,3557,3580,3581,-1,3557,3581,3558,-1,3558,3581,3582,-1,3558,3582,3559,-1,3559,3582,3583,-1,3559,3583,3560,-1,3560,3583,3584,-1,3560,3584,3561,-1,3561,3584,3585,-1,3561,3585,3562,-1,3562,3585,3586,-1,3562,3586,3563,-1,3563,3586,3587,-1,3563,3587,3564,-1,3564,3587,3588,-1,3564,3588,3565,-1,3565,3588,3589,-1,3565,3589,3566,-1,3566,3589,3590,-1,3566,3590,3567,-1,3567,3590,3591,-1,3567,3591,3568,-1,3568,3591,3592,-1,3568,3592,3569,-1,3569,3592,3593,-1,3569,3593,3570,-1,3570,3593,3594,-1,3570,3594,3571,-1,3571,3594,3595,-1,3571,3595,3548,-1,3548,3595,3572,-1,3572,3596,3573,-1,3573,3596,3597,-1,3573,3597,3574,-1,3574,3597,3598,-1,3574,3598,3575,-1,3575,3598,3599,-1,3575,3599,3576,-1,3576,3599,3600,-1,3576,3600,3577,-1,3577,3600,3601,-1,3577,3601,3578,-1,3578,3601,3602,-1,3578,3602,3579,-1,3579,3602,3603,-1,3579,3603,3580,-1,3580,3603,3604,-1,3580,3604,3581,-1,3581,3604,3605,-1,3581,3605,3582,-1,3582,3605,3606,-1,3582,3606,3583,-1,3583,3606,3607,-1,3583,3607,3584,-1,3584,3607,3608,-1,3584,3608,3585,-1,3585,3608,3609,-1,3585,3609,3586,-1,3586,3609,3610,-1,3586,3610,3587,-1,3587,3610,3611,-1,3587,3611,3588,-1,3588,3611,3612,-1,3588,3612,3589,-1,3589,3612,3613,-1,3589,3613,3590,-1,3590,3613,3614,-1,3590,3614,3591,-1,3591,3614,3615,-1,3591,3615,3592,-1,3592,3615,3616,-1,3592,3616,3593,-1,3593,3616,3617,-1,3593,3617,3594,-1,3594,3617,3618,-1,3594,3618,3595,-1,3595,3618,3619,-1,3595,3619,3572,-1,3572,3619,3596,-1,3596,3620,3597,-1,3597,3620,3621,-1,3597,3621,3598,-1,3598,3621,3622,-1,3598,3622,3599,-1,3599,3622,3623,-1,3599,3623,3600,-1,3600,3623,3624,-1,3600,3624,3601,-1,3601,3624,3625,-1,3601,3625,3602,-1,3602,3625,3626,-1,3602,3626,3603,-1,3603,3626,3627,-1,3603,3627,3604,-1,3604,3627,3628,-1,3604,3628,3605,-1,3605,3628,3629,-1,3605,3629,3606,-1,3606,3629,3630,-1,3606,3630,3607,-1,3607,3630,3631,-1,3607,3631,3608,-1,3608,3631,3632,-1,3608,3632,3609,-1,3609,3632,3633,-1,3609,3633,3610,-1,3610,3633,3634,-1,3610,3634,3611,-1,3611,3634,3635,-1,3611,3635,3612,-1,3612,3635,3636,-1,3612,3636,3613,-1,3613,3636,3637,-1,3613,3637,3614,-1,3614,3637,3638,-1,3614,3638,3615,-1,3615,3638,3639,-1,3615,3639,3616,-1,3616,3639,3640,-1,3616,3640,3617,-1,3617,3640,3641,-1,3617,3641,3618,-1,3618,3641,3642,-1,3618,3642,3619,-1,3619,3642,3643,-1,3619,3643,3596,-1,3596,3643,3620,-1,3620,3644,3621,-1,3621,3644,3645,-1,3621,3645,3622,-1,3622,3645,3646,-1,3622,3646,3623,-1,3623,3646,3647,-1,3623,3647,3624,-1,3624,3647,3648,-1,3624,3648,3625,-1,3625,3648,3649,-1,3625,3649,3626,-1,3626,3649,3650,-1,3626,3650,3627,-1,3627,3650,3651,-1,3627,3651,3628,-1,3628,3651,3652,-1,3628,3652,3629,-1,3629,3652,3653,-1,3629,3653,3630,-1,3630,3653,3654,-1,3630,3654,3631,-1,3631,3654,3655,-1,3631,3655,3632,-1,3632,3655,3656,-1,3632,3656,3633,-1,3633,3656,3657,-1,3633,3657,3634,-1,3634,3657,3658,-1,3634,3658,3635,-1,3635,3658,3659,-1,3635,3659,3636,-1,3636,3659,3660,-1,3636,3660,3637,-1,3637,3660,3661,-1,3637,3661,3638,-1,3638,3661,3662,-1,3638,3662,3639,-1,3639,3662,3663,-1,3639,3663,3640,-1,3640,3663,3664,-1,3640,3664,3641,-1,3641,3664,3665,-1,3641,3665,3642,-1,3642,3665,3666,-1,3642,3666,3643,-1,3643,3666,3667,-1,3643,3667,3620,-1,3620,3667,3644,-1,3668,3667,3669,-1,3669,3667,3666,-1,3669,3666,3670,-1,3670,3666,3665,-1,3670,3665,3671,-1,3671,3665,3664,-1,3671,3664,3672,-1,3672,3664,3663,-1,3672,3663,3673,-1,3673,3663,3662,-1,3673,3662,3674,-1,3674,3662,3661,-1,3674,3661,3675,-1,3675,3661,3660,-1,3675,3660,3676,-1,3676,3660,3659,-1,3676,3659,3677,-1,3677,3659,3658,-1,3677,3658,3678,-1,3678,3658,3657,-1,3678,3657,3679,-1,3679,3657,3656,-1,3679,3656,3680,-1,3680,3656,3655,-1,3680,3655,3681,-1,3681,3655,3654,-1,3681,3654,3682,-1,3682,3654,3653,-1,3682,3653,3683,-1,3683,3653,3652,-1,3683,3652,3684,-1,3684,3652,3651,-1,3684,3651,3685,-1,3685,3651,3650,-1,3685,3650,3686,-1,3686,3650,3649,-1,3686,3649,3687,-1,3687,3649,3648,-1,3687,3648,3688,-1,3688,3648,3647,-1,3688,3647,3689,-1,3689,3647,3646,-1,3689,3646,3690,-1,3690,3646,3645,-1,3690,3645,3691,-1,3691,3645,3644,-1,3691,3644,3668,-1,3668,3644,3667,-1,3668,3692,3691,-1,3691,3692,3693,-1,3691,3693,3690,-1,3690,3693,3694,-1,3690,3694,3689,-1,3689,3694,3695,-1,3689,3695,3688,-1,3688,3695,3696,-1,3688,3696,3687,-1,3687,3696,3697,-1,3687,3697,3686,-1,3686,3697,3698,-1,3686,3698,3685,-1,3685,3698,3699,-1,3685,3699,3684,-1,3684,3699,3700,-1,3684,3700,3683,-1,3683,3700,3701,-1,3683,3701,3682,-1,3682,3701,3702,-1,3682,3702,3681,-1,3681,3702,3703,-1,3681,3703,3680,-1,3680,3703,3704,-1,3680,3704,3679,-1,3679,3704,3705,-1,3679,3705,3678,-1,3678,3705,3706,-1,3678,3706,3677,-1,3677,3706,3707,-1,3677,3707,3676,-1,3676,3707,3708,-1,3676,3708,3675,-1,3675,3708,3709,-1,3675,3709,3674,-1,3674,3709,3710,-1,3674,3710,3673,-1,3673,3710,3711,-1,3673,3711,3672,-1,3672,3711,3712,-1,3672,3712,3671,-1,3671,3712,3713,-1,3671,3713,3670,-1,3670,3713,3714,-1,3670,3714,3669,-1,3669,3714,3715,-1,3669,3715,3668,-1,3668,3715,3692,-1,3692,3716,3693,-1,3693,3716,3717,-1,3693,3717,3694,-1,3694,3717,3718,-1,3694,3718,3695,-1,3695,3718,3719,-1,3695,3719,3696,-1,3696,3719,3720,-1,3696,3720,3697,-1,3697,3720,3721,-1,3697,3721,3698,-1,3698,3721,3722,-1,3698,3722,3699,-1,3699,3722,3723,-1,3699,3723,3700,-1,3700,3723,3724,-1,3700,3724,3701,-1,3701,3724,3725,-1,3701,3725,3702,-1,3702,3725,3726,-1,3702,3726,3703,-1,3703,3726,3727,-1,3703,3727,3704,-1,3704,3727,3728,-1,3704,3728,3705,-1,3705,3728,3729,-1,3705,3729,3706,-1,3706,3729,3730,-1,3706,3730,3707,-1,3707,3730,3731,-1,3707,3731,3708,-1,3708,3731,3732,-1,3708,3732,3709,-1,3709,3732,3733,-1,3709,3733,3710,-1,3710,3733,3734,-1,3710,3734,3711,-1,3711,3734,3735,-1,3711,3735,3712,-1,3712,3735,3736,-1,3712,3736,3713,-1,3713,3736,3737,-1,3713,3737,3714,-1,3714,3737,3738,-1,3714,3738,3715,-1,3715,3738,3739,-1,3715,3739,3692,-1,3692,3739,3716,-1,3716,3740,3717,-1,3717,3740,3741,-1,3717,3741,3718,-1,3718,3741,3742,-1,3718,3742,3719,-1,3719,3742,3743,-1,3719,3743,3720,-1,3720,3743,3744,-1,3720,3744,3721,-1,3721,3744,3745,-1,3721,3745,3722,-1,3722,3745,3746,-1,3722,3746,3723,-1,3723,3746,3747,-1,3723,3747,3724,-1,3724,3747,3748,-1,3724,3748,3725,-1,3725,3748,3749,-1,3725,3749,3726,-1,3726,3749,3750,-1,3726,3750,3727,-1,3727,3750,3751,-1,3727,3751,3728,-1,3728,3751,3752,-1,3728,3752,3729,-1,3729,3752,3753,-1,3729,3753,3730,-1,3730,3753,3754,-1,3730,3754,3731,-1,3731,3754,3755,-1,3731,3755,3732,-1,3732,3755,3756,-1,3732,3756,3733,-1,3733,3756,3757,-1,3733,3757,3734,-1,3734,3757,3758,-1,3734,3758,3735,-1,3735,3758,3759,-1,3735,3759,3736,-1,3736,3759,3760,-1,3736,3760,3737,-1,3737,3760,3761,-1,3737,3761,3738,-1,3738,3761,3762,-1,3738,3762,3739,-1,3739,3762,3763,-1,3739,3763,3716,-1,3716,3763,3740,-1,3740,3764,3741,-1,3741,3764,3765,-1,3741,3765,3742,-1,3742,3765,3766,-1,3742,3766,3743,-1,3743,3766,3767,-1,3743,3767,3744,-1,3744,3767,3768,-1,3744,3768,3745,-1,3745,3768,3769,-1,3745,3769,3746,-1,3746,3769,3770,-1,3746,3770,3747,-1,3747,3770,3771,-1,3747,3771,3748,-1,3748,3771,3772,-1,3748,3772,3749,-1,3749,3772,3773,-1,3749,3773,3750,-1,3750,3773,3774,-1,3750,3774,3751,-1,3751,3774,3775,-1,3751,3775,3752,-1,3752,3775,3776,-1,3752,3776,3753,-1,3753,3776,3777,-1,3753,3777,3754,-1,3754,3777,3778,-1,3754,3778,3755,-1,3755,3778,3779,-1,3755,3779,3756,-1,3756,3779,3780,-1,3756,3780,3757,-1,3757,3780,3781,-1,3757,3781,3758,-1,3758,3781,3782,-1,3758,3782,3759,-1,3759,3782,3783,-1,3759,3783,3760,-1,3760,3783,3784,-1,3760,3784,3761,-1,3761,3784,3785,-1,3761,3785,3762,-1,3762,3785,3786,-1,3762,3786,3763,-1,3763,3786,3787,-1,3763,3787,3740,-1,3740,3787,3764,-1,3764,3788,3765,-1,3765,3788,3789,-1,3765,3789,3766,-1,3766,3789,3790,-1,3766,3790,3767,-1,3767,3790,3791,-1,3767,3791,3768,-1,3768,3791,3792,-1,3768,3792,3769,-1,3769,3792,3793,-1,3769,3793,3770,-1,3770,3793,3794,-1,3770,3794,3771,-1,3771,3794,3795,-1,3771,3795,3772,-1,3772,3795,3796,-1,3772,3796,3773,-1,3773,3796,3797,-1,3773,3797,3774,-1,3774,3797,3798,-1,3774,3798,3775,-1,3775,3798,3799,-1,3775,3799,3776,-1,3776,3799,3800,-1,3776,3800,3777,-1,3777,3800,3801,-1,3777,3801,3778,-1,3778,3801,3802,-1,3778,3802,3779,-1,3779,3802,3803,-1,3779,3803,3780,-1,3780,3803,3804,-1,3780,3804,3781,-1,3781,3804,3805,-1,3781,3805,3782,-1,3782,3805,3806,-1,3782,3806,3783,-1,3783,3806,3807,-1,3783,3807,3784,-1,3784,3807,3808,-1,3784,3808,3785,-1,3785,3808,3809,-1,3785,3809,3786,-1,3786,3809,3810,-1,3786,3810,3787,-1,3787,3810,3811,-1,3787,3811,3764,-1,3764,3811,3788,-1,3788,3812,3789,-1,3789,3812,3813,-1,3789,3813,3790,-1,3790,3813,3814,-1,3790,3814,3791,-1,3791,3814,3815,-1,3791,3815,3792,-1,3792,3815,3816,-1,3792,3816,3793,-1,3793,3816,3817,-1,3793,3817,3794,-1,3794,3817,3818,-1,3794,3818,3795,-1,3795,3818,3819,-1,3795,3819,3796,-1,3796,3819,3820,-1,3796,3820,3797,-1,3797,3820,3821,-1,3797,3821,3798,-1,3798,3821,3822,-1,3798,3822,3799,-1,3799,3822,3823,-1,3799,3823,3800,-1,3800,3823,3824,-1,3800,3824,3801,-1,3801,3824,3825,-1,3801,3825,3802,-1,3802,3825,3826,-1,3802,3826,3803,-1,3803,3826,3827,-1,3803,3827,3804,-1,3804,3827,3828,-1,3804,3828,3805,-1,3805,3828,3829,-1,3805,3829,3806,-1,3806,3829,3830,-1,3806,3830,3807,-1,3807,3830,3831,-1,3807,3831,3808,-1,3808,3831,3832,-1,3808,3832,3809,-1,3809,3832,3833,-1,3809,3833,3810,-1,3810,3833,3834,-1,3810,3834,3811,-1,3811,3834,3835,-1,3811,3835,3788,-1,3788,3835,3812,-1,3812,3836,3813,-1,3813,3836,3837,-1,3813,3837,3814,-1,3814,3837,3838,-1,3814,3838,3815,-1,3815,3838,3839,-1,3815,3839,3816,-1,3816,3839,3840,-1,3816,3840,3817,-1,3817,3840,3841,-1,3817,3841,3818,-1,3818,3841,3842,-1,3818,3842,3819,-1,3819,3842,3843,-1,3819,3843,3820,-1,3820,3843,3844,-1,3820,3844,3821,-1,3821,3844,3845,-1,3821,3845,3822,-1,3822,3845,3846,-1,3822,3846,3823,-1,3823,3846,3847,-1,3823,3847,3824,-1,3824,3847,3848,-1,3824,3848,3825,-1,3825,3848,3849,-1,3825,3849,3826,-1,3826,3849,3850,-1,3826,3850,3827,-1,3827,3850,3851,-1,3827,3851,3828,-1,3828,3851,3852,-1,3828,3852,3829,-1,3829,3852,3853,-1,3829,3853,3830,-1,3830,3853,3854,-1,3830,3854,3831,-1,3831,3854,3855,-1,3831,3855,3832,-1,3832,3855,3856,-1,3832,3856,3833,-1,3833,3856,3857,-1,3833,3857,3834,-1,3834,3857,3858,-1,3834,3858,3835,-1,3835,3858,3859,-1,3835,3859,3812,-1,3812,3859,3836,-1,3515,3853,3510,-1,3510,3853,3852,-1,3510,3852,3511,-1,3511,3852,3851,-1,3511,3851,3512,-1,3512,3851,3850,-1,3512,3850,3507,-1,3507,3850,3849,-1,3507,3849,3508,-1,3508,3849,3848,-1,3508,3848,3509,-1,3509,3848,3847,-1,3509,3847,3504,-1,3504,3847,3846,-1,3504,3846,3505,-1,3505,3846,3845,-1,3505,3845,3506,-1,3506,3845,3844,-1,3506,3844,3499,-1,3499,3844,3843,-1,3499,3843,3500,-1,3500,3843,3842,-1,3500,3842,3502,-1,3502,3842,3841,-1,3502,3841,3503,-1,3503,3841,3840,-1,3503,3840,3522,-1,3522,3840,3839,-1,3522,3839,3523,-1,3523,3839,3838,-1,3523,3838,3519,-1,3519,3838,3837,-1,3519,3837,3520,-1,3520,3837,3836,-1,3520,3836,3521,-1,3521,3836,3859,-1,3521,3859,3516,-1,3516,3859,3858,-1,3516,3858,3517,-1,3517,3858,3857,-1,3517,3857,3518,-1,3518,3857,3856,-1,3518,3856,3513,-1,3513,3856,3855,-1,3513,3855,3514,-1,3514,3855,3854,-1,3514,3854,3515,-1,3515,3854,3853,-1,3860,3861,3862,-1,3862,3861,3863,-1,3862,3863,3864,-1,3865,3866,3862,-1,3862,3866,3867,-1,3862,3867,3860,-1,3868,3869,3862,-1,3862,3869,3870,-1,3862,3870,3865,-1,3871,3872,3862,-1,3862,3872,3873,-1,3862,3873,3868,-1,3874,3875,3862,-1,3862,3875,3876,-1,3862,3876,3871,-1,3877,3878,3862,-1,3862,3878,3879,-1,3862,3879,3874,-1,3880,3881,3862,-1,3862,3881,3882,-1,3862,3882,3877,-1,3864,3883,3862,-1,3862,3883,3884,-1,3862,3884,3880,-1,3885,3886,3887,-1,3887,3886,3888,-1,3887,3888,3889,-1,3890,3891,3887,-1,3887,3891,3892,-1,3887,3892,3885,-1,3893,3894,3887,-1,3887,3894,3895,-1,3887,3895,3890,-1,3896,3897,3887,-1,3887,3897,3898,-1,3887,3898,3893,-1,3899,3900,3887,-1,3887,3900,3901,-1,3887,3901,3896,-1,3902,3903,3887,-1,3887,3903,3904,-1,3887,3904,3899,-1,3905,3906,3887,-1,3887,3906,3907,-1,3887,3907,3902,-1,3889,3908,3887,-1,3887,3908,3909,-1,3887,3909,3905,-1,3910,3861,3911,-1,3911,3861,3860,-1,3911,3860,3912,-1,3912,3860,3867,-1,3912,3867,3913,-1,3913,3867,3866,-1,3913,3866,3914,-1,3914,3866,3865,-1,3914,3865,3915,-1,3915,3865,3870,-1,3915,3870,3916,-1,3916,3870,3869,-1,3916,3869,3917,-1,3917,3869,3868,-1,3917,3868,3918,-1,3918,3868,3873,-1,3918,3873,3919,-1,3919,3873,3872,-1,3919,3872,3920,-1,3920,3872,3871,-1,3920,3871,3921,-1,3921,3871,3876,-1,3921,3876,3922,-1,3922,3876,3875,-1,3922,3875,3923,-1,3923,3875,3874,-1,3923,3874,3924,-1,3924,3874,3879,-1,3924,3879,3925,-1,3925,3879,3878,-1,3925,3878,3926,-1,3926,3878,3877,-1,3926,3877,3927,-1,3927,3877,3882,-1,3927,3882,3928,-1,3928,3882,3881,-1,3928,3881,3929,-1,3929,3881,3880,-1,3929,3880,3930,-1,3930,3880,3884,-1,3930,3884,3931,-1,3931,3884,3883,-1,3931,3883,3932,-1,3932,3883,3864,-1,3932,3864,3933,-1,3933,3864,3863,-1,3933,3863,3910,-1,3910,3863,3861,-1,3916,3934,3915,-1,3915,3934,3935,-1,3915,3935,3914,-1,3914,3935,3936,-1,3914,3936,3913,-1,3913,3936,3937,-1,3913,3937,3912,-1,3912,3937,3938,-1,3912,3938,3911,-1,3911,3938,3939,-1,3911,3939,3910,-1,3910,3939,3940,-1,3910,3940,3933,-1,3933,3940,3941,-1,3933,3941,3932,-1,3932,3941,3942,-1,3932,3942,3931,-1,3931,3942,3943,-1,3931,3943,3930,-1,3930,3943,3944,-1,3930,3944,3929,-1,3929,3944,3945,-1,3929,3945,3928,-1,3928,3945,3946,-1,3928,3946,3927,-1,3927,3946,3947,-1,3927,3947,3926,-1,3926,3947,3948,-1,3926,3948,3925,-1,3925,3948,3949,-1,3925,3949,3924,-1,3924,3949,3950,-1,3924,3950,3923,-1,3923,3950,3951,-1,3923,3951,3922,-1,3922,3951,3952,-1,3922,3952,3921,-1,3921,3952,3953,-1,3921,3953,3920,-1,3920,3953,3954,-1,3920,3954,3919,-1,3919,3954,3955,-1,3919,3955,3918,-1,3918,3955,3956,-1,3918,3956,3917,-1,3917,3956,3957,-1,3917,3957,3916,-1,3916,3957,3934,-1,3934,3958,3935,-1,3935,3958,3959,-1,3935,3959,3936,-1,3936,3959,3960,-1,3936,3960,3937,-1,3937,3960,3961,-1,3937,3961,3938,-1,3938,3961,3962,-1,3938,3962,3939,-1,3939,3962,3963,-1,3939,3963,3940,-1,3940,3963,3964,-1,3940,3964,3941,-1,3941,3964,3965,-1,3941,3965,3942,-1,3942,3965,3966,-1,3942,3966,3943,-1,3943,3966,3967,-1,3943,3967,3944,-1,3944,3967,3968,-1,3944,3968,3945,-1,3945,3968,3969,-1,3945,3969,3946,-1,3946,3969,3970,-1,3946,3970,3947,-1,3947,3970,3971,-1,3947,3971,3948,-1,3948,3971,3972,-1,3948,3972,3949,-1,3949,3972,3973,-1,3949,3973,3950,-1,3950,3973,3974,-1,3950,3974,3951,-1,3951,3974,3975,-1,3951,3975,3952,-1,3952,3975,3976,-1,3952,3976,3953,-1,3953,3976,3977,-1,3953,3977,3954,-1,3954,3977,3978,-1,3954,3978,3955,-1,3955,3978,3979,-1,3955,3979,3956,-1,3956,3979,3980,-1,3956,3980,3957,-1,3957,3980,3981,-1,3957,3981,3934,-1,3934,3981,3958,-1,3958,3982,3959,-1,3959,3982,3983,-1,3959,3983,3960,-1,3960,3983,3984,-1,3960,3984,3961,-1,3961,3984,3985,-1,3961,3985,3962,-1,3962,3985,3986,-1,3962,3986,3963,-1,3963,3986,3987,-1,3963,3987,3964,-1,3964,3987,3988,-1,3964,3988,3965,-1,3965,3988,3989,-1,3965,3989,3966,-1,3966,3989,3990,-1,3966,3990,3967,-1,3967,3990,3991,-1,3967,3991,3968,-1,3968,3991,3992,-1,3968,3992,3969,-1,3969,3992,3993,-1,3969,3993,3970,-1,3970,3993,3994,-1,3970,3994,3971,-1,3971,3994,3995,-1,3971,3995,3972,-1,3972,3995,3996,-1,3972,3996,3973,-1,3973,3996,3997,-1,3973,3997,3974,-1,3974,3997,3998,-1,3974,3998,3975,-1,3975,3998,3999,-1,3975,3999,3976,-1,3976,3999,4000,-1,3976,4000,3977,-1,3977,4000,4001,-1,3977,4001,3978,-1,3978,4001,4002,-1,3978,4002,3979,-1,3979,4002,4003,-1,3979,4003,3980,-1,3980,4003,4004,-1,3980,4004,3981,-1,3981,4004,4005,-1,3981,4005,3958,-1,3958,4005,3982,-1,3982,4006,3983,-1,3983,4006,4007,-1,3983,4007,3984,-1,3984,4007,4008,-1,3984,4008,3985,-1,3985,4008,4009,-1,3985,4009,3986,-1,3986,4009,4010,-1,3986,4010,3987,-1,3987,4010,4011,-1,3987,4011,3988,-1,3988,4011,4012,-1,3988,4012,3989,-1,3989,4012,4013,-1,3989,4013,3990,-1,3990,4013,4014,-1,3990,4014,3991,-1,3991,4014,4015,-1,3991,4015,3992,-1,3992,4015,4016,-1,3992,4016,3993,-1,3993,4016,4017,-1,3993,4017,3994,-1,3994,4017,4018,-1,3994,4018,3995,-1,3995,4018,4019,-1,3995,4019,3996,-1,3996,4019,4020,-1,3996,4020,3997,-1,3997,4020,4021,-1,3997,4021,3998,-1,3998,4021,4022,-1,3998,4022,3999,-1,3999,4022,4023,-1,3999,4023,4000,-1,4000,4023,4024,-1,4000,4024,4001,-1,4001,4024,4025,-1,4001,4025,4002,-1,4002,4025,4026,-1,4002,4026,4003,-1,4003,4026,4027,-1,4003,4027,4004,-1,4004,4027,4028,-1,4004,4028,4005,-1,4005,4028,4029,-1,4005,4029,3982,-1,3982,4029,4006,-1,4006,4030,4007,-1,4007,4030,4031,-1,4007,4031,4008,-1,4008,4031,4032,-1,4008,4032,4009,-1,4009,4032,4033,-1,4009,4033,4010,-1,4010,4033,4034,-1,4010,4034,4011,-1,4011,4034,4035,-1,4011,4035,4012,-1,4012,4035,4036,-1,4012,4036,4013,-1,4013,4036,4037,-1,4013,4037,4014,-1,4014,4037,4038,-1,4014,4038,4015,-1,4015,4038,4039,-1,4015,4039,4016,-1,4016,4039,4040,-1,4016,4040,4017,-1,4017,4040,4041,-1,4017,4041,4018,-1,4018,4041,4042,-1,4018,4042,4019,-1,4019,4042,4043,-1,4019,4043,4020,-1,4020,4043,4044,-1,4020,4044,4021,-1,4021,4044,4045,-1,4021,4045,4022,-1,4022,4045,4046,-1,4022,4046,4023,-1,4023,4046,4047,-1,4023,4047,4024,-1,4024,4047,4048,-1,4024,4048,4025,-1,4025,4048,4049,-1,4025,4049,4026,-1,4026,4049,4050,-1,4026,4050,4027,-1,4027,4050,4051,-1,4027,4051,4028,-1,4028,4051,4052,-1,4028,4052,4029,-1,4029,4052,4053,-1,4029,4053,4006,-1,4006,4053,4030,-1,4054,4053,4055,-1,4055,4053,4052,-1,4055,4052,4056,-1,4056,4052,4051,-1,4056,4051,4057,-1,4057,4051,4050,-1,4057,4050,4058,-1,4058,4050,4049,-1,4058,4049,4059,-1,4059,4049,4048,-1,4059,4048,4060,-1,4060,4048,4047,-1,4060,4047,4061,-1,4061,4047,4046,-1,4061,4046,4062,-1,4062,4046,4045,-1,4062,4045,4063,-1,4063,4045,4044,-1,4063,4044,4064,-1,4064,4044,4043,-1,4064,4043,4065,-1,4065,4043,4042,-1,4065,4042,4066,-1,4066,4042,4041,-1,4066,4041,4067,-1,4067,4041,4040,-1,4067,4040,4068,-1,4068,4040,4039,-1,4068,4039,4069,-1,4069,4039,4038,-1,4069,4038,4070,-1,4070,4038,4037,-1,4070,4037,4071,-1,4071,4037,4036,-1,4071,4036,4072,-1,4072,4036,4035,-1,4072,4035,4073,-1,4073,4035,4034,-1,4073,4034,4074,-1,4074,4034,4033,-1,4074,4033,4075,-1,4075,4033,4032,-1,4075,4032,4076,-1,4076,4032,4031,-1,4076,4031,4077,-1,4077,4031,4030,-1,4077,4030,4054,-1,4054,4030,4053,-1,4054,4078,4077,-1,4077,4078,4079,-1,4077,4079,4076,-1,4076,4079,4080,-1,4076,4080,4075,-1,4075,4080,4081,-1,4075,4081,4074,-1,4074,4081,4082,-1,4074,4082,4073,-1,4073,4082,4083,-1,4073,4083,4072,-1,4072,4083,4084,-1,4072,4084,4071,-1,4071,4084,4085,-1,4071,4085,4070,-1,4070,4085,4086,-1,4070,4086,4069,-1,4069,4086,4087,-1,4069,4087,4068,-1,4068,4087,4088,-1,4068,4088,4067,-1,4067,4088,4089,-1,4067,4089,4066,-1,4066,4089,4090,-1,4066,4090,4065,-1,4065,4090,4091,-1,4065,4091,4064,-1,4064,4091,4092,-1,4064,4092,4063,-1,4063,4092,4093,-1,4063,4093,4062,-1,4062,4093,4094,-1,4062,4094,4061,-1,4061,4094,4095,-1,4061,4095,4060,-1,4060,4095,4096,-1,4060,4096,4059,-1,4059,4096,4097,-1,4059,4097,4058,-1,4058,4097,4098,-1,4058,4098,4057,-1,4057,4098,4099,-1,4057,4099,4056,-1,4056,4099,4100,-1,4056,4100,4055,-1,4055,4100,4101,-1,4055,4101,4054,-1,4054,4101,4078,-1,4078,4102,4079,-1,4079,4102,4103,-1,4079,4103,4080,-1,4080,4103,4104,-1,4080,4104,4081,-1,4081,4104,4105,-1,4081,4105,4082,-1,4082,4105,4106,-1,4082,4106,4083,-1,4083,4106,4107,-1,4083,4107,4084,-1,4084,4107,4108,-1,4084,4108,4085,-1,4085,4108,4109,-1,4085,4109,4086,-1,4086,4109,4110,-1,4086,4110,4087,-1,4087,4110,4111,-1,4087,4111,4088,-1,4088,4111,4112,-1,4088,4112,4089,-1,4089,4112,4113,-1,4089,4113,4090,-1,4090,4113,4114,-1,4090,4114,4091,-1,4091,4114,4115,-1,4091,4115,4092,-1,4092,4115,4116,-1,4092,4116,4093,-1,4093,4116,4117,-1,4093,4117,4094,-1,4094,4117,4118,-1,4094,4118,4095,-1,4095,4118,4119,-1,4095,4119,4096,-1,4096,4119,4120,-1,4096,4120,4097,-1,4097,4120,4121,-1,4097,4121,4098,-1,4098,4121,4122,-1,4098,4122,4099,-1,4099,4122,4123,-1,4099,4123,4100,-1,4100,4123,4124,-1,4100,4124,4101,-1,4101,4124,4125,-1,4101,4125,4078,-1,4078,4125,4102,-1,4102,4126,4103,-1,4103,4126,4127,-1,4103,4127,4104,-1,4104,4127,4128,-1,4104,4128,4105,-1,4105,4128,4129,-1,4105,4129,4106,-1,4106,4129,4130,-1,4106,4130,4107,-1,4107,4130,4131,-1,4107,4131,4108,-1,4108,4131,4132,-1,4108,4132,4109,-1,4109,4132,4133,-1,4109,4133,4110,-1,4110,4133,4134,-1,4110,4134,4111,-1,4111,4134,4135,-1,4111,4135,4112,-1,4112,4135,4136,-1,4112,4136,4113,-1,4113,4136,4137,-1,4113,4137,4114,-1,4114,4137,4138,-1,4114,4138,4115,-1,4115,4138,4139,-1,4115,4139,4116,-1,4116,4139,4140,-1,4116,4140,4117,-1,4117,4140,4141,-1,4117,4141,4118,-1,4118,4141,4142,-1,4118,4142,4119,-1,4119,4142,4143,-1,4119,4143,4120,-1,4120,4143,4144,-1,4120,4144,4121,-1,4121,4144,4145,-1,4121,4145,4122,-1,4122,4145,4146,-1,4122,4146,4123,-1,4123,4146,4147,-1,4123,4147,4124,-1,4124,4147,4148,-1,4124,4148,4125,-1,4125,4148,4149,-1,4125,4149,4102,-1,4102,4149,4126,-1,4126,4150,4127,-1,4127,4150,4151,-1,4127,4151,4128,-1,4128,4151,4152,-1,4128,4152,4129,-1,4129,4152,4153,-1,4129,4153,4130,-1,4130,4153,4154,-1,4130,4154,4131,-1,4131,4154,4155,-1,4131,4155,4132,-1,4132,4155,4156,-1,4132,4156,4133,-1,4133,4156,4157,-1,4133,4157,4134,-1,4134,4157,4158,-1,4134,4158,4135,-1,4135,4158,4159,-1,4135,4159,4136,-1,4136,4159,4160,-1,4136,4160,4137,-1,4137,4160,4161,-1,4137,4161,4138,-1,4138,4161,4162,-1,4138,4162,4139,-1,4139,4162,4163,-1,4139,4163,4140,-1,4140,4163,4164,-1,4140,4164,4141,-1,4141,4164,4165,-1,4141,4165,4142,-1,4142,4165,4166,-1,4142,4166,4143,-1,4143,4166,4167,-1,4143,4167,4144,-1,4144,4167,4168,-1,4144,4168,4145,-1,4145,4168,4169,-1,4145,4169,4146,-1,4146,4169,4170,-1,4146,4170,4147,-1,4147,4170,4171,-1,4147,4171,4148,-1,4148,4171,4172,-1,4148,4172,4149,-1,4149,4172,4173,-1,4149,4173,4126,-1,4126,4173,4150,-1,4150,4174,4151,-1,4151,4174,4175,-1,4151,4175,4152,-1,4152,4175,4176,-1,4152,4176,4153,-1,4153,4176,4177,-1,4153,4177,4154,-1,4154,4177,4178,-1,4154,4178,4155,-1,4155,4178,4179,-1,4155,4179,4156,-1,4156,4179,4180,-1,4156,4180,4157,-1,4157,4180,4181,-1,4157,4181,4158,-1,4158,4181,4182,-1,4158,4182,4159,-1,4159,4182,4183,-1,4159,4183,4160,-1,4160,4183,4184,-1,4160,4184,4161,-1,4161,4184,4185,-1,4161,4185,4162,-1,4162,4185,4186,-1,4162,4186,4163,-1,4163,4186,4187,-1,4163,4187,4164,-1,4164,4187,4188,-1,4164,4188,4165,-1,4165,4188,4189,-1,4165,4189,4166,-1,4166,4189,4190,-1,4166,4190,4167,-1,4167,4190,4191,-1,4167,4191,4168,-1,4168,4191,4192,-1,4168,4192,4169,-1,4169,4192,4193,-1,4169,4193,4170,-1,4170,4193,4194,-1,4170,4194,4171,-1,4171,4194,4195,-1,4171,4195,4172,-1,4172,4195,4196,-1,4172,4196,4173,-1,4173,4196,4197,-1,4173,4197,4150,-1,4150,4197,4174,-1,4174,4198,4175,-1,4175,4198,4199,-1,4175,4199,4176,-1,4176,4199,4200,-1,4176,4200,4177,-1,4177,4200,4201,-1,4177,4201,4178,-1,4178,4201,4202,-1,4178,4202,4179,-1,4179,4202,4203,-1,4179,4203,4180,-1,4180,4203,4204,-1,4180,4204,4181,-1,4181,4204,4205,-1,4181,4205,4182,-1,4182,4205,4206,-1,4182,4206,4183,-1,4183,4206,4207,-1,4183,4207,4184,-1,4184,4207,4208,-1,4184,4208,4185,-1,4185,4208,4209,-1,4185,4209,4186,-1,4186,4209,4210,-1,4186,4210,4187,-1,4187,4210,4211,-1,4187,4211,4188,-1,4188,4211,4212,-1,4188,4212,4189,-1,4189,4212,4213,-1,4189,4213,4190,-1,4190,4213,4214,-1,4190,4214,4191,-1,4191,4214,4215,-1,4191,4215,4192,-1,4192,4215,4216,-1,4192,4216,4193,-1,4193,4216,4217,-1,4193,4217,4194,-1,4194,4217,4218,-1,4194,4218,4195,-1,4195,4218,4219,-1,4195,4219,4196,-1,4196,4219,4220,-1,4196,4220,4197,-1,4197,4220,4221,-1,4197,4221,4174,-1,4174,4221,4198,-1,4198,4222,4199,-1,4199,4222,4223,-1,4199,4223,4200,-1,4200,4223,4224,-1,4200,4224,4201,-1,4201,4224,4225,-1,4201,4225,4202,-1,4202,4225,4226,-1,4202,4226,4203,-1,4203,4226,4227,-1,4203,4227,4204,-1,4204,4227,4228,-1,4204,4228,4205,-1,4205,4228,4229,-1,4205,4229,4206,-1,4206,4229,4230,-1,4206,4230,4207,-1,4207,4230,4231,-1,4207,4231,4208,-1,4208,4231,4232,-1,4208,4232,4209,-1,4209,4232,4233,-1,4209,4233,4210,-1,4210,4233,4234,-1,4210,4234,4211,-1,4211,4234,4235,-1,4211,4235,4212,-1,4212,4235,4236,-1,4212,4236,4213,-1,4213,4236,4237,-1,4213,4237,4214,-1,4214,4237,4238,-1,4214,4238,4215,-1,4215,4238,4239,-1,4215,4239,4216,-1,4216,4239,4240,-1,4216,4240,4217,-1,4217,4240,4241,-1,4217,4241,4218,-1,4218,4241,4242,-1,4218,4242,4219,-1,4219,4242,4243,-1,4219,4243,4220,-1,4220,4243,4244,-1,4220,4244,4221,-1,4221,4244,4245,-1,4221,4245,4198,-1,4198,4245,4222,-1,3901,4239,3896,-1,3896,4239,4238,-1,3896,4238,3897,-1,3897,4238,4237,-1,3897,4237,3898,-1,3898,4237,4236,-1,3898,4236,3893,-1,3893,4236,4235,-1,3893,4235,3894,-1,3894,4235,4234,-1,3894,4234,3895,-1,3895,4234,4233,-1,3895,4233,3890,-1,3890,4233,4232,-1,3890,4232,3891,-1,3891,4232,4231,-1,3891,4231,3892,-1,3892,4231,4230,-1,3892,4230,3885,-1,3885,4230,4229,-1,3885,4229,3886,-1,3886,4229,4228,-1,3886,4228,3888,-1,3888,4228,4227,-1,3888,4227,3889,-1,3889,4227,4226,-1,3889,4226,3908,-1,3908,4226,4225,-1,3908,4225,3909,-1,3909,4225,4224,-1,3909,4224,3905,-1,3905,4224,4223,-1,3905,4223,3906,-1,3906,4223,4222,-1,3906,4222,3907,-1,3907,4222,4245,-1,3907,4245,3902,-1,3902,4245,4244,-1,3902,4244,3903,-1,3903,4244,4243,-1,3903,4243,3904,-1,3904,4243,4242,-1,3904,4242,3899,-1,3899,4242,4241,-1,3899,4241,3900,-1,3900,4241,4240,-1,3900,4240,3901,-1,3901,4240,4239,-1,4246,4247,4248,-1,4248,4247,4249,-1,4248,4249,4250,-1,4251,4252,4248,-1,4248,4252,4253,-1,4248,4253,4246,-1,4254,4255,4248,-1,4248,4255,4256,-1,4248,4256,4251,-1,4257,4258,4248,-1,4248,4258,4259,-1,4248,4259,4254,-1,4260,4261,4248,-1,4248,4261,4262,-1,4248,4262,4257,-1,4263,4264,4248,-1,4248,4264,4265,-1,4248,4265,4260,-1,4266,4267,4248,-1,4248,4267,4268,-1,4248,4268,4263,-1,4250,4269,4248,-1,4248,4269,4270,-1,4248,4270,4266,-1,4271,4272,4273,-1,4273,4272,4274,-1,4273,4274,4275,-1,4276,4277,4273,-1,4273,4277,4278,-1,4273,4278,4271,-1,4279,4280,4273,-1,4273,4280,4281,-1,4273,4281,4276,-1,4282,4283,4273,-1,4273,4283,4284,-1,4273,4284,4279,-1,4285,4286,4273,-1,4273,4286,4287,-1,4273,4287,4282,-1,4288,4289,4273,-1,4273,4289,4290,-1,4273,4290,4285,-1,4291,4292,4273,-1,4273,4292,4293,-1,4273,4293,4288,-1,4275,4294,4273,-1,4273,4294,4295,-1,4273,4295,4291,-1,4296,4247,4297,-1,4297,4247,4246,-1,4297,4246,4298,-1,4298,4246,4253,-1,4298,4253,4299,-1,4299,4253,4252,-1,4299,4252,4300,-1,4300,4252,4251,-1,4300,4251,4301,-1,4301,4251,4256,-1,4301,4256,4302,-1,4302,4256,4255,-1,4302,4255,4303,-1,4303,4255,4254,-1,4303,4254,4304,-1,4304,4254,4259,-1,4304,4259,4305,-1,4305,4259,4258,-1,4305,4258,4306,-1,4306,4258,4257,-1,4306,4257,4307,-1,4307,4257,4262,-1,4307,4262,4308,-1,4308,4262,4261,-1,4308,4261,4309,-1,4309,4261,4260,-1,4309,4260,4310,-1,4310,4260,4265,-1,4310,4265,4311,-1,4311,4265,4264,-1,4311,4264,4312,-1,4312,4264,4263,-1,4312,4263,4313,-1,4313,4263,4268,-1,4313,4268,4314,-1,4314,4268,4267,-1,4314,4267,4315,-1,4315,4267,4266,-1,4315,4266,4316,-1,4316,4266,4270,-1,4316,4270,4317,-1,4317,4270,4269,-1,4317,4269,4318,-1,4318,4269,4250,-1,4318,4250,4319,-1,4319,4250,4249,-1,4319,4249,4296,-1,4296,4249,4247,-1,4302,4320,4301,-1,4301,4320,4321,-1,4301,4321,4300,-1,4300,4321,4322,-1,4300,4322,4299,-1,4299,4322,4323,-1,4299,4323,4298,-1,4298,4323,4324,-1,4298,4324,4297,-1,4297,4324,4325,-1,4297,4325,4296,-1,4296,4325,4326,-1,4296,4326,4319,-1,4319,4326,4327,-1,4319,4327,4318,-1,4318,4327,4328,-1,4318,4328,4317,-1,4317,4328,4329,-1,4317,4329,4316,-1,4316,4329,4330,-1,4316,4330,4315,-1,4315,4330,4331,-1,4315,4331,4314,-1,4314,4331,4332,-1,4314,4332,4313,-1,4313,4332,4333,-1,4313,4333,4312,-1,4312,4333,4334,-1,4312,4334,4311,-1,4311,4334,4335,-1,4311,4335,4310,-1,4310,4335,4336,-1,4310,4336,4309,-1,4309,4336,4337,-1,4309,4337,4308,-1,4308,4337,4338,-1,4308,4338,4307,-1,4307,4338,4339,-1,4307,4339,4306,-1,4306,4339,4340,-1,4306,4340,4305,-1,4305,4340,4341,-1,4305,4341,4304,-1,4304,4341,4342,-1,4304,4342,4303,-1,4303,4342,4343,-1,4303,4343,4302,-1,4302,4343,4320,-1,4320,4344,4321,-1,4321,4344,4345,-1,4321,4345,4322,-1,4322,4345,4346,-1,4322,4346,4323,-1,4323,4346,4347,-1,4323,4347,4324,-1,4324,4347,4348,-1,4324,4348,4325,-1,4325,4348,4349,-1,4325,4349,4326,-1,4326,4349,4350,-1,4326,4350,4327,-1,4327,4350,4351,-1,4327,4351,4328,-1,4328,4351,4352,-1,4328,4352,4329,-1,4329,4352,4353,-1,4329,4353,4330,-1,4330,4353,4354,-1,4330,4354,4331,-1,4331,4354,4355,-1,4331,4355,4332,-1,4332,4355,4356,-1,4332,4356,4333,-1,4333,4356,4357,-1,4333,4357,4334,-1,4334,4357,4358,-1,4334,4358,4335,-1,4335,4358,4359,-1,4335,4359,4336,-1,4336,4359,4360,-1,4336,4360,4337,-1,4337,4360,4361,-1,4337,4361,4338,-1,4338,4361,4362,-1,4338,4362,4339,-1,4339,4362,4363,-1,4339,4363,4340,-1,4340,4363,4364,-1,4340,4364,4341,-1,4341,4364,4365,-1,4341,4365,4342,-1,4342,4365,4366,-1,4342,4366,4343,-1,4343,4366,4367,-1,4343,4367,4320,-1,4320,4367,4344,-1,4344,4368,4345,-1,4345,4368,4369,-1,4345,4369,4346,-1,4346,4369,4370,-1,4346,4370,4347,-1,4347,4370,4371,-1,4347,4371,4348,-1,4348,4371,4372,-1,4348,4372,4349,-1,4349,4372,4373,-1,4349,4373,4350,-1,4350,4373,4374,-1,4350,4374,4351,-1,4351,4374,4375,-1,4351,4375,4352,-1,4352,4375,4376,-1,4352,4376,4353,-1,4353,4376,4377,-1,4353,4377,4354,-1,4354,4377,4378,-1,4354,4378,4355,-1,4355,4378,4379,-1,4355,4379,4356,-1,4356,4379,4380,-1,4356,4380,4357,-1,4357,4380,4381,-1,4357,4381,4358,-1,4358,4381,4382,-1,4358,4382,4359,-1,4359,4382,4383,-1,4359,4383,4360,-1,4360,4383,4384,-1,4360,4384,4361,-1,4361,4384,4385,-1,4361,4385,4362,-1,4362,4385,4386,-1,4362,4386,4363,-1,4363,4386,4387,-1,4363,4387,4364,-1,4364,4387,4388,-1,4364,4388,4365,-1,4365,4388,4389,-1,4365,4389,4366,-1,4366,4389,4390,-1,4366,4390,4367,-1,4367,4390,4391,-1,4367,4391,4344,-1,4344,4391,4368,-1,4368,4392,4369,-1,4369,4392,4393,-1,4369,4393,4370,-1,4370,4393,4394,-1,4370,4394,4371,-1,4371,4394,4395,-1,4371,4395,4372,-1,4372,4395,4396,-1,4372,4396,4373,-1,4373,4396,4397,-1,4373,4397,4374,-1,4374,4397,4398,-1,4374,4398,4375,-1,4375,4398,4399,-1,4375,4399,4376,-1,4376,4399,4400,-1,4376,4400,4377,-1,4377,4400,4401,-1,4377,4401,4378,-1,4378,4401,4402,-1,4378,4402,4379,-1,4379,4402,4403,-1,4379,4403,4380,-1,4380,4403,4404,-1,4380,4404,4381,-1,4381,4404,4405,-1,4381,4405,4382,-1,4382,4405,4406,-1,4382,4406,4383,-1,4383,4406,4407,-1,4383,4407,4384,-1,4384,4407,4408,-1,4384,4408,4385,-1,4385,4408,4409,-1,4385,4409,4386,-1,4386,4409,4410,-1,4386,4410,4387,-1,4387,4410,4411,-1,4387,4411,4388,-1,4388,4411,4412,-1,4388,4412,4389,-1,4389,4412,4413,-1,4389,4413,4390,-1,4390,4413,4414,-1,4390,4414,4391,-1,4391,4414,4415,-1,4391,4415,4368,-1,4368,4415,4392,-1,4392,4416,4393,-1,4393,4416,4417,-1,4393,4417,4394,-1,4394,4417,4418,-1,4394,4418,4395,-1,4395,4418,4419,-1,4395,4419,4396,-1,4396,4419,4420,-1,4396,4420,4397,-1,4397,4420,4421,-1,4397,4421,4398,-1,4398,4421,4422,-1,4398,4422,4399,-1,4399,4422,4423,-1,4399,4423,4400,-1,4400,4423,4424,-1,4400,4424,4401,-1,4401,4424,4425,-1,4401,4425,4402,-1,4402,4425,4426,-1,4402,4426,4403,-1,4403,4426,4427,-1,4403,4427,4404,-1,4404,4427,4428,-1,4404,4428,4405,-1,4405,4428,4429,-1,4405,4429,4406,-1,4406,4429,4430,-1,4406,4430,4407,-1,4407,4430,4431,-1,4407,4431,4408,-1,4408,4431,4432,-1,4408,4432,4409,-1,4409,4432,4433,-1,4409,4433,4410,-1,4410,4433,4434,-1,4410,4434,4411,-1,4411,4434,4435,-1,4411,4435,4412,-1,4412,4435,4436,-1,4412,4436,4413,-1,4413,4436,4437,-1,4413,4437,4414,-1,4414,4437,4438,-1,4414,4438,4415,-1,4415,4438,4439,-1,4415,4439,4392,-1,4392,4439,4416,-1,4440,4439,4441,-1,4441,4439,4438,-1,4441,4438,4442,-1,4442,4438,4437,-1,4442,4437,4443,-1,4443,4437,4436,-1,4443,4436,4444,-1,4444,4436,4435,-1,4444,4435,4445,-1,4445,4435,4434,-1,4445,4434,4446,-1,4446,4434,4433,-1,4446,4433,4447,-1,4447,4433,4432,-1,4447,4432,4448,-1,4448,4432,4431,-1,4448,4431,4449,-1,4449,4431,4430,-1,4449,4430,4450,-1,4450,4430,4429,-1,4450,4429,4451,-1,4451,4429,4428,-1,4451,4428,4452,-1,4452,4428,4427,-1,4452,4427,4453,-1,4453,4427,4426,-1,4453,4426,4454,-1,4454,4426,4425,-1,4454,4425,4455,-1,4455,4425,4424,-1,4455,4424,4456,-1,4456,4424,4423,-1,4456,4423,4457,-1,4457,4423,4422,-1,4457,4422,4458,-1,4458,4422,4421,-1,4458,4421,4459,-1,4459,4421,4420,-1,4459,4420,4460,-1,4460,4420,4419,-1,4460,4419,4461,-1,4461,4419,4418,-1,4461,4418,4462,-1,4462,4418,4417,-1,4462,4417,4463,-1,4463,4417,4416,-1,4463,4416,4440,-1,4440,4416,4439,-1,4440,4464,4463,-1,4463,4464,4465,-1,4463,4465,4462,-1,4462,4465,4466,-1,4462,4466,4461,-1,4461,4466,4467,-1,4461,4467,4460,-1,4460,4467,4468,-1,4460,4468,4459,-1,4459,4468,4469,-1,4459,4469,4458,-1,4458,4469,4470,-1,4458,4470,4457,-1,4457,4470,4471,-1,4457,4471,4456,-1,4456,4471,4472,-1,4456,4472,4455,-1,4455,4472,4473,-1,4455,4473,4454,-1,4454,4473,4474,-1,4454,4474,4453,-1,4453,4474,4475,-1,4453,4475,4452,-1,4452,4475,4476,-1,4452,4476,4451,-1,4451,4476,4477,-1,4451,4477,4450,-1,4450,4477,4478,-1,4450,4478,4449,-1,4449,4478,4479,-1,4449,4479,4448,-1,4448,4479,4480,-1,4448,4480,4447,-1,4447,4480,4481,-1,4447,4481,4446,-1,4446,4481,4482,-1,4446,4482,4445,-1,4445,4482,4483,-1,4445,4483,4444,-1,4444,4483,4484,-1,4444,4484,4443,-1,4443,4484,4485,-1,4443,4485,4442,-1,4442,4485,4486,-1,4442,4486,4441,-1,4441,4486,4487,-1,4441,4487,4440,-1,4440,4487,4464,-1,4464,4488,4465,-1,4465,4488,4489,-1,4465,4489,4466,-1,4466,4489,4490,-1,4466,4490,4467,-1,4467,4490,4491,-1,4467,4491,4468,-1,4468,4491,4492,-1,4468,4492,4469,-1,4469,4492,4493,-1,4469,4493,4470,-1,4470,4493,4494,-1,4470,4494,4471,-1,4471,4494,4495,-1,4471,4495,4472,-1,4472,4495,4496,-1,4472,4496,4473,-1,4473,4496,4497,-1,4473,4497,4474,-1,4474,4497,4498,-1,4474,4498,4475,-1,4475,4498,4499,-1,4475,4499,4476,-1,4476,4499,4500,-1,4476,4500,4477,-1,4477,4500,4501,-1,4477,4501,4478,-1,4478,4501,4502,-1,4478,4502,4479,-1,4479,4502,4503,-1,4479,4503,4480,-1,4480,4503,4504,-1,4480,4504,4481,-1,4481,4504,4505,-1,4481,4505,4482,-1,4482,4505,4506,-1,4482,4506,4483,-1,4483,4506,4507,-1,4483,4507,4484,-1,4484,4507,4508,-1,4484,4508,4485,-1,4485,4508,4509,-1,4485,4509,4486,-1,4486,4509,4510,-1,4486,4510,4487,-1,4487,4510,4511,-1,4487,4511,4464,-1,4464,4511,4488,-1,4488,4512,4489,-1,4489,4512,4513,-1,4489,4513,4490,-1,4490,4513,4514,-1,4490,4514,4491,-1,4491,4514,4515,-1,4491,4515,4492,-1,4492,4515,4516,-1,4492,4516,4493,-1,4493,4516,4517,-1,4493,4517,4494,-1,4494,4517,4518,-1,4494,4518,4495,-1,4495,4518,4519,-1,4495,4519,4496,-1,4496,4519,4520,-1,4496,4520,4497,-1,4497,4520,4521,-1,4497,4521,4498,-1,4498,4521,4522,-1,4498,4522,4499,-1,4499,4522,4523,-1,4499,4523,4500,-1,4500,4523,4524,-1,4500,4524,4501,-1,4501,4524,4525,-1,4501,4525,4502,-1,4502,4525,4526,-1,4502,4526,4503,-1,4503,4526,4527,-1,4503,4527,4504,-1,4504,4527,4528,-1,4504,4528,4505,-1,4505,4528,4529,-1,4505,4529,4506,-1,4506,4529,4530,-1,4506,4530,4507,-1,4507,4530,4531,-1,4507,4531,4508,-1,4508,4531,4532,-1,4508,4532,4509,-1,4509,4532,4533,-1,4509,4533,4510,-1,4510,4533,4534,-1,4510,4534,4511,-1,4511,4534,4535,-1,4511,4535,4488,-1,4488,4535,4512,-1,4512,4536,4513,-1,4513,4536,4537,-1,4513,4537,4514,-1,4514,4537,4538,-1,4514,4538,4515,-1,4515,4538,4539,-1,4515,4539,4516,-1,4516,4539,4540,-1,4516,4540,4517,-1,4517,4540,4541,-1,4517,4541,4518,-1,4518,4541,4542,-1,4518,4542,4519,-1,4519,4542,4543,-1,4519,4543,4520,-1,4520,4543,4544,-1,4520,4544,4521,-1,4521,4544,4545,-1,4521,4545,4522,-1,4522,4545,4546,-1,4522,4546,4523,-1,4523,4546,4547,-1,4523,4547,4524,-1,4524,4547,4548,-1,4524,4548,4525,-1,4525,4548,4549,-1,4525,4549,4526,-1,4526,4549,4550,-1,4526,4550,4527,-1,4527,4550,4551,-1,4527,4551,4528,-1,4528,4551,4552,-1,4528,4552,4529,-1,4529,4552,4553,-1,4529,4553,4530,-1,4530,4553,4554,-1,4530,4554,4531,-1,4531,4554,4555,-1,4531,4555,4532,-1,4532,4555,4556,-1,4532,4556,4533,-1,4533,4556,4557,-1,4533,4557,4534,-1,4534,4557,4558,-1,4534,4558,4535,-1,4535,4558,4559,-1,4535,4559,4512,-1,4512,4559,4536,-1,4536,4560,4537,-1,4537,4560,4561,-1,4537,4561,4538,-1,4538,4561,4562,-1,4538,4562,4539,-1,4539,4562,4563,-1,4539,4563,4540,-1,4540,4563,4564,-1,4540,4564,4541,-1,4541,4564,4565,-1,4541,4565,4542,-1,4542,4565,4566,-1,4542,4566,4543,-1,4543,4566,4567,-1,4543,4567,4544,-1,4544,4567,4568,-1,4544,4568,4545,-1,4545,4568,4569,-1,4545,4569,4546,-1,4546,4569,4570,-1,4546,4570,4547,-1,4547,4570,4571,-1,4547,4571,4548,-1,4548,4571,4572,-1,4548,4572,4549,-1,4549,4572,4573,-1,4549,4573,4550,-1,4550,4573,4574,-1,4550,4574,4551,-1,4551,4574,4575,-1,4551,4575,4552,-1,4552,4575,4576,-1,4552,4576,4553,-1,4553,4576,4577,-1,4553,4577,4554,-1,4554,4577,4578,-1,4554,4578,4555,-1,4555,4578,4579,-1,4555,4579,4556,-1,4556,4579,4580,-1,4556,4580,4557,-1,4557,4580,4581,-1,4557,4581,4558,-1,4558,4581,4582,-1,4558,4582,4559,-1,4559,4582,4583,-1,4559,4583,4536,-1,4536,4583,4560,-1,4560,4584,4561,-1,4561,4584,4585,-1,4561,4585,4562,-1,4562,4585,4586,-1,4562,4586,4563,-1,4563,4586,4587,-1,4563,4587,4564,-1,4564,4587,4588,-1,4564,4588,4565,-1,4565,4588,4589,-1,4565,4589,4566,-1,4566,4589,4590,-1,4566,4590,4567,-1,4567,4590,4591,-1,4567,4591,4568,-1,4568,4591,4592,-1,4568,4592,4569,-1,4569,4592,4593,-1,4569,4593,4570,-1,4570,4593,4594,-1,4570,4594,4571,-1,4571,4594,4595,-1,4571,4595,4572,-1,4572,4595,4596,-1,4572,4596,4573,-1,4573,4596,4597,-1,4573,4597,4574,-1,4574,4597,4598,-1,4574,4598,4575,-1,4575,4598,4599,-1,4575,4599,4576,-1,4576,4599,4600,-1,4576,4600,4577,-1,4577,4600,4601,-1,4577,4601,4578,-1,4578,4601,4602,-1,4578,4602,4579,-1,4579,4602,4603,-1,4579,4603,4580,-1,4580,4603,4604,-1,4580,4604,4581,-1,4581,4604,4605,-1,4581,4605,4582,-1,4582,4605,4606,-1,4582,4606,4583,-1,4583,4606,4607,-1,4583,4607,4560,-1,4560,4607,4584,-1,4584,4608,4585,-1,4585,4608,4609,-1,4585,4609,4586,-1,4586,4609,4610,-1,4586,4610,4587,-1,4587,4610,4611,-1,4587,4611,4588,-1,4588,4611,4612,-1,4588,4612,4589,-1,4589,4612,4613,-1,4589,4613,4590,-1,4590,4613,4614,-1,4590,4614,4591,-1,4591,4614,4615,-1,4591,4615,4592,-1,4592,4615,4616,-1,4592,4616,4593,-1,4593,4616,4617,-1,4593,4617,4594,-1,4594,4617,4618,-1,4594,4618,4595,-1,4595,4618,4619,-1,4595,4619,4596,-1,4596,4619,4620,-1,4596,4620,4597,-1,4597,4620,4621,-1,4597,4621,4598,-1,4598,4621,4622,-1,4598,4622,4599,-1,4599,4622,4623,-1,4599,4623,4600,-1,4600,4623,4624,-1,4600,4624,4601,-1,4601,4624,4625,-1,4601,4625,4602,-1,4602,4625,4626,-1,4602,4626,4603,-1,4603,4626,4627,-1,4603,4627,4604,-1,4604,4627,4628,-1,4604,4628,4605,-1,4605,4628,4629,-1,4605,4629,4606,-1,4606,4629,4630,-1,4606,4630,4607,-1,4607,4630,4631,-1,4607,4631,4584,-1,4584,4631,4608,-1,4287,4625,4282,-1,4282,4625,4624,-1,4282,4624,4283,-1,4283,4624,4623,-1,4283,4623,4284,-1,4284,4623,4622,-1,4284,4622,4279,-1,4279,4622,4621,-1,4279,4621,4280,-1,4280,4621,4620,-1,4280,4620,4281,-1,4281,4620,4619,-1,4281,4619,4276,-1,4276,4619,4618,-1,4276,4618,4277,-1,4277,4618,4617,-1,4277,4617,4278,-1,4278,4617,4616,-1,4278,4616,4271,-1,4271,4616,4615,-1,4271,4615,4272,-1,4272,4615,4614,-1,4272,4614,4274,-1,4274,4614,4613,-1,4274,4613,4275,-1,4275,4613,4612,-1,4275,4612,4294,-1,4294,4612,4611,-1,4294,4611,4295,-1,4295,4611,4610,-1,4295,4610,4291,-1,4291,4610,4609,-1,4291,4609,4292,-1,4292,4609,4608,-1,4292,4608,4293,-1,4293,4608,4631,-1,4293,4631,4288,-1,4288,4631,4630,-1,4288,4630,4289,-1,4289,4630,4629,-1,4289,4629,4290,-1,4290,4629,4628,-1,4290,4628,4285,-1,4285,4628,4627,-1,4285,4627,4286,-1,4286,4627,4626,-1,4286,4626,4287,-1,4287,4626,4625,-1,4632,4633,4634,-1,4634,4633,4635,-1,4634,4635,4636,-1,4637,4638,4634,-1,4634,4638,4639,-1,4634,4639,4632,-1,4640,4641,4634,-1,4634,4641,4642,-1,4634,4642,4637,-1,4643,4644,4634,-1,4634,4644,4645,-1,4634,4645,4640,-1,4646,4647,4634,-1,4634,4647,4648,-1,4634,4648,4643,-1,4649,4650,4634,-1,4634,4650,4651,-1,4634,4651,4646,-1,4652,4653,4634,-1,4634,4653,4654,-1,4634,4654,4649,-1,4636,4655,4634,-1,4634,4655,4656,-1,4634,4656,4652,-1,4657,4658,4659,-1,4659,4658,4660,-1,4659,4660,4661,-1,4662,4663,4659,-1,4659,4663,4664,-1,4659,4664,4657,-1,4665,4666,4659,-1,4659,4666,4667,-1,4659,4667,4662,-1,4668,4669,4659,-1,4659,4669,4670,-1,4659,4670,4665,-1,4671,4672,4659,-1,4659,4672,4673,-1,4659,4673,4668,-1,4674,4675,4659,-1,4659,4675,4676,-1,4659,4676,4671,-1,4677,4678,4659,-1,4659,4678,4679,-1,4659,4679,4674,-1,4661,4680,4659,-1,4659,4680,4681,-1,4659,4681,4677,-1,4682,4633,4683,-1,4683,4633,4632,-1,4683,4632,4684,-1,4684,4632,4639,-1,4684,4639,4685,-1,4685,4639,4638,-1,4685,4638,4686,-1,4686,4638,4637,-1,4686,4637,4687,-1,4687,4637,4642,-1,4687,4642,4688,-1,4688,4642,4641,-1,4688,4641,4689,-1,4689,4641,4640,-1,4689,4640,4690,-1,4690,4640,4645,-1,4690,4645,4691,-1,4691,4645,4644,-1,4691,4644,4692,-1,4692,4644,4643,-1,4692,4643,4693,-1,4693,4643,4648,-1,4693,4648,4694,-1,4694,4648,4647,-1,4694,4647,4695,-1,4695,4647,4646,-1,4695,4646,4696,-1,4696,4646,4651,-1,4696,4651,4697,-1,4697,4651,4650,-1,4697,4650,4698,-1,4698,4650,4649,-1,4698,4649,4699,-1,4699,4649,4654,-1,4699,4654,4700,-1,4700,4654,4653,-1,4700,4653,4701,-1,4701,4653,4652,-1,4701,4652,4702,-1,4702,4652,4656,-1,4702,4656,4703,-1,4703,4656,4655,-1,4703,4655,4704,-1,4704,4655,4636,-1,4704,4636,4705,-1,4705,4636,4635,-1,4705,4635,4682,-1,4682,4635,4633,-1,4688,4706,4687,-1,4687,4706,4707,-1,4687,4707,4686,-1,4686,4707,4708,-1,4686,4708,4685,-1,4685,4708,4709,-1,4685,4709,4684,-1,4684,4709,4710,-1,4684,4710,4683,-1,4683,4710,4711,-1,4683,4711,4682,-1,4682,4711,4712,-1,4682,4712,4705,-1,4705,4712,4713,-1,4705,4713,4704,-1,4704,4713,4714,-1,4704,4714,4703,-1,4703,4714,4715,-1,4703,4715,4702,-1,4702,4715,4716,-1,4702,4716,4701,-1,4701,4716,4717,-1,4701,4717,4700,-1,4700,4717,4718,-1,4700,4718,4699,-1,4699,4718,4719,-1,4699,4719,4698,-1,4698,4719,4720,-1,4698,4720,4697,-1,4697,4720,4721,-1,4697,4721,4696,-1,4696,4721,4722,-1,4696,4722,4695,-1,4695,4722,4723,-1,4695,4723,4694,-1,4694,4723,4724,-1,4694,4724,4693,-1,4693,4724,4725,-1,4693,4725,4692,-1,4692,4725,4726,-1,4692,4726,4691,-1,4691,4726,4727,-1,4691,4727,4690,-1,4690,4727,4728,-1,4690,4728,4689,-1,4689,4728,4729,-1,4689,4729,4688,-1,4688,4729,4706,-1,4706,4730,4707,-1,4707,4730,4731,-1,4707,4731,4708,-1,4708,4731,4732,-1,4708,4732,4709,-1,4709,4732,4733,-1,4709,4733,4710,-1,4710,4733,4734,-1,4710,4734,4711,-1,4711,4734,4735,-1,4711,4735,4712,-1,4712,4735,4736,-1,4712,4736,4713,-1,4713,4736,4737,-1,4713,4737,4714,-1,4714,4737,4738,-1,4714,4738,4715,-1,4715,4738,4739,-1,4715,4739,4716,-1,4716,4739,4740,-1,4716,4740,4717,-1,4717,4740,4741,-1,4717,4741,4718,-1,4718,4741,4742,-1,4718,4742,4719,-1,4719,4742,4743,-1,4719,4743,4720,-1,4720,4743,4744,-1,4720,4744,4721,-1,4721,4744,4745,-1,4721,4745,4722,-1,4722,4745,4746,-1,4722,4746,4723,-1,4723,4746,4747,-1,4723,4747,4724,-1,4724,4747,4748,-1,4724,4748,4725,-1,4725,4748,4749,-1,4725,4749,4726,-1,4726,4749,4750,-1,4726,4750,4727,-1,4727,4750,4751,-1,4727,4751,4728,-1,4728,4751,4752,-1,4728,4752,4729,-1,4729,4752,4753,-1,4729,4753,4706,-1,4706,4753,4730,-1,4730,4754,4731,-1,4731,4754,4755,-1,4731,4755,4732,-1,4732,4755,4756,-1,4732,4756,4733,-1,4733,4756,4757,-1,4733,4757,4734,-1,4734,4757,4758,-1,4734,4758,4735,-1,4735,4758,4759,-1,4735,4759,4736,-1,4736,4759,4760,-1,4736,4760,4737,-1,4737,4760,4761,-1,4737,4761,4738,-1,4738,4761,4762,-1,4738,4762,4739,-1,4739,4762,4763,-1,4739,4763,4740,-1,4740,4763,4764,-1,4740,4764,4741,-1,4741,4764,4765,-1,4741,4765,4742,-1,4742,4765,4766,-1,4742,4766,4743,-1,4743,4766,4767,-1,4743,4767,4744,-1,4744,4767,4768,-1,4744,4768,4745,-1,4745,4768,4769,-1,4745,4769,4746,-1,4746,4769,4770,-1,4746,4770,4747,-1,4747,4770,4771,-1,4747,4771,4748,-1,4748,4771,4772,-1,4748,4772,4749,-1,4749,4772,4773,-1,4749,4773,4750,-1,4750,4773,4774,-1,4750,4774,4751,-1,4751,4774,4775,-1,4751,4775,4752,-1,4752,4775,4776,-1,4752,4776,4753,-1,4753,4776,4777,-1,4753,4777,4730,-1,4730,4777,4754,-1,4754,4778,4755,-1,4755,4778,4779,-1,4755,4779,4756,-1,4756,4779,4780,-1,4756,4780,4757,-1,4757,4780,4781,-1,4757,4781,4758,-1,4758,4781,4782,-1,4758,4782,4759,-1,4759,4782,4783,-1,4759,4783,4760,-1,4760,4783,4784,-1,4760,4784,4761,-1,4761,4784,4785,-1,4761,4785,4762,-1,4762,4785,4786,-1,4762,4786,4763,-1,4763,4786,4787,-1,4763,4787,4764,-1,4764,4787,4788,-1,4764,4788,4765,-1,4765,4788,4789,-1,4765,4789,4766,-1,4766,4789,4790,-1,4766,4790,4767,-1,4767,4790,4791,-1,4767,4791,4768,-1,4768,4791,4792,-1,4768,4792,4769,-1,4769,4792,4793,-1,4769,4793,4770,-1,4770,4793,4794,-1,4770,4794,4771,-1,4771,4794,4795,-1,4771,4795,4772,-1,4772,4795,4796,-1,4772,4796,4773,-1,4773,4796,4797,-1,4773,4797,4774,-1,4774,4797,4798,-1,4774,4798,4775,-1,4775,4798,4799,-1,4775,4799,4776,-1,4776,4799,4800,-1,4776,4800,4777,-1,4777,4800,4801,-1,4777,4801,4754,-1,4754,4801,4778,-1,4778,4802,4779,-1,4779,4802,4803,-1,4779,4803,4780,-1,4780,4803,4804,-1,4780,4804,4781,-1,4781,4804,4805,-1,4781,4805,4782,-1,4782,4805,4806,-1,4782,4806,4783,-1,4783,4806,4807,-1,4783,4807,4784,-1,4784,4807,4808,-1,4784,4808,4785,-1,4785,4808,4809,-1,4785,4809,4786,-1,4786,4809,4810,-1,4786,4810,4787,-1,4787,4810,4811,-1,4787,4811,4788,-1,4788,4811,4812,-1,4788,4812,4789,-1,4789,4812,4813,-1,4789,4813,4790,-1,4790,4813,4814,-1,4790,4814,4791,-1,4791,4814,4815,-1,4791,4815,4792,-1,4792,4815,4816,-1,4792,4816,4793,-1,4793,4816,4817,-1,4793,4817,4794,-1,4794,4817,4818,-1,4794,4818,4795,-1,4795,4818,4819,-1,4795,4819,4796,-1,4796,4819,4820,-1,4796,4820,4797,-1,4797,4820,4821,-1,4797,4821,4798,-1,4798,4821,4822,-1,4798,4822,4799,-1,4799,4822,4823,-1,4799,4823,4800,-1,4800,4823,4824,-1,4800,4824,4801,-1,4801,4824,4825,-1,4801,4825,4778,-1,4778,4825,4802,-1,4826,4825,4827,-1,4827,4825,4824,-1,4827,4824,4828,-1,4828,4824,4823,-1,4828,4823,4829,-1,4829,4823,4822,-1,4829,4822,4830,-1,4830,4822,4821,-1,4830,4821,4831,-1,4831,4821,4820,-1,4831,4820,4832,-1,4832,4820,4819,-1,4832,4819,4833,-1,4833,4819,4818,-1,4833,4818,4834,-1,4834,4818,4817,-1,4834,4817,4835,-1,4835,4817,4816,-1,4835,4816,4836,-1,4836,4816,4815,-1,4836,4815,4837,-1,4837,4815,4814,-1,4837,4814,4838,-1,4838,4814,4813,-1,4838,4813,4839,-1,4839,4813,4812,-1,4839,4812,4840,-1,4840,4812,4811,-1,4840,4811,4841,-1,4841,4811,4810,-1,4841,4810,4842,-1,4842,4810,4809,-1,4842,4809,4843,-1,4843,4809,4808,-1,4843,4808,4844,-1,4844,4808,4807,-1,4844,4807,4845,-1,4845,4807,4806,-1,4845,4806,4846,-1,4846,4806,4805,-1,4846,4805,4847,-1,4847,4805,4804,-1,4847,4804,4848,-1,4848,4804,4803,-1,4848,4803,4849,-1,4849,4803,4802,-1,4849,4802,4826,-1,4826,4802,4825,-1,4826,4850,4849,-1,4849,4850,4851,-1,4849,4851,4848,-1,4848,4851,4852,-1,4848,4852,4847,-1,4847,4852,4853,-1,4847,4853,4846,-1,4846,4853,4854,-1,4846,4854,4845,-1,4845,4854,4855,-1,4845,4855,4844,-1,4844,4855,4856,-1,4844,4856,4843,-1,4843,4856,4857,-1,4843,4857,4842,-1,4842,4857,4858,-1,4842,4858,4841,-1,4841,4858,4859,-1,4841,4859,4840,-1,4840,4859,4860,-1,4840,4860,4839,-1,4839,4860,4861,-1,4839,4861,4838,-1,4838,4861,4862,-1,4838,4862,4837,-1,4837,4862,4863,-1,4837,4863,4836,-1,4836,4863,4864,-1,4836,4864,4835,-1,4835,4864,4865,-1,4835,4865,4834,-1,4834,4865,4866,-1,4834,4866,4833,-1,4833,4866,4867,-1,4833,4867,4832,-1,4832,4867,4868,-1,4832,4868,4831,-1,4831,4868,4869,-1,4831,4869,4830,-1,4830,4869,4870,-1,4830,4870,4829,-1,4829,4870,4871,-1,4829,4871,4828,-1,4828,4871,4872,-1,4828,4872,4827,-1,4827,4872,4873,-1,4827,4873,4826,-1,4826,4873,4850,-1,4850,4874,4851,-1,4851,4874,4875,-1,4851,4875,4852,-1,4852,4875,4876,-1,4852,4876,4853,-1,4853,4876,4877,-1,4853,4877,4854,-1,4854,4877,4878,-1,4854,4878,4855,-1,4855,4878,4879,-1,4855,4879,4856,-1,4856,4879,4880,-1,4856,4880,4857,-1,4857,4880,4881,-1,4857,4881,4858,-1,4858,4881,4882,-1,4858,4882,4859,-1,4859,4882,4883,-1,4859,4883,4860,-1,4860,4883,4884,-1,4860,4884,4861,-1,4861,4884,4885,-1,4861,4885,4862,-1,4862,4885,4886,-1,4862,4886,4863,-1,4863,4886,4887,-1,4863,4887,4864,-1,4864,4887,4888,-1,4864,4888,4865,-1,4865,4888,4889,-1,4865,4889,4866,-1,4866,4889,4890,-1,4866,4890,4867,-1,4867,4890,4891,-1,4867,4891,4868,-1,4868,4891,4892,-1,4868,4892,4869,-1,4869,4892,4893,-1,4869,4893,4870,-1,4870,4893,4894,-1,4870,4894,4871,-1,4871,4894,4895,-1,4871,4895,4872,-1,4872,4895,4896,-1,4872,4896,4873,-1,4873,4896,4897,-1,4873,4897,4850,-1,4850,4897,4874,-1,4874,4898,4875,-1,4875,4898,4899,-1,4875,4899,4876,-1,4876,4899,4900,-1,4876,4900,4877,-1,4877,4900,4901,-1,4877,4901,4878,-1,4878,4901,4902,-1,4878,4902,4879,-1,4879,4902,4903,-1,4879,4903,4880,-1,4880,4903,4904,-1,4880,4904,4881,-1,4881,4904,4905,-1,4881,4905,4882,-1,4882,4905,4906,-1,4882,4906,4883,-1,4883,4906,4907,-1,4883,4907,4884,-1,4884,4907,4908,-1,4884,4908,4885,-1,4885,4908,4909,-1,4885,4909,4886,-1,4886,4909,4910,-1,4886,4910,4887,-1,4887,4910,4911,-1,4887,4911,4888,-1,4888,4911,4912,-1,4888,4912,4889,-1,4889,4912,4913,-1,4889,4913,4890,-1,4890,4913,4914,-1,4890,4914,4891,-1,4891,4914,4915,-1,4891,4915,4892,-1,4892,4915,4916,-1,4892,4916,4893,-1,4893,4916,4917,-1,4893,4917,4894,-1,4894,4917,4918,-1,4894,4918,4895,-1,4895,4918,4919,-1,4895,4919,4896,-1,4896,4919,4920,-1,4896,4920,4897,-1,4897,4920,4921,-1,4897,4921,4874,-1,4874,4921,4898,-1,4898,4922,4899,-1,4899,4922,4923,-1,4899,4923,4900,-1,4900,4923,4924,-1,4900,4924,4901,-1,4901,4924,4925,-1,4901,4925,4902,-1,4902,4925,4926,-1,4902,4926,4903,-1,4903,4926,4927,-1,4903,4927,4904,-1,4904,4927,4928,-1,4904,4928,4905,-1,4905,4928,4929,-1,4905,4929,4906,-1,4906,4929,4930,-1,4906,4930,4907,-1,4907,4930,4931,-1,4907,4931,4908,-1,4908,4931,4932,-1,4908,4932,4909,-1,4909,4932,4933,-1,4909,4933,4910,-1,4910,4933,4934,-1,4910,4934,4911,-1,4911,4934,4935,-1,4911,4935,4912,-1,4912,4935,4936,-1,4912,4936,4913,-1,4913,4936,4937,-1,4913,4937,4914,-1,4914,4937,4938,-1,4914,4938,4915,-1,4915,4938,4939,-1,4915,4939,4916,-1,4916,4939,4940,-1,4916,4940,4917,-1,4917,4940,4941,-1,4917,4941,4918,-1,4918,4941,4942,-1,4918,4942,4919,-1,4919,4942,4943,-1,4919,4943,4920,-1,4920,4943,4944,-1,4920,4944,4921,-1,4921,4944,4945,-1,4921,4945,4898,-1,4898,4945,4922,-1,4922,4946,4923,-1,4923,4946,4947,-1,4923,4947,4924,-1,4924,4947,4948,-1,4924,4948,4925,-1,4925,4948,4949,-1,4925,4949,4926,-1,4926,4949,4950,-1,4926,4950,4927,-1,4927,4950,4951,-1,4927,4951,4928,-1,4928,4951,4952,-1,4928,4952,4929,-1,4929,4952,4953,-1,4929,4953,4930,-1,4930,4953,4954,-1,4930,4954,4931,-1,4931,4954,4955,-1,4931,4955,4932,-1,4932,4955,4956,-1,4932,4956,4933,-1,4933,4956,4957,-1,4933,4957,4934,-1,4934,4957,4958,-1,4934,4958,4935,-1,4935,4958,4959,-1,4935,4959,4936,-1,4936,4959,4960,-1,4936,4960,4937,-1,4937,4960,4961,-1,4937,4961,4938,-1,4938,4961,4962,-1,4938,4962,4939,-1,4939,4962,4963,-1,4939,4963,4940,-1,4940,4963,4964,-1,4940,4964,4941,-1,4941,4964,4965,-1,4941,4965,4942,-1,4942,4965,4966,-1,4942,4966,4943,-1,4943,4966,4967,-1,4943,4967,4944,-1,4944,4967,4968,-1,4944,4968,4945,-1,4945,4968,4969,-1,4945,4969,4922,-1,4922,4969,4946,-1,4946,4970,4947,-1,4947,4970,4971,-1,4947,4971,4948,-1,4948,4971,4972,-1,4948,4972,4949,-1,4949,4972,4973,-1,4949,4973,4950,-1,4950,4973,4974,-1,4950,4974,4951,-1,4951,4974,4975,-1,4951,4975,4952,-1,4952,4975,4976,-1,4952,4976,4953,-1,4953,4976,4977,-1,4953,4977,4954,-1,4954,4977,4978,-1,4954,4978,4955,-1,4955,4978,4979,-1,4955,4979,4956,-1,4956,4979,4980,-1,4956,4980,4957,-1,4957,4980,4981,-1,4957,4981,4958,-1,4958,4981,4982,-1,4958,4982,4959,-1,4959,4982,4983,-1,4959,4983,4960,-1,4960,4983,4984,-1,4960,4984,4961,-1,4961,4984,4985,-1,4961,4985,4962,-1,4962,4985,4986,-1,4962,4986,4963,-1,4963,4986,4987,-1,4963,4987,4964,-1,4964,4987,4988,-1,4964,4988,4965,-1,4965,4988,4989,-1,4965,4989,4966,-1,4966,4989,4990,-1,4966,4990,4967,-1,4967,4990,4991,-1,4967,4991,4968,-1,4968,4991,4992,-1,4968,4992,4969,-1,4969,4992,4993,-1,4969,4993,4946,-1,4946,4993,4970,-1,4970,4994,4971,-1,4971,4994,4995,-1,4971,4995,4972,-1,4972,4995,4996,-1,4972,4996,4973,-1,4973,4996,4997,-1,4973,4997,4974,-1,4974,4997,4998,-1,4974,4998,4975,-1,4975,4998,4999,-1,4975,4999,4976,-1,4976,4999,5000,-1,4976,5000,4977,-1,4977,5000,5001,-1,4977,5001,4978,-1,4978,5001,5002,-1,4978,5002,4979,-1,4979,5002,5003,-1,4979,5003,4980,-1,4980,5003,5004,-1,4980,5004,4981,-1,4981,5004,5005,-1,4981,5005,4982,-1,4982,5005,5006,-1,4982,5006,4983,-1,4983,5006,5007,-1,4983,5007,4984,-1,4984,5007,5008,-1,4984,5008,4985,-1,4985,5008,5009,-1,4985,5009,4986,-1,4986,5009,5010,-1,4986,5010,4987,-1,4987,5010,5011,-1,4987,5011,4988,-1,4988,5011,5012,-1,4988,5012,4989,-1,4989,5012,5013,-1,4989,5013,4990,-1,4990,5013,5014,-1,4990,5014,4991,-1,4991,5014,5015,-1,4991,5015,4992,-1,4992,5015,5016,-1,4992,5016,4993,-1,4993,5016,5017,-1,4993,5017,4970,-1,4970,5017,4994,-1,4673,5011,4668,-1,4668,5011,5010,-1,4668,5010,4669,-1,4669,5010,5009,-1,4669,5009,4670,-1,4670,5009,5008,-1,4670,5008,4665,-1,4665,5008,5007,-1,4665,5007,4666,-1,4666,5007,5006,-1,4666,5006,4667,-1,4667,5006,5005,-1,4667,5005,4662,-1,4662,5005,5004,-1,4662,5004,4663,-1,4663,5004,5003,-1,4663,5003,4664,-1,4664,5003,5002,-1,4664,5002,4657,-1,4657,5002,5001,-1,4657,5001,4658,-1,4658,5001,5000,-1,4658,5000,4660,-1,4660,5000,4999,-1,4660,4999,4661,-1,4661,4999,4998,-1,4661,4998,4680,-1,4680,4998,4997,-1,4680,4997,4681,-1,4681,4997,4996,-1,4681,4996,4677,-1,4677,4996,4995,-1,4677,4995,4678,-1,4678,4995,4994,-1,4678,4994,4679,-1,4679,4994,5017,-1,4679,5017,4674,-1,4674,5017,5016,-1,4674,5016,4675,-1,4675,5016,5015,-1,4675,5015,4676,-1,4676,5015,5014,-1,4676,5014,4671,-1,4671,5014,5013,-1,4671,5013,4672,-1,4672,5013,5012,-1,4672,5012,4673,-1,4673,5012,5011,-1,5018,5019,5020,-1,5020,5019,5021,-1,5020,5021,5022,-1,5023,5024,5020,-1,5020,5024,5025,-1,5020,5025,5018,-1,5026,5027,5020,-1,5020,5027,5028,-1,5020,5028,5023,-1,5029,5030,5020,-1,5020,5030,5031,-1,5020,5031,5026,-1,5032,5033,5020,-1,5020,5033,5034,-1,5020,5034,5029,-1,5035,5036,5020,-1,5020,5036,5037,-1,5020,5037,5032,-1,5038,5039,5020,-1,5020,5039,5040,-1,5020,5040,5035,-1,5022,5041,5020,-1,5020,5041,5042,-1,5020,5042,5038,-1,5043,5044,5045,-1,5045,5044,5046,-1,5045,5046,5047,-1,5048,5049,5045,-1,5045,5049,5050,-1,5045,5050,5043,-1,5051,5052,5045,-1,5045,5052,5053,-1,5045,5053,5048,-1,5054,5055,5045,-1,5045,5055,5056,-1,5045,5056,5051,-1,5057,5058,5045,-1,5045,5058,5059,-1,5045,5059,5054,-1,5060,5061,5045,-1,5045,5061,5062,-1,5045,5062,5057,-1,5063,5064,5045,-1,5045,5064,5065,-1,5045,5065,5060,-1,5047,5066,5045,-1,5045,5066,5067,-1,5045,5067,5063,-1,5068,5019,5069,-1,5069,5019,5018,-1,5069,5018,5070,-1,5070,5018,5025,-1,5070,5025,5071,-1,5071,5025,5024,-1,5071,5024,5072,-1,5072,5024,5023,-1,5072,5023,5073,-1,5073,5023,5028,-1,5073,5028,5074,-1,5074,5028,5027,-1,5074,5027,5075,-1,5075,5027,5026,-1,5075,5026,5076,-1,5076,5026,5031,-1,5076,5031,5077,-1,5077,5031,5030,-1,5077,5030,5078,-1,5078,5030,5029,-1,5078,5029,5079,-1,5079,5029,5034,-1,5079,5034,5080,-1,5080,5034,5033,-1,5080,5033,5081,-1,5081,5033,5032,-1,5081,5032,5082,-1,5082,5032,5037,-1,5082,5037,5083,-1,5083,5037,5036,-1,5083,5036,5084,-1,5084,5036,5035,-1,5084,5035,5085,-1,5085,5035,5040,-1,5085,5040,5086,-1,5086,5040,5039,-1,5086,5039,5087,-1,5087,5039,5038,-1,5087,5038,5088,-1,5088,5038,5042,-1,5088,5042,5089,-1,5089,5042,5041,-1,5089,5041,5090,-1,5090,5041,5022,-1,5090,5022,5091,-1,5091,5022,5021,-1,5091,5021,5068,-1,5068,5021,5019,-1,5074,5092,5073,-1,5073,5092,5093,-1,5073,5093,5072,-1,5072,5093,5094,-1,5072,5094,5071,-1,5071,5094,5095,-1,5071,5095,5070,-1,5070,5095,5096,-1,5070,5096,5069,-1,5069,5096,5097,-1,5069,5097,5068,-1,5068,5097,5098,-1,5068,5098,5091,-1,5091,5098,5099,-1,5091,5099,5090,-1,5090,5099,5100,-1,5090,5100,5089,-1,5089,5100,5101,-1,5089,5101,5088,-1,5088,5101,5102,-1,5088,5102,5087,-1,5087,5102,5103,-1,5087,5103,5086,-1,5086,5103,5104,-1,5086,5104,5085,-1,5085,5104,5105,-1,5085,5105,5084,-1,5084,5105,5106,-1,5084,5106,5083,-1,5083,5106,5107,-1,5083,5107,5082,-1,5082,5107,5108,-1,5082,5108,5081,-1,5081,5108,5109,-1,5081,5109,5080,-1,5080,5109,5110,-1,5080,5110,5079,-1,5079,5110,5111,-1,5079,5111,5078,-1,5078,5111,5112,-1,5078,5112,5077,-1,5077,5112,5113,-1,5077,5113,5076,-1,5076,5113,5114,-1,5076,5114,5075,-1,5075,5114,5115,-1,5075,5115,5074,-1,5074,5115,5092,-1,5092,5116,5093,-1,5093,5116,5117,-1,5093,5117,5094,-1,5094,5117,5118,-1,5094,5118,5095,-1,5095,5118,5119,-1,5095,5119,5096,-1,5096,5119,5120,-1,5096,5120,5097,-1,5097,5120,5121,-1,5097,5121,5098,-1,5098,5121,5122,-1,5098,5122,5099,-1,5099,5122,5123,-1,5099,5123,5100,-1,5100,5123,5124,-1,5100,5124,5101,-1,5101,5124,5125,-1,5101,5125,5102,-1,5102,5125,5126,-1,5102,5126,5103,-1,5103,5126,5127,-1,5103,5127,5104,-1,5104,5127,5128,-1,5104,5128,5105,-1,5105,5128,5129,-1,5105,5129,5106,-1,5106,5129,5130,-1,5106,5130,5107,-1,5107,5130,5131,-1,5107,5131,5108,-1,5108,5131,5132,-1,5108,5132,5109,-1,5109,5132,5133,-1,5109,5133,5110,-1,5110,5133,5134,-1,5110,5134,5111,-1,5111,5134,5135,-1,5111,5135,5112,-1,5112,5135,5136,-1,5112,5136,5113,-1,5113,5136,5137,-1,5113,5137,5114,-1,5114,5137,5138,-1,5114,5138,5115,-1,5115,5138,5139,-1,5115,5139,5092,-1,5092,5139,5116,-1,5116,5140,5117,-1,5117,5140,5141,-1,5117,5141,5118,-1,5118,5141,5142,-1,5118,5142,5119,-1,5119,5142,5143,-1,5119,5143,5120,-1,5120,5143,5144,-1,5120,5144,5121,-1,5121,5144,5145,-1,5121,5145,5122,-1,5122,5145,5146,-1,5122,5146,5123,-1,5123,5146,5147,-1,5123,5147,5124,-1,5124,5147,5148,-1,5124,5148,5125,-1,5125,5148,5149,-1,5125,5149,5126,-1,5126,5149,5150,-1,5126,5150,5127,-1,5127,5150,5151,-1,5127,5151,5128,-1,5128,5151,5152,-1,5128,5152,5129,-1,5129,5152,5153,-1,5129,5153,5130,-1,5130,5153,5154,-1,5130,5154,5131,-1,5131,5154,5155,-1,5131,5155,5132,-1,5132,5155,5156,-1,5132,5156,5133,-1,5133,5156,5157,-1,5133,5157,5134,-1,5134,5157,5158,-1,5134,5158,5135,-1,5135,5158,5159,-1,5135,5159,5136,-1,5136,5159,5160,-1,5136,5160,5137,-1,5137,5160,5161,-1,5137,5161,5138,-1,5138,5161,5162,-1,5138,5162,5139,-1,5139,5162,5163,-1,5139,5163,5116,-1,5116,5163,5140,-1,5140,5164,5141,-1,5141,5164,5165,-1,5141,5165,5142,-1,5142,5165,5166,-1,5142,5166,5143,-1,5143,5166,5167,-1,5143,5167,5144,-1,5144,5167,5168,-1,5144,5168,5145,-1,5145,5168,5169,-1,5145,5169,5146,-1,5146,5169,5170,-1,5146,5170,5147,-1,5147,5170,5171,-1,5147,5171,5148,-1,5148,5171,5172,-1,5148,5172,5149,-1,5149,5172,5173,-1,5149,5173,5150,-1,5150,5173,5174,-1,5150,5174,5151,-1,5151,5174,5175,-1,5151,5175,5152,-1,5152,5175,5176,-1,5152,5176,5153,-1,5153,5176,5177,-1,5153,5177,5154,-1,5154,5177,5178,-1,5154,5178,5155,-1,5155,5178,5179,-1,5155,5179,5156,-1,5156,5179,5180,-1,5156,5180,5157,-1,5157,5180,5181,-1,5157,5181,5158,-1,5158,5181,5182,-1,5158,5182,5159,-1,5159,5182,5183,-1,5159,5183,5160,-1,5160,5183,5184,-1,5160,5184,5161,-1,5161,5184,5185,-1,5161,5185,5162,-1,5162,5185,5186,-1,5162,5186,5163,-1,5163,5186,5187,-1,5163,5187,5140,-1,5140,5187,5164,-1,5164,5188,5165,-1,5165,5188,5189,-1,5165,5189,5166,-1,5166,5189,5190,-1,5166,5190,5167,-1,5167,5190,5191,-1,5167,5191,5168,-1,5168,5191,5192,-1,5168,5192,5169,-1,5169,5192,5193,-1,5169,5193,5170,-1,5170,5193,5194,-1,5170,5194,5171,-1,5171,5194,5195,-1,5171,5195,5172,-1,5172,5195,5196,-1,5172,5196,5173,-1,5173,5196,5197,-1,5173,5197,5174,-1,5174,5197,5198,-1,5174,5198,5175,-1,5175,5198,5199,-1,5175,5199,5176,-1,5176,5199,5200,-1,5176,5200,5177,-1,5177,5200,5201,-1,5177,5201,5178,-1,5178,5201,5202,-1,5178,5202,5179,-1,5179,5202,5203,-1,5179,5203,5180,-1,5180,5203,5204,-1,5180,5204,5181,-1,5181,5204,5205,-1,5181,5205,5182,-1,5182,5205,5206,-1,5182,5206,5183,-1,5183,5206,5207,-1,5183,5207,5184,-1,5184,5207,5208,-1,5184,5208,5185,-1,5185,5208,5209,-1,5185,5209,5186,-1,5186,5209,5210,-1,5186,5210,5187,-1,5187,5210,5211,-1,5187,5211,5164,-1,5164,5211,5188,-1,5212,5211,5213,-1,5213,5211,5210,-1,5213,5210,5214,-1,5214,5210,5209,-1,5214,5209,5215,-1,5215,5209,5208,-1,5215,5208,5216,-1,5216,5208,5207,-1,5216,5207,5217,-1,5217,5207,5206,-1,5217,5206,5218,-1,5218,5206,5205,-1,5218,5205,5219,-1,5219,5205,5204,-1,5219,5204,5220,-1,5220,5204,5203,-1,5220,5203,5221,-1,5221,5203,5202,-1,5221,5202,5222,-1,5222,5202,5201,-1,5222,5201,5223,-1,5223,5201,5200,-1,5223,5200,5224,-1,5224,5200,5199,-1,5224,5199,5225,-1,5225,5199,5198,-1,5225,5198,5226,-1,5226,5198,5197,-1,5226,5197,5227,-1,5227,5197,5196,-1,5227,5196,5228,-1,5228,5196,5195,-1,5228,5195,5229,-1,5229,5195,5194,-1,5229,5194,5230,-1,5230,5194,5193,-1,5230,5193,5231,-1,5231,5193,5192,-1,5231,5192,5232,-1,5232,5192,5191,-1,5232,5191,5233,-1,5233,5191,5190,-1,5233,5190,5234,-1,5234,5190,5189,-1,5234,5189,5235,-1,5235,5189,5188,-1,5235,5188,5212,-1,5212,5188,5211,-1,5212,5236,5235,-1,5235,5236,5237,-1,5235,5237,5234,-1,5234,5237,5238,-1,5234,5238,5233,-1,5233,5238,5239,-1,5233,5239,5232,-1,5232,5239,5240,-1,5232,5240,5231,-1,5231,5240,5241,-1,5231,5241,5230,-1,5230,5241,5242,-1,5230,5242,5229,-1,5229,5242,5243,-1,5229,5243,5228,-1,5228,5243,5244,-1,5228,5244,5227,-1,5227,5244,5245,-1,5227,5245,5226,-1,5226,5245,5246,-1,5226,5246,5225,-1,5225,5246,5247,-1,5225,5247,5224,-1,5224,5247,5248,-1,5224,5248,5223,-1,5223,5248,5249,-1,5223,5249,5222,-1,5222,5249,5250,-1,5222,5250,5221,-1,5221,5250,5251,-1,5221,5251,5220,-1,5220,5251,5252,-1,5220,5252,5219,-1,5219,5252,5253,-1,5219,5253,5218,-1,5218,5253,5254,-1,5218,5254,5217,-1,5217,5254,5255,-1,5217,5255,5216,-1,5216,5255,5256,-1,5216,5256,5215,-1,5215,5256,5257,-1,5215,5257,5214,-1,5214,5257,5258,-1,5214,5258,5213,-1,5213,5258,5259,-1,5213,5259,5212,-1,5212,5259,5236,-1,5236,5260,5237,-1,5237,5260,5261,-1,5237,5261,5238,-1,5238,5261,5262,-1,5238,5262,5239,-1,5239,5262,5263,-1,5239,5263,5240,-1,5240,5263,5264,-1,5240,5264,5241,-1,5241,5264,5265,-1,5241,5265,5242,-1,5242,5265,5266,-1,5242,5266,5243,-1,5243,5266,5267,-1,5243,5267,5244,-1,5244,5267,5268,-1,5244,5268,5245,-1,5245,5268,5269,-1,5245,5269,5246,-1,5246,5269,5270,-1,5246,5270,5247,-1,5247,5270,5271,-1,5247,5271,5248,-1,5248,5271,5272,-1,5248,5272,5249,-1,5249,5272,5273,-1,5249,5273,5250,-1,5250,5273,5274,-1,5250,5274,5251,-1,5251,5274,5275,-1,5251,5275,5252,-1,5252,5275,5276,-1,5252,5276,5253,-1,5253,5276,5277,-1,5253,5277,5254,-1,5254,5277,5278,-1,5254,5278,5255,-1,5255,5278,5279,-1,5255,5279,5256,-1,5256,5279,5280,-1,5256,5280,5257,-1,5257,5280,5281,-1,5257,5281,5258,-1,5258,5281,5282,-1,5258,5282,5259,-1,5259,5282,5283,-1,5259,5283,5236,-1,5236,5283,5260,-1,5260,5284,5261,-1,5261,5284,5285,-1,5261,5285,5262,-1,5262,5285,5286,-1,5262,5286,5263,-1,5263,5286,5287,-1,5263,5287,5264,-1,5264,5287,5288,-1,5264,5288,5265,-1,5265,5288,5289,-1,5265,5289,5266,-1,5266,5289,5290,-1,5266,5290,5267,-1,5267,5290,5291,-1,5267,5291,5268,-1,5268,5291,5292,-1,5268,5292,5269,-1,5269,5292,5293,-1,5269,5293,5270,-1,5270,5293,5294,-1,5270,5294,5271,-1,5271,5294,5295,-1,5271,5295,5272,-1,5272,5295,5296,-1,5272,5296,5273,-1,5273,5296,5297,-1,5273,5297,5274,-1,5274,5297,5298,-1,5274,5298,5275,-1,5275,5298,5299,-1,5275,5299,5276,-1,5276,5299,5300,-1,5276,5300,5277,-1,5277,5300,5301,-1,5277,5301,5278,-1,5278,5301,5302,-1,5278,5302,5279,-1,5279,5302,5303,-1,5279,5303,5280,-1,5280,5303,5304,-1,5280,5304,5281,-1,5281,5304,5305,-1,5281,5305,5282,-1,5282,5305,5306,-1,5282,5306,5283,-1,5283,5306,5307,-1,5283,5307,5260,-1,5260,5307,5284,-1,5284,5308,5285,-1,5285,5308,5309,-1,5285,5309,5286,-1,5286,5309,5310,-1,5286,5310,5287,-1,5287,5310,5311,-1,5287,5311,5288,-1,5288,5311,5312,-1,5288,5312,5289,-1,5289,5312,5313,-1,5289,5313,5290,-1,5290,5313,5314,-1,5290,5314,5291,-1,5291,5314,5315,-1,5291,5315,5292,-1,5292,5315,5316,-1,5292,5316,5293,-1,5293,5316,5317,-1,5293,5317,5294,-1,5294,5317,5318,-1,5294,5318,5295,-1,5295,5318,5319,-1,5295,5319,5296,-1,5296,5319,5320,-1,5296,5320,5297,-1,5297,5320,5321,-1,5297,5321,5298,-1,5298,5321,5322,-1,5298,5322,5299,-1,5299,5322,5323,-1,5299,5323,5300,-1,5300,5323,5324,-1,5300,5324,5301,-1,5301,5324,5325,-1,5301,5325,5302,-1,5302,5325,5326,-1,5302,5326,5303,-1,5303,5326,5327,-1,5303,5327,5304,-1,5304,5327,5328,-1,5304,5328,5305,-1,5305,5328,5329,-1,5305,5329,5306,-1,5306,5329,5330,-1,5306,5330,5307,-1,5307,5330,5331,-1,5307,5331,5284,-1,5284,5331,5308,-1,5308,5332,5309,-1,5309,5332,5333,-1,5309,5333,5310,-1,5310,5333,5334,-1,5310,5334,5311,-1,5311,5334,5335,-1,5311,5335,5312,-1,5312,5335,5336,-1,5312,5336,5313,-1,5313,5336,5337,-1,5313,5337,5314,-1,5314,5337,5338,-1,5314,5338,5315,-1,5315,5338,5339,-1,5315,5339,5316,-1,5316,5339,5340,-1,5316,5340,5317,-1,5317,5340,5341,-1,5317,5341,5318,-1,5318,5341,5342,-1,5318,5342,5319,-1,5319,5342,5343,-1,5319,5343,5320,-1,5320,5343,5344,-1,5320,5344,5321,-1,5321,5344,5345,-1,5321,5345,5322,-1,5322,5345,5346,-1,5322,5346,5323,-1,5323,5346,5347,-1,5323,5347,5324,-1,5324,5347,5348,-1,5324,5348,5325,-1,5325,5348,5349,-1,5325,5349,5326,-1,5326,5349,5350,-1,5326,5350,5327,-1,5327,5350,5351,-1,5327,5351,5328,-1,5328,5351,5352,-1,5328,5352,5329,-1,5329,5352,5353,-1,5329,5353,5330,-1,5330,5353,5354,-1,5330,5354,5331,-1,5331,5354,5355,-1,5331,5355,5308,-1,5308,5355,5332,-1,5332,5356,5333,-1,5333,5356,5357,-1,5333,5357,5334,-1,5334,5357,5358,-1,5334,5358,5335,-1,5335,5358,5359,-1,5335,5359,5336,-1,5336,5359,5360,-1,5336,5360,5337,-1,5337,5360,5361,-1,5337,5361,5338,-1,5338,5361,5362,-1,5338,5362,5339,-1,5339,5362,5363,-1,5339,5363,5340,-1,5340,5363,5364,-1,5340,5364,5341,-1,5341,5364,5365,-1,5341,5365,5342,-1,5342,5365,5366,-1,5342,5366,5343,-1,5343,5366,5367,-1,5343,5367,5344,-1,5344,5367,5368,-1,5344,5368,5345,-1,5345,5368,5369,-1,5345,5369,5346,-1,5346,5369,5370,-1,5346,5370,5347,-1,5347,5370,5371,-1,5347,5371,5348,-1,5348,5371,5372,-1,5348,5372,5349,-1,5349,5372,5373,-1,5349,5373,5350,-1,5350,5373,5374,-1,5350,5374,5351,-1,5351,5374,5375,-1,5351,5375,5352,-1,5352,5375,5376,-1,5352,5376,5353,-1,5353,5376,5377,-1,5353,5377,5354,-1,5354,5377,5378,-1,5354,5378,5355,-1,5355,5378,5379,-1,5355,5379,5332,-1,5332,5379,5356,-1,5356,5380,5357,-1,5357,5380,5381,-1,5357,5381,5358,-1,5358,5381,5382,-1,5358,5382,5359,-1,5359,5382,5383,-1,5359,5383,5360,-1,5360,5383,5384,-1,5360,5384,5361,-1,5361,5384,5385,-1,5361,5385,5362,-1,5362,5385,5386,-1,5362,5386,5363,-1,5363,5386,5387,-1,5363,5387,5364,-1,5364,5387,5388,-1,5364,5388,5365,-1,5365,5388,5389,-1,5365,5389,5366,-1,5366,5389,5390,-1,5366,5390,5367,-1,5367,5390,5391,-1,5367,5391,5368,-1,5368,5391,5392,-1,5368,5392,5369,-1,5369,5392,5393,-1,5369,5393,5370,-1,5370,5393,5394,-1,5370,5394,5371,-1,5371,5394,5395,-1,5371,5395,5372,-1,5372,5395,5396,-1,5372,5396,5373,-1,5373,5396,5397,-1,5373,5397,5374,-1,5374,5397,5398,-1,5374,5398,5375,-1,5375,5398,5399,-1,5375,5399,5376,-1,5376,5399,5400,-1,5376,5400,5377,-1,5377,5400,5401,-1,5377,5401,5378,-1,5378,5401,5402,-1,5378,5402,5379,-1,5379,5402,5403,-1,5379,5403,5356,-1,5356,5403,5380,-1,5059,5397,5054,-1,5054,5397,5396,-1,5054,5396,5055,-1,5055,5396,5395,-1,5055,5395,5056,-1,5056,5395,5394,-1,5056,5394,5051,-1,5051,5394,5393,-1,5051,5393,5052,-1,5052,5393,5392,-1,5052,5392,5053,-1,5053,5392,5391,-1,5053,5391,5048,-1,5048,5391,5390,-1,5048,5390,5049,-1,5049,5390,5389,-1,5049,5389,5050,-1,5050,5389,5388,-1,5050,5388,5043,-1,5043,5388,5387,-1,5043,5387,5044,-1,5044,5387,5386,-1,5044,5386,5046,-1,5046,5386,5385,-1,5046,5385,5047,-1,5047,5385,5384,-1,5047,5384,5066,-1,5066,5384,5383,-1,5066,5383,5067,-1,5067,5383,5382,-1,5067,5382,5063,-1,5063,5382,5381,-1,5063,5381,5064,-1,5064,5381,5380,-1,5064,5380,5065,-1,5065,5380,5403,-1,5065,5403,5060,-1,5060,5403,5402,-1,5060,5402,5061,-1,5061,5402,5401,-1,5061,5401,5062,-1,5062,5401,5400,-1,5062,5400,5057,-1,5057,5400,5399,-1,5057,5399,5058,-1,5058,5399,5398,-1,5058,5398,5059,-1,5059,5398,5397,-1,5404,5405,5406,-1,5406,5405,5407,-1,5406,5407,5408,-1,5409,5410,5406,-1,5406,5410,5411,-1,5406,5411,5404,-1,5412,5413,5406,-1,5406,5413,5414,-1,5406,5414,5409,-1,5415,5416,5406,-1,5406,5416,5417,-1,5406,5417,5412,-1,5418,5419,5406,-1,5406,5419,5420,-1,5406,5420,5415,-1,5421,5422,5406,-1,5406,5422,5423,-1,5406,5423,5418,-1,5424,5425,5406,-1,5406,5425,5426,-1,5406,5426,5421,-1,5408,5427,5406,-1,5406,5427,5428,-1,5406,5428,5424,-1,5429,5430,5431,-1,5431,5430,5432,-1,5431,5432,5433,-1,5434,5435,5431,-1,5431,5435,5436,-1,5431,5436,5429,-1,5437,5438,5431,-1,5431,5438,5439,-1,5431,5439,5434,-1,5440,5441,5431,-1,5431,5441,5442,-1,5431,5442,5437,-1,5443,5444,5431,-1,5431,5444,5445,-1,5431,5445,5440,-1,5446,5447,5431,-1,5431,5447,5448,-1,5431,5448,5443,-1,5449,5450,5431,-1,5431,5450,5451,-1,5431,5451,5446,-1,5433,5452,5431,-1,5431,5452,5453,-1,5431,5453,5449,-1,5454,5405,5455,-1,5455,5405,5404,-1,5455,5404,5456,-1,5456,5404,5411,-1,5456,5411,5457,-1,5457,5411,5410,-1,5457,5410,5458,-1,5458,5410,5409,-1,5458,5409,5459,-1,5459,5409,5414,-1,5459,5414,5460,-1,5460,5414,5413,-1,5460,5413,5461,-1,5461,5413,5412,-1,5461,5412,5462,-1,5462,5412,5417,-1,5462,5417,5463,-1,5463,5417,5416,-1,5463,5416,5464,-1,5464,5416,5415,-1,5464,5415,5465,-1,5465,5415,5420,-1,5465,5420,5466,-1,5466,5420,5419,-1,5466,5419,5467,-1,5467,5419,5418,-1,5467,5418,5468,-1,5468,5418,5423,-1,5468,5423,5469,-1,5469,5423,5422,-1,5469,5422,5470,-1,5470,5422,5421,-1,5470,5421,5471,-1,5471,5421,5426,-1,5471,5426,5472,-1,5472,5426,5425,-1,5472,5425,5473,-1,5473,5425,5424,-1,5473,5424,5474,-1,5474,5424,5428,-1,5474,5428,5475,-1,5475,5428,5427,-1,5475,5427,5476,-1,5476,5427,5408,-1,5476,5408,5477,-1,5477,5408,5407,-1,5477,5407,5454,-1,5454,5407,5405,-1,5460,5478,5459,-1,5459,5478,5479,-1,5459,5479,5458,-1,5458,5479,5480,-1,5458,5480,5457,-1,5457,5480,5481,-1,5457,5481,5456,-1,5456,5481,5482,-1,5456,5482,5455,-1,5455,5482,5483,-1,5455,5483,5454,-1,5454,5483,5484,-1,5454,5484,5477,-1,5477,5484,5485,-1,5477,5485,5476,-1,5476,5485,5486,-1,5476,5486,5475,-1,5475,5486,5487,-1,5475,5487,5474,-1,5474,5487,5488,-1,5474,5488,5473,-1,5473,5488,5489,-1,5473,5489,5472,-1,5472,5489,5490,-1,5472,5490,5471,-1,5471,5490,5491,-1,5471,5491,5470,-1,5470,5491,5492,-1,5470,5492,5469,-1,5469,5492,5493,-1,5469,5493,5468,-1,5468,5493,5494,-1,5468,5494,5467,-1,5467,5494,5495,-1,5467,5495,5466,-1,5466,5495,5496,-1,5466,5496,5465,-1,5465,5496,5497,-1,5465,5497,5464,-1,5464,5497,5498,-1,5464,5498,5463,-1,5463,5498,5499,-1,5463,5499,5462,-1,5462,5499,5500,-1,5462,5500,5461,-1,5461,5500,5501,-1,5461,5501,5460,-1,5460,5501,5478,-1,5478,5502,5479,-1,5479,5502,5503,-1,5479,5503,5480,-1,5480,5503,5504,-1,5480,5504,5481,-1,5481,5504,5505,-1,5481,5505,5482,-1,5482,5505,5506,-1,5482,5506,5483,-1,5483,5506,5507,-1,5483,5507,5484,-1,5484,5507,5508,-1,5484,5508,5485,-1,5485,5508,5509,-1,5485,5509,5486,-1,5486,5509,5510,-1,5486,5510,5487,-1,5487,5510,5511,-1,5487,5511,5488,-1,5488,5511,5512,-1,5488,5512,5489,-1,5489,5512,5513,-1,5489,5513,5490,-1,5490,5513,5514,-1,5490,5514,5491,-1,5491,5514,5515,-1,5491,5515,5492,-1,5492,5515,5516,-1,5492,5516,5493,-1,5493,5516,5517,-1,5493,5517,5494,-1,5494,5517,5518,-1,5494,5518,5495,-1,5495,5518,5519,-1,5495,5519,5496,-1,5496,5519,5520,-1,5496,5520,5497,-1,5497,5520,5521,-1,5497,5521,5498,-1,5498,5521,5522,-1,5498,5522,5499,-1,5499,5522,5523,-1,5499,5523,5500,-1,5500,5523,5524,-1,5500,5524,5501,-1,5501,5524,5525,-1,5501,5525,5478,-1,5478,5525,5502,-1,5502,5526,5503,-1,5503,5526,5527,-1,5503,5527,5504,-1,5504,5527,5528,-1,5504,5528,5505,-1,5505,5528,5529,-1,5505,5529,5506,-1,5506,5529,5530,-1,5506,5530,5507,-1,5507,5530,5531,-1,5507,5531,5508,-1,5508,5531,5532,-1,5508,5532,5509,-1,5509,5532,5533,-1,5509,5533,5510,-1,5510,5533,5534,-1,5510,5534,5511,-1,5511,5534,5535,-1,5511,5535,5512,-1,5512,5535,5536,-1,5512,5536,5513,-1,5513,5536,5537,-1,5513,5537,5514,-1,5514,5537,5538,-1,5514,5538,5515,-1,5515,5538,5539,-1,5515,5539,5516,-1,5516,5539,5540,-1,5516,5540,5517,-1,5517,5540,5541,-1,5517,5541,5518,-1,5518,5541,5542,-1,5518,5542,5519,-1,5519,5542,5543,-1,5519,5543,5520,-1,5520,5543,5544,-1,5520,5544,5521,-1,5521,5544,5545,-1,5521,5545,5522,-1,5522,5545,5546,-1,5522,5546,5523,-1,5523,5546,5547,-1,5523,5547,5524,-1,5524,5547,5548,-1,5524,5548,5525,-1,5525,5548,5549,-1,5525,5549,5502,-1,5502,5549,5526,-1,5526,5550,5527,-1,5527,5550,5551,-1,5527,5551,5528,-1,5528,5551,5552,-1,5528,5552,5529,-1,5529,5552,5553,-1,5529,5553,5530,-1,5530,5553,5554,-1,5530,5554,5531,-1,5531,5554,5555,-1,5531,5555,5532,-1,5532,5555,5556,-1,5532,5556,5533,-1,5533,5556,5557,-1,5533,5557,5534,-1,5534,5557,5558,-1,5534,5558,5535,-1,5535,5558,5559,-1,5535,5559,5536,-1,5536,5559,5560,-1,5536,5560,5537,-1,5537,5560,5561,-1,5537,5561,5538,-1,5538,5561,5562,-1,5538,5562,5539,-1,5539,5562,5563,-1,5539,5563,5540,-1,5540,5563,5564,-1,5540,5564,5541,-1,5541,5564,5565,-1,5541,5565,5542,-1,5542,5565,5566,-1,5542,5566,5543,-1,5543,5566,5567,-1,5543,5567,5544,-1,5544,5567,5568,-1,5544,5568,5545,-1,5545,5568,5569,-1,5545,5569,5546,-1,5546,5569,5570,-1,5546,5570,5547,-1,5547,5570,5571,-1,5547,5571,5548,-1,5548,5571,5572,-1,5548,5572,5549,-1,5549,5572,5573,-1,5549,5573,5526,-1,5526,5573,5550,-1,5550,5574,5551,-1,5551,5574,5575,-1,5551,5575,5552,-1,5552,5575,5576,-1,5552,5576,5553,-1,5553,5576,5577,-1,5553,5577,5554,-1,5554,5577,5578,-1,5554,5578,5555,-1,5555,5578,5579,-1,5555,5579,5556,-1,5556,5579,5580,-1,5556,5580,5557,-1,5557,5580,5581,-1,5557,5581,5558,-1,5558,5581,5582,-1,5558,5582,5559,-1,5559,5582,5583,-1,5559,5583,5560,-1,5560,5583,5584,-1,5560,5584,5561,-1,5561,5584,5585,-1,5561,5585,5562,-1,5562,5585,5586,-1,5562,5586,5563,-1,5563,5586,5587,-1,5563,5587,5564,-1,5564,5587,5588,-1,5564,5588,5565,-1,5565,5588,5589,-1,5565,5589,5566,-1,5566,5589,5590,-1,5566,5590,5567,-1,5567,5590,5591,-1,5567,5591,5568,-1,5568,5591,5592,-1,5568,5592,5569,-1,5569,5592,5593,-1,5569,5593,5570,-1,5570,5593,5594,-1,5570,5594,5571,-1,5571,5594,5595,-1,5571,5595,5572,-1,5572,5595,5596,-1,5572,5596,5573,-1,5573,5596,5597,-1,5573,5597,5550,-1,5550,5597,5574,-1,5598,5597,5599,-1,5599,5597,5596,-1,5599,5596,5600,-1,5600,5596,5595,-1,5600,5595,5601,-1,5601,5595,5594,-1,5601,5594,5602,-1,5602,5594,5593,-1,5602,5593,5603,-1,5603,5593,5592,-1,5603,5592,5604,-1,5604,5592,5591,-1,5604,5591,5605,-1,5605,5591,5590,-1,5605,5590,5606,-1,5606,5590,5589,-1,5606,5589,5607,-1,5607,5589,5588,-1,5607,5588,5608,-1,5608,5588,5587,-1,5608,5587,5609,-1,5609,5587,5586,-1,5609,5586,5610,-1,5610,5586,5585,-1,5610,5585,5611,-1,5611,5585,5584,-1,5611,5584,5612,-1,5612,5584,5583,-1,5612,5583,5613,-1,5613,5583,5582,-1,5613,5582,5614,-1,5614,5582,5581,-1,5614,5581,5615,-1,5615,5581,5580,-1,5615,5580,5616,-1,5616,5580,5579,-1,5616,5579,5617,-1,5617,5579,5578,-1,5617,5578,5618,-1,5618,5578,5577,-1,5618,5577,5619,-1,5619,5577,5576,-1,5619,5576,5620,-1,5620,5576,5575,-1,5620,5575,5621,-1,5621,5575,5574,-1,5621,5574,5598,-1,5598,5574,5597,-1,5598,5622,5621,-1,5621,5622,5623,-1,5621,5623,5620,-1,5620,5623,5624,-1,5620,5624,5619,-1,5619,5624,5625,-1,5619,5625,5618,-1,5618,5625,5626,-1,5618,5626,5617,-1,5617,5626,5627,-1,5617,5627,5616,-1,5616,5627,5628,-1,5616,5628,5615,-1,5615,5628,5629,-1,5615,5629,5614,-1,5614,5629,5630,-1,5614,5630,5613,-1,5613,5630,5631,-1,5613,5631,5612,-1,5612,5631,5632,-1,5612,5632,5611,-1,5611,5632,5633,-1,5611,5633,5610,-1,5610,5633,5634,-1,5610,5634,5609,-1,5609,5634,5635,-1,5609,5635,5608,-1,5608,5635,5636,-1,5608,5636,5607,-1,5607,5636,5637,-1,5607,5637,5606,-1,5606,5637,5638,-1,5606,5638,5605,-1,5605,5638,5639,-1,5605,5639,5604,-1,5604,5639,5640,-1,5604,5640,5603,-1,5603,5640,5641,-1,5603,5641,5602,-1,5602,5641,5642,-1,5602,5642,5601,-1,5601,5642,5643,-1,5601,5643,5600,-1,5600,5643,5644,-1,5600,5644,5599,-1,5599,5644,5645,-1,5599,5645,5598,-1,5598,5645,5622,-1,5622,5646,5623,-1,5623,5646,5647,-1,5623,5647,5624,-1,5624,5647,5648,-1,5624,5648,5625,-1,5625,5648,5649,-1,5625,5649,5626,-1,5626,5649,5650,-1,5626,5650,5627,-1,5627,5650,5651,-1,5627,5651,5628,-1,5628,5651,5652,-1,5628,5652,5629,-1,5629,5652,5653,-1,5629,5653,5630,-1,5630,5653,5654,-1,5630,5654,5631,-1,5631,5654,5655,-1,5631,5655,5632,-1,5632,5655,5656,-1,5632,5656,5633,-1,5633,5656,5657,-1,5633,5657,5634,-1,5634,5657,5658,-1,5634,5658,5635,-1,5635,5658,5659,-1,5635,5659,5636,-1,5636,5659,5660,-1,5636,5660,5637,-1,5637,5660,5661,-1,5637,5661,5638,-1,5638,5661,5662,-1,5638,5662,5639,-1,5639,5662,5663,-1,5639,5663,5640,-1,5640,5663,5664,-1,5640,5664,5641,-1,5641,5664,5665,-1,5641,5665,5642,-1,5642,5665,5666,-1,5642,5666,5643,-1,5643,5666,5667,-1,5643,5667,5644,-1,5644,5667,5668,-1,5644,5668,5645,-1,5645,5668,5669,-1,5645,5669,5622,-1,5622,5669,5646,-1,5646,5670,5647,-1,5647,5670,5671,-1,5647,5671,5648,-1,5648,5671,5672,-1,5648,5672,5649,-1,5649,5672,5673,-1,5649,5673,5650,-1,5650,5673,5674,-1,5650,5674,5651,-1,5651,5674,5675,-1,5651,5675,5652,-1,5652,5675,5676,-1,5652,5676,5653,-1,5653,5676,5677,-1,5653,5677,5654,-1,5654,5677,5678,-1,5654,5678,5655,-1,5655,5678,5679,-1,5655,5679,5656,-1,5656,5679,5680,-1,5656,5680,5657,-1,5657,5680,5681,-1,5657,5681,5658,-1,5658,5681,5682,-1,5658,5682,5659,-1,5659,5682,5683,-1,5659,5683,5660,-1,5660,5683,5684,-1,5660,5684,5661,-1,5661,5684,5685,-1,5661,5685,5662,-1,5662,5685,5686,-1,5662,5686,5663,-1,5663,5686,5687,-1,5663,5687,5664,-1,5664,5687,5688,-1,5664,5688,5665,-1,5665,5688,5689,-1,5665,5689,5666,-1,5666,5689,5690,-1,5666,5690,5667,-1,5667,5690,5691,-1,5667,5691,5668,-1,5668,5691,5692,-1,5668,5692,5669,-1,5669,5692,5693,-1,5669,5693,5646,-1,5646,5693,5670,-1,5670,5694,5671,-1,5671,5694,5695,-1,5671,5695,5672,-1,5672,5695,5696,-1,5672,5696,5673,-1,5673,5696,5697,-1,5673,5697,5674,-1,5674,5697,5698,-1,5674,5698,5675,-1,5675,5698,5699,-1,5675,5699,5676,-1,5676,5699,5700,-1,5676,5700,5677,-1,5677,5700,5701,-1,5677,5701,5678,-1,5678,5701,5702,-1,5678,5702,5679,-1,5679,5702,5703,-1,5679,5703,5680,-1,5680,5703,5704,-1,5680,5704,5681,-1,5681,5704,5705,-1,5681,5705,5682,-1,5682,5705,5706,-1,5682,5706,5683,-1,5683,5706,5707,-1,5683,5707,5684,-1,5684,5707,5708,-1,5684,5708,5685,-1,5685,5708,5709,-1,5685,5709,5686,-1,5686,5709,5710,-1,5686,5710,5687,-1,5687,5710,5711,-1,5687,5711,5688,-1,5688,5711,5712,-1,5688,5712,5689,-1,5689,5712,5713,-1,5689,5713,5690,-1,5690,5713,5714,-1,5690,5714,5691,-1,5691,5714,5715,-1,5691,5715,5692,-1,5692,5715,5716,-1,5692,5716,5693,-1,5693,5716,5717,-1,5693,5717,5670,-1,5670,5717,5694,-1,5694,5718,5695,-1,5695,5718,5719,-1,5695,5719,5696,-1,5696,5719,5720,-1,5696,5720,5697,-1,5697,5720,5721,-1,5697,5721,5698,-1,5698,5721,5722,-1,5698,5722,5699,-1,5699,5722,5723,-1,5699,5723,5700,-1,5700,5723,5724,-1,5700,5724,5701,-1,5701,5724,5725,-1,5701,5725,5702,-1,5702,5725,5726,-1,5702,5726,5703,-1,5703,5726,5727,-1,5703,5727,5704,-1,5704,5727,5728,-1,5704,5728,5705,-1,5705,5728,5729,-1,5705,5729,5706,-1,5706,5729,5730,-1,5706,5730,5707,-1,5707,5730,5731,-1,5707,5731,5708,-1,5708,5731,5732,-1,5708,5732,5709,-1,5709,5732,5733,-1,5709,5733,5710,-1,5710,5733,5734,-1,5710,5734,5711,-1,5711,5734,5735,-1,5711,5735,5712,-1,5712,5735,5736,-1,5712,5736,5713,-1,5713,5736,5737,-1,5713,5737,5714,-1,5714,5737,5738,-1,5714,5738,5715,-1,5715,5738,5739,-1,5715,5739,5716,-1,5716,5739,5740,-1,5716,5740,5717,-1,5717,5740,5741,-1,5717,5741,5694,-1,5694,5741,5718,-1,5718,5742,5719,-1,5719,5742,5743,-1,5719,5743,5720,-1,5720,5743,5744,-1,5720,5744,5721,-1,5721,5744,5745,-1,5721,5745,5722,-1,5722,5745,5746,-1,5722,5746,5723,-1,5723,5746,5747,-1,5723,5747,5724,-1,5724,5747,5748,-1,5724,5748,5725,-1,5725,5748,5749,-1,5725,5749,5726,-1,5726,5749,5750,-1,5726,5750,5727,-1,5727,5750,5751,-1,5727,5751,5728,-1,5728,5751,5752,-1,5728,5752,5729,-1,5729,5752,5753,-1,5729,5753,5730,-1,5730,5753,5754,-1,5730,5754,5731,-1,5731,5754,5755,-1,5731,5755,5732,-1,5732,5755,5756,-1,5732,5756,5733,-1,5733,5756,5757,-1,5733,5757,5734,-1,5734,5757,5758,-1,5734,5758,5735,-1,5735,5758,5759,-1,5735,5759,5736,-1,5736,5759,5760,-1,5736,5760,5737,-1,5737,5760,5761,-1,5737,5761,5738,-1,5738,5761,5762,-1,5738,5762,5739,-1,5739,5762,5763,-1,5739,5763,5740,-1,5740,5763,5764,-1,5740,5764,5741,-1,5741,5764,5765,-1,5741,5765,5718,-1,5718,5765,5742,-1,5742,5766,5743,-1,5743,5766,5767,-1,5743,5767,5744,-1,5744,5767,5768,-1,5744,5768,5745,-1,5745,5768,5769,-1,5745,5769,5746,-1,5746,5769,5770,-1,5746,5770,5747,-1,5747,5770,5771,-1,5747,5771,5748,-1,5748,5771,5772,-1,5748,5772,5749,-1,5749,5772,5773,-1,5749,5773,5750,-1,5750,5773,5774,-1,5750,5774,5751,-1,5751,5774,5775,-1,5751,5775,5752,-1,5752,5775,5776,-1,5752,5776,5753,-1,5753,5776,5777,-1,5753,5777,5754,-1,5754,5777,5778,-1,5754,5778,5755,-1,5755,5778,5779,-1,5755,5779,5756,-1,5756,5779,5780,-1,5756,5780,5757,-1,5757,5780,5781,-1,5757,5781,5758,-1,5758,5781,5782,-1,5758,5782,5759,-1,5759,5782,5783,-1,5759,5783,5760,-1,5760,5783,5784,-1,5760,5784,5761,-1,5761,5784,5785,-1,5761,5785,5762,-1,5762,5785,5786,-1,5762,5786,5763,-1,5763,5786,5787,-1,5763,5787,5764,-1,5764,5787,5788,-1,5764,5788,5765,-1,5765,5788,5789,-1,5765,5789,5742,-1,5742,5789,5766,-1,5445,5783,5440,-1,5440,5783,5782,-1,5440,5782,5441,-1,5441,5782,5781,-1,5441,5781,5442,-1,5442,5781,5780,-1,5442,5780,5437,-1,5437,5780,5779,-1,5437,5779,5438,-1,5438,5779,5778,-1,5438,5778,5439,-1,5439,5778,5777,-1,5439,5777,5434,-1,5434,5777,5776,-1,5434,5776,5435,-1,5435,5776,5775,-1,5435,5775,5436,-1,5436,5775,5774,-1,5436,5774,5429,-1,5429,5774,5773,-1,5429,5773,5430,-1,5430,5773,5772,-1,5430,5772,5432,-1,5432,5772,5771,-1,5432,5771,5433,-1,5433,5771,5770,-1,5433,5770,5452,-1,5452,5770,5769,-1,5452,5769,5453,-1,5453,5769,5768,-1,5453,5768,5449,-1,5449,5768,5767,-1,5449,5767,5450,-1,5450,5767,5766,-1,5450,5766,5451,-1,5451,5766,5789,-1,5451,5789,5446,-1,5446,5789,5788,-1,5446,5788,5447,-1,5447,5788,5787,-1,5447,5787,5448,-1,5448,5787,5786,-1,5448,5786,5443,-1,5443,5786,5785,-1,5443,5785,5444,-1,5444,5785,5784,-1,5444,5784,5445,-1,5445,5784,5783,-1,5790,5791,5792,-1,5792,5791,5793,-1,5792,5793,5794,-1,5795,5796,5792,-1,5792,5796,5797,-1,5792,5797,5790,-1,5798,5799,5792,-1,5792,5799,5800,-1,5792,5800,5795,-1,5801,5802,5792,-1,5792,5802,5803,-1,5792,5803,5798,-1,5804,5805,5792,-1,5792,5805,5806,-1,5792,5806,5801,-1,5807,5808,5792,-1,5792,5808,5809,-1,5792,5809,5804,-1,5810,5811,5792,-1,5792,5811,5812,-1,5792,5812,5807,-1,5794,5813,5792,-1,5792,5813,5814,-1,5792,5814,5810,-1,5815,5816,5817,-1,5817,5816,5818,-1,5817,5818,5819,-1,5820,5821,5817,-1,5817,5821,5822,-1,5817,5822,5815,-1,5823,5824,5817,-1,5817,5824,5825,-1,5817,5825,5820,-1,5826,5827,5817,-1,5817,5827,5828,-1,5817,5828,5823,-1,5829,5830,5817,-1,5817,5830,5831,-1,5817,5831,5826,-1,5832,5833,5817,-1,5817,5833,5834,-1,5817,5834,5829,-1,5835,5836,5817,-1,5817,5836,5837,-1,5817,5837,5832,-1,5819,5838,5817,-1,5817,5838,5839,-1,5817,5839,5835,-1,5840,5791,5841,-1,5841,5791,5790,-1,5841,5790,5842,-1,5842,5790,5797,-1,5842,5797,5843,-1,5843,5797,5796,-1,5843,5796,5844,-1,5844,5796,5795,-1,5844,5795,5845,-1,5845,5795,5800,-1,5845,5800,5846,-1,5846,5800,5799,-1,5846,5799,5847,-1,5847,5799,5798,-1,5847,5798,5848,-1,5848,5798,5803,-1,5848,5803,5849,-1,5849,5803,5802,-1,5849,5802,5850,-1,5850,5802,5801,-1,5850,5801,5851,-1,5851,5801,5806,-1,5851,5806,5852,-1,5852,5806,5805,-1,5852,5805,5853,-1,5853,5805,5804,-1,5853,5804,5854,-1,5854,5804,5809,-1,5854,5809,5855,-1,5855,5809,5808,-1,5855,5808,5856,-1,5856,5808,5807,-1,5856,5807,5857,-1,5857,5807,5812,-1,5857,5812,5858,-1,5858,5812,5811,-1,5858,5811,5859,-1,5859,5811,5810,-1,5859,5810,5860,-1,5860,5810,5814,-1,5860,5814,5861,-1,5861,5814,5813,-1,5861,5813,5862,-1,5862,5813,5794,-1,5862,5794,5863,-1,5863,5794,5793,-1,5863,5793,5840,-1,5840,5793,5791,-1,5846,5864,5845,-1,5845,5864,5865,-1,5845,5865,5844,-1,5844,5865,5866,-1,5844,5866,5843,-1,5843,5866,5867,-1,5843,5867,5842,-1,5842,5867,5868,-1,5842,5868,5841,-1,5841,5868,5869,-1,5841,5869,5840,-1,5840,5869,5870,-1,5840,5870,5863,-1,5863,5870,5871,-1,5863,5871,5862,-1,5862,5871,5872,-1,5862,5872,5861,-1,5861,5872,5873,-1,5861,5873,5860,-1,5860,5873,5874,-1,5860,5874,5859,-1,5859,5874,5875,-1,5859,5875,5858,-1,5858,5875,5876,-1,5858,5876,5857,-1,5857,5876,5877,-1,5857,5877,5856,-1,5856,5877,5878,-1,5856,5878,5855,-1,5855,5878,5879,-1,5855,5879,5854,-1,5854,5879,5880,-1,5854,5880,5853,-1,5853,5880,5881,-1,5853,5881,5852,-1,5852,5881,5882,-1,5852,5882,5851,-1,5851,5882,5883,-1,5851,5883,5850,-1,5850,5883,5884,-1,5850,5884,5849,-1,5849,5884,5885,-1,5849,5885,5848,-1,5848,5885,5886,-1,5848,5886,5847,-1,5847,5886,5887,-1,5847,5887,5846,-1,5846,5887,5864,-1,5864,5888,5865,-1,5865,5888,5889,-1,5865,5889,5866,-1,5866,5889,5890,-1,5866,5890,5867,-1,5867,5890,5891,-1,5867,5891,5868,-1,5868,5891,5892,-1,5868,5892,5869,-1,5869,5892,5893,-1,5869,5893,5870,-1,5870,5893,5894,-1,5870,5894,5871,-1,5871,5894,5895,-1,5871,5895,5872,-1,5872,5895,5896,-1,5872,5896,5873,-1,5873,5896,5897,-1,5873,5897,5874,-1,5874,5897,5898,-1,5874,5898,5875,-1,5875,5898,5899,-1,5875,5899,5876,-1,5876,5899,5900,-1,5876,5900,5877,-1,5877,5900,5901,-1,5877,5901,5878,-1,5878,5901,5902,-1,5878,5902,5879,-1,5879,5902,5903,-1,5879,5903,5880,-1,5880,5903,5904,-1,5880,5904,5881,-1,5881,5904,5905,-1,5881,5905,5882,-1,5882,5905,5906,-1,5882,5906,5883,-1,5883,5906,5907,-1,5883,5907,5884,-1,5884,5907,5908,-1,5884,5908,5885,-1,5885,5908,5909,-1,5885,5909,5886,-1,5886,5909,5910,-1,5886,5910,5887,-1,5887,5910,5911,-1,5887,5911,5864,-1,5864,5911,5888,-1,5888,5912,5889,-1,5889,5912,5913,-1,5889,5913,5890,-1,5890,5913,5914,-1,5890,5914,5891,-1,5891,5914,5915,-1,5891,5915,5892,-1,5892,5915,5916,-1,5892,5916,5893,-1,5893,5916,5917,-1,5893,5917,5894,-1,5894,5917,5918,-1,5894,5918,5895,-1,5895,5918,5919,-1,5895,5919,5896,-1,5896,5919,5920,-1,5896,5920,5897,-1,5897,5920,5921,-1,5897,5921,5898,-1,5898,5921,5922,-1,5898,5922,5899,-1,5899,5922,5923,-1,5899,5923,5900,-1,5900,5923,5924,-1,5900,5924,5901,-1,5901,5924,5925,-1,5901,5925,5902,-1,5902,5925,5926,-1,5902,5926,5903,-1,5903,5926,5927,-1,5903,5927,5904,-1,5904,5927,5928,-1,5904,5928,5905,-1,5905,5928,5929,-1,5905,5929,5906,-1,5906,5929,5930,-1,5906,5930,5907,-1,5907,5930,5931,-1,5907,5931,5908,-1,5908,5931,5932,-1,5908,5932,5909,-1,5909,5932,5933,-1,5909,5933,5910,-1,5910,5933,5934,-1,5910,5934,5911,-1,5911,5934,5935,-1,5911,5935,5888,-1,5888,5935,5912,-1,5912,5936,5913,-1,5913,5936,5937,-1,5913,5937,5914,-1,5914,5937,5938,-1,5914,5938,5915,-1,5915,5938,5939,-1,5915,5939,5916,-1,5916,5939,5940,-1,5916,5940,5917,-1,5917,5940,5941,-1,5917,5941,5918,-1,5918,5941,5942,-1,5918,5942,5919,-1,5919,5942,5943,-1,5919,5943,5920,-1,5920,5943,5944,-1,5920,5944,5921,-1,5921,5944,5945,-1,5921,5945,5922,-1,5922,5945,5946,-1,5922,5946,5923,-1,5923,5946,5947,-1,5923,5947,5924,-1,5924,5947,5948,-1,5924,5948,5925,-1,5925,5948,5949,-1,5925,5949,5926,-1,5926,5949,5950,-1,5926,5950,5927,-1,5927,5950,5951,-1,5927,5951,5928,-1,5928,5951,5952,-1,5928,5952,5929,-1,5929,5952,5953,-1,5929,5953,5930,-1,5930,5953,5954,-1,5930,5954,5931,-1,5931,5954,5955,-1,5931,5955,5932,-1,5932,5955,5956,-1,5932,5956,5933,-1,5933,5956,5957,-1,5933,5957,5934,-1,5934,5957,5958,-1,5934,5958,5935,-1,5935,5958,5959,-1,5935,5959,5912,-1,5912,5959,5936,-1,5936,5960,5937,-1,5937,5960,5961,-1,5937,5961,5938,-1,5938,5961,5962,-1,5938,5962,5939,-1,5939,5962,5963,-1,5939,5963,5940,-1,5940,5963,5964,-1,5940,5964,5941,-1,5941,5964,5965,-1,5941,5965,5942,-1,5942,5965,5966,-1,5942,5966,5943,-1,5943,5966,5967,-1,5943,5967,5944,-1,5944,5967,5968,-1,5944,5968,5945,-1,5945,5968,5969,-1,5945,5969,5946,-1,5946,5969,5970,-1,5946,5970,5947,-1,5947,5970,5971,-1,5947,5971,5948,-1,5948,5971,5972,-1,5948,5972,5949,-1,5949,5972,5973,-1,5949,5973,5950,-1,5950,5973,5974,-1,5950,5974,5951,-1,5951,5974,5975,-1,5951,5975,5952,-1,5952,5975,5976,-1,5952,5976,5953,-1,5953,5976,5977,-1,5953,5977,5954,-1,5954,5977,5978,-1,5954,5978,5955,-1,5955,5978,5979,-1,5955,5979,5956,-1,5956,5979,5980,-1,5956,5980,5957,-1,5957,5980,5981,-1,5957,5981,5958,-1,5958,5981,5982,-1,5958,5982,5959,-1,5959,5982,5983,-1,5959,5983,5936,-1,5936,5983,5960,-1,5984,5983,5985,-1,5985,5983,5982,-1,5985,5982,5986,-1,5986,5982,5981,-1,5986,5981,5987,-1,5987,5981,5980,-1,5987,5980,5988,-1,5988,5980,5979,-1,5988,5979,5989,-1,5989,5979,5978,-1,5989,5978,5990,-1,5990,5978,5977,-1,5990,5977,5991,-1,5991,5977,5976,-1,5991,5976,5992,-1,5992,5976,5975,-1,5992,5975,5993,-1,5993,5975,5974,-1,5993,5974,5994,-1,5994,5974,5973,-1,5994,5973,5995,-1,5995,5973,5972,-1,5995,5972,5996,-1,5996,5972,5971,-1,5996,5971,5997,-1,5997,5971,5970,-1,5997,5970,5998,-1,5998,5970,5969,-1,5998,5969,5999,-1,5999,5969,5968,-1,5999,5968,6000,-1,6000,5968,5967,-1,6000,5967,6001,-1,6001,5967,5966,-1,6001,5966,6002,-1,6002,5966,5965,-1,6002,5965,6003,-1,6003,5965,5964,-1,6003,5964,6004,-1,6004,5964,5963,-1,6004,5963,6005,-1,6005,5963,5962,-1,6005,5962,6006,-1,6006,5962,5961,-1,6006,5961,6007,-1,6007,5961,5960,-1,6007,5960,5984,-1,5984,5960,5983,-1,5984,6008,6007,-1,6007,6008,6009,-1,6007,6009,6006,-1,6006,6009,6010,-1,6006,6010,6005,-1,6005,6010,6011,-1,6005,6011,6004,-1,6004,6011,6012,-1,6004,6012,6003,-1,6003,6012,6013,-1,6003,6013,6002,-1,6002,6013,6014,-1,6002,6014,6001,-1,6001,6014,6015,-1,6001,6015,6000,-1,6000,6015,6016,-1,6000,6016,5999,-1,5999,6016,6017,-1,5999,6017,5998,-1,5998,6017,6018,-1,5998,6018,5997,-1,5997,6018,6019,-1,5997,6019,5996,-1,5996,6019,6020,-1,5996,6020,5995,-1,5995,6020,6021,-1,5995,6021,5994,-1,5994,6021,6022,-1,5994,6022,5993,-1,5993,6022,6023,-1,5993,6023,5992,-1,5992,6023,6024,-1,5992,6024,5991,-1,5991,6024,6025,-1,5991,6025,5990,-1,5990,6025,6026,-1,5990,6026,5989,-1,5989,6026,6027,-1,5989,6027,5988,-1,5988,6027,6028,-1,5988,6028,5987,-1,5987,6028,6029,-1,5987,6029,5986,-1,5986,6029,6030,-1,5986,6030,5985,-1,5985,6030,6031,-1,5985,6031,5984,-1,5984,6031,6008,-1,6008,6032,6009,-1,6009,6032,6033,-1,6009,6033,6010,-1,6010,6033,6034,-1,6010,6034,6011,-1,6011,6034,6035,-1,6011,6035,6012,-1,6012,6035,6036,-1,6012,6036,6013,-1,6013,6036,6037,-1,6013,6037,6014,-1,6014,6037,6038,-1,6014,6038,6015,-1,6015,6038,6039,-1,6015,6039,6016,-1,6016,6039,6040,-1,6016,6040,6017,-1,6017,6040,6041,-1,6017,6041,6018,-1,6018,6041,6042,-1,6018,6042,6019,-1,6019,6042,6043,-1,6019,6043,6020,-1,6020,6043,6044,-1,6020,6044,6021,-1,6021,6044,6045,-1,6021,6045,6022,-1,6022,6045,6046,-1,6022,6046,6023,-1,6023,6046,6047,-1,6023,6047,6024,-1,6024,6047,6048,-1,6024,6048,6025,-1,6025,6048,6049,-1,6025,6049,6026,-1,6026,6049,6050,-1,6026,6050,6027,-1,6027,6050,6051,-1,6027,6051,6028,-1,6028,6051,6052,-1,6028,6052,6029,-1,6029,6052,6053,-1,6029,6053,6030,-1,6030,6053,6054,-1,6030,6054,6031,-1,6031,6054,6055,-1,6031,6055,6008,-1,6008,6055,6032,-1,6032,6056,6033,-1,6033,6056,6057,-1,6033,6057,6034,-1,6034,6057,6058,-1,6034,6058,6035,-1,6035,6058,6059,-1,6035,6059,6036,-1,6036,6059,6060,-1,6036,6060,6037,-1,6037,6060,6061,-1,6037,6061,6038,-1,6038,6061,6062,-1,6038,6062,6039,-1,6039,6062,6063,-1,6039,6063,6040,-1,6040,6063,6064,-1,6040,6064,6041,-1,6041,6064,6065,-1,6041,6065,6042,-1,6042,6065,6066,-1,6042,6066,6043,-1,6043,6066,6067,-1,6043,6067,6044,-1,6044,6067,6068,-1,6044,6068,6045,-1,6045,6068,6069,-1,6045,6069,6046,-1,6046,6069,6070,-1,6046,6070,6047,-1,6047,6070,6071,-1,6047,6071,6048,-1,6048,6071,6072,-1,6048,6072,6049,-1,6049,6072,6073,-1,6049,6073,6050,-1,6050,6073,6074,-1,6050,6074,6051,-1,6051,6074,6075,-1,6051,6075,6052,-1,6052,6075,6076,-1,6052,6076,6053,-1,6053,6076,6077,-1,6053,6077,6054,-1,6054,6077,6078,-1,6054,6078,6055,-1,6055,6078,6079,-1,6055,6079,6032,-1,6032,6079,6056,-1,6056,6080,6057,-1,6057,6080,6081,-1,6057,6081,6058,-1,6058,6081,6082,-1,6058,6082,6059,-1,6059,6082,6083,-1,6059,6083,6060,-1,6060,6083,6084,-1,6060,6084,6061,-1,6061,6084,6085,-1,6061,6085,6062,-1,6062,6085,6086,-1,6062,6086,6063,-1,6063,6086,6087,-1,6063,6087,6064,-1,6064,6087,6088,-1,6064,6088,6065,-1,6065,6088,6089,-1,6065,6089,6066,-1,6066,6089,6090,-1,6066,6090,6067,-1,6067,6090,6091,-1,6067,6091,6068,-1,6068,6091,6092,-1,6068,6092,6069,-1,6069,6092,6093,-1,6069,6093,6070,-1,6070,6093,6094,-1,6070,6094,6071,-1,6071,6094,6095,-1,6071,6095,6072,-1,6072,6095,6096,-1,6072,6096,6073,-1,6073,6096,6097,-1,6073,6097,6074,-1,6074,6097,6098,-1,6074,6098,6075,-1,6075,6098,6099,-1,6075,6099,6076,-1,6076,6099,6100,-1,6076,6100,6077,-1,6077,6100,6101,-1,6077,6101,6078,-1,6078,6101,6102,-1,6078,6102,6079,-1,6079,6102,6103,-1,6079,6103,6056,-1,6056,6103,6080,-1,6080,6104,6081,-1,6081,6104,6105,-1,6081,6105,6082,-1,6082,6105,6106,-1,6082,6106,6083,-1,6083,6106,6107,-1,6083,6107,6084,-1,6084,6107,6108,-1,6084,6108,6085,-1,6085,6108,6109,-1,6085,6109,6086,-1,6086,6109,6110,-1,6086,6110,6087,-1,6087,6110,6111,-1,6087,6111,6088,-1,6088,6111,6112,-1,6088,6112,6089,-1,6089,6112,6113,-1,6089,6113,6090,-1,6090,6113,6114,-1,6090,6114,6091,-1,6091,6114,6115,-1,6091,6115,6092,-1,6092,6115,6116,-1,6092,6116,6093,-1,6093,6116,6117,-1,6093,6117,6094,-1,6094,6117,6118,-1,6094,6118,6095,-1,6095,6118,6119,-1,6095,6119,6096,-1,6096,6119,6120,-1,6096,6120,6097,-1,6097,6120,6121,-1,6097,6121,6098,-1,6098,6121,6122,-1,6098,6122,6099,-1,6099,6122,6123,-1,6099,6123,6100,-1,6100,6123,6124,-1,6100,6124,6101,-1,6101,6124,6125,-1,6101,6125,6102,-1,6102,6125,6126,-1,6102,6126,6103,-1,6103,6126,6127,-1,6103,6127,6080,-1,6080,6127,6104,-1,6104,6128,6105,-1,6105,6128,6129,-1,6105,6129,6106,-1,6106,6129,6130,-1,6106,6130,6107,-1,6107,6130,6131,-1,6107,6131,6108,-1,6108,6131,6132,-1,6108,6132,6109,-1,6109,6132,6133,-1,6109,6133,6110,-1,6110,6133,6134,-1,6110,6134,6111,-1,6111,6134,6135,-1,6111,6135,6112,-1,6112,6135,6136,-1,6112,6136,6113,-1,6113,6136,6137,-1,6113,6137,6114,-1,6114,6137,6138,-1,6114,6138,6115,-1,6115,6138,6139,-1,6115,6139,6116,-1,6116,6139,6140,-1,6116,6140,6117,-1,6117,6140,6141,-1,6117,6141,6118,-1,6118,6141,6142,-1,6118,6142,6119,-1,6119,6142,6143,-1,6119,6143,6120,-1,6120,6143,6144,-1,6120,6144,6121,-1,6121,6144,6145,-1,6121,6145,6122,-1,6122,6145,6146,-1,6122,6146,6123,-1,6123,6146,6147,-1,6123,6147,6124,-1,6124,6147,6148,-1,6124,6148,6125,-1,6125,6148,6149,-1,6125,6149,6126,-1,6126,6149,6150,-1,6126,6150,6127,-1,6127,6150,6151,-1,6127,6151,6104,-1,6104,6151,6128,-1,6128,6152,6129,-1,6129,6152,6153,-1,6129,6153,6130,-1,6130,6153,6154,-1,6130,6154,6131,-1,6131,6154,6155,-1,6131,6155,6132,-1,6132,6155,6156,-1,6132,6156,6133,-1,6133,6156,6157,-1,6133,6157,6134,-1,6134,6157,6158,-1,6134,6158,6135,-1,6135,6158,6159,-1,6135,6159,6136,-1,6136,6159,6160,-1,6136,6160,6137,-1,6137,6160,6161,-1,6137,6161,6138,-1,6138,6161,6162,-1,6138,6162,6139,-1,6139,6162,6163,-1,6139,6163,6140,-1,6140,6163,6164,-1,6140,6164,6141,-1,6141,6164,6165,-1,6141,6165,6142,-1,6142,6165,6166,-1,6142,6166,6143,-1,6143,6166,6167,-1,6143,6167,6144,-1,6144,6167,6168,-1,6144,6168,6145,-1,6145,6168,6169,-1,6145,6169,6146,-1,6146,6169,6170,-1,6146,6170,6147,-1,6147,6170,6171,-1,6147,6171,6148,-1,6148,6171,6172,-1,6148,6172,6149,-1,6149,6172,6173,-1,6149,6173,6150,-1,6150,6173,6174,-1,6150,6174,6151,-1,6151,6174,6175,-1,6151,6175,6128,-1,6128,6175,6152,-1,5831,6169,5826,-1,5826,6169,6168,-1,5826,6168,5827,-1,5827,6168,6167,-1,5827,6167,5828,-1,5828,6167,6166,-1,5828,6166,5823,-1,5823,6166,6165,-1,5823,6165,5824,-1,5824,6165,6164,-1,5824,6164,5825,-1,5825,6164,6163,-1,5825,6163,5820,-1,5820,6163,6162,-1,5820,6162,5821,-1,5821,6162,6161,-1,5821,6161,5822,-1,5822,6161,6160,-1,5822,6160,5815,-1,5815,6160,6159,-1,5815,6159,5816,-1,5816,6159,6158,-1,5816,6158,5818,-1,5818,6158,6157,-1,5818,6157,5819,-1,5819,6157,6156,-1,5819,6156,5838,-1,5838,6156,6155,-1,5838,6155,5839,-1,5839,6155,6154,-1,5839,6154,5835,-1,5835,6154,6153,-1,5835,6153,5836,-1,5836,6153,6152,-1,5836,6152,5837,-1,5837,6152,6175,-1,5837,6175,5832,-1,5832,6175,6174,-1,5832,6174,5833,-1,5833,6174,6173,-1,5833,6173,5834,-1,5834,6173,6172,-1,5834,6172,5829,-1,5829,6172,6171,-1,5829,6171,5830,-1,5830,6171,6170,-1,5830,6170,5831,-1,5831,6170,6169,-1,6176,6177,6178,-1,6179,6180,6178,-1,6178,6180,6181,-1,6178,6181,6176,-1,6182,6183,6178,-1,6178,6183,6184,-1,6178,6184,6179,-1,6185,6186,6178,-1,6178,6186,6187,-1,6178,6187,6182,-1,6188,6189,6178,-1,6178,6189,6190,-1,6178,6190,6185,-1,6191,6192,6178,-1,6178,6192,6193,-1,6178,6193,6188,-1,6194,6195,6178,-1,6178,6195,6196,-1,6178,6196,6191,-1,6197,6198,6178,-1,6178,6198,6199,-1,6178,6199,6194,-1,6200,6201,6178,-1,6178,6201,6202,-1,6178,6202,6197,-1,6177,6203,6178,-1,6178,6203,6204,-1,6178,6204,6200,-1,6176,6181,6205,-1,6205,6181,6180,-1,6205,6180,6206,-1,6206,6180,6179,-1,6206,6179,6207,-1,6207,6179,6184,-1,6207,6184,6208,-1,6208,6184,6183,-1,6208,6183,6209,-1,6209,6183,6182,-1,6209,6182,6210,-1,6210,6182,6187,-1,6210,6187,6211,-1,6211,6187,6186,-1,6211,6186,6212,-1,6212,6186,6185,-1,6212,6185,6213,-1,6213,6185,6190,-1,6213,6190,6214,-1,6214,6190,6189,-1,6214,6189,6215,-1,6215,6189,6188,-1,6215,6188,6216,-1,6216,6188,6193,-1,6216,6193,6217,-1,6217,6193,6192,-1,6217,6192,6218,-1,6218,6192,6191,-1,6218,6191,6219,-1,6219,6191,6196,-1,6219,6196,6220,-1,6220,6196,6195,-1,6220,6195,6221,-1,6221,6195,6194,-1,6221,6194,6222,-1,6222,6194,6199,-1,6222,6199,6223,-1,6223,6199,6198,-1,6223,6198,6224,-1,6224,6198,6197,-1,6224,6197,6225,-1,6225,6197,6202,-1,6225,6202,6226,-1,6226,6202,6201,-1,6226,6201,6227,-1,6227,6201,6200,-1,6227,6200,6228,-1,6228,6200,6204,-1,6228,6204,6229,-1,6229,6204,6203,-1,6229,6203,6230,-1,6230,6203,6177,-1,6230,6177,6231,-1,6231,6177,6176,-1,6231,6176,6205,-1,6232,6233,6234,-1,6234,6233,6235,-1,6234,6235,6236,-1,6237,6238,6234,-1,6234,6238,6239,-1,6234,6239,6232,-1,6240,6241,6234,-1,6234,6241,6242,-1,6234,6242,6237,-1,6243,6244,6234,-1,6234,6244,6245,-1,6234,6245,6240,-1,6246,6247,6234,-1,6234,6247,6248,-1,6234,6248,6243,-1,6249,6250,6234,-1,6234,6250,6251,-1,6234,6251,6246,-1,6252,6253,6234,-1,6234,6253,6254,-1,6234,6254,6249,-1,6255,6256,6234,-1,6234,6256,6257,-1,6234,6257,6252,-1,6236,6258,6234,-1,6234,6258,6259,-1,6234,6259,6255,-1,6218,6233,6217,-1,6217,6233,6232,-1,6217,6232,6216,-1,6216,6232,6239,-1,6216,6239,6215,-1,6215,6239,6238,-1,6215,6238,6214,-1,6214,6238,6237,-1,6214,6237,6213,-1,6213,6237,6242,-1,6213,6242,6212,-1,6212,6242,6241,-1,6212,6241,6211,-1,6211,6241,6240,-1,6211,6240,6210,-1,6210,6240,6245,-1,6210,6245,6209,-1,6209,6245,6244,-1,6209,6244,6208,-1,6208,6244,6243,-1,6208,6243,6207,-1,6207,6243,6248,-1,6207,6248,6206,-1,6206,6248,6247,-1,6206,6247,6205,-1,6205,6247,6246,-1,6205,6246,6231,-1,6231,6246,6251,-1,6231,6251,6230,-1,6230,6251,6250,-1,6230,6250,6229,-1,6229,6250,6249,-1,6229,6249,6228,-1,6228,6249,6254,-1,6228,6254,6227,-1,6227,6254,6253,-1,6227,6253,6226,-1,6226,6253,6252,-1,6226,6252,6225,-1,6225,6252,6257,-1,6225,6257,6224,-1,6224,6257,6256,-1,6224,6256,6223,-1,6223,6256,6255,-1,6223,6255,6222,-1,6222,6255,6259,-1,6222,6259,6221,-1,6221,6259,6258,-1,6221,6258,6220,-1,6220,6258,6236,-1,6220,6236,6219,-1,6219,6236,6235,-1,6219,6235,6218,-1,6218,6235,6233,-1,6260,6261,6262,-1,6263,6264,6262,-1,6262,6264,6265,-1,6262,6265,6260,-1,6266,6267,6262,-1,6262,6267,6268,-1,6262,6268,6263,-1,6269,6270,6262,-1,6262,6270,6271,-1,6262,6271,6266,-1,6272,6273,6262,-1,6262,6273,6274,-1,6262,6274,6269,-1,6275,6276,6262,-1,6262,6276,6277,-1,6262,6277,6272,-1,6278,6279,6262,-1,6262,6279,6280,-1,6262,6280,6275,-1,6281,6282,6262,-1,6262,6282,6283,-1,6262,6283,6278,-1,6284,6285,6262,-1,6262,6285,6286,-1,6262,6286,6281,-1,6261,6287,6262,-1,6262,6287,6288,-1,6262,6288,6284,-1,6260,6265,6289,-1,6289,6265,6264,-1,6289,6264,6290,-1,6290,6264,6263,-1,6290,6263,6291,-1,6291,6263,6268,-1,6291,6268,6292,-1,6292,6268,6267,-1,6292,6267,6293,-1,6293,6267,6266,-1,6293,6266,6294,-1,6294,6266,6271,-1,6294,6271,6295,-1,6295,6271,6270,-1,6295,6270,6296,-1,6296,6270,6269,-1,6296,6269,6297,-1,6297,6269,6274,-1,6297,6274,6298,-1,6298,6274,6273,-1,6298,6273,6299,-1,6299,6273,6272,-1,6299,6272,6300,-1,6300,6272,6277,-1,6300,6277,6301,-1,6301,6277,6276,-1,6301,6276,6302,-1,6302,6276,6275,-1,6302,6275,6303,-1,6303,6275,6280,-1,6303,6280,6304,-1,6304,6280,6279,-1,6304,6279,6305,-1,6305,6279,6278,-1,6305,6278,6306,-1,6306,6278,6283,-1,6306,6283,6307,-1,6307,6283,6282,-1,6307,6282,6308,-1,6308,6282,6281,-1,6308,6281,6309,-1,6309,6281,6286,-1,6309,6286,6310,-1,6310,6286,6285,-1,6310,6285,6311,-1,6311,6285,6284,-1,6311,6284,6312,-1,6312,6284,6288,-1,6312,6288,6313,-1,6313,6288,6287,-1,6313,6287,6314,-1,6314,6287,6261,-1,6314,6261,6315,-1,6315,6261,6260,-1,6315,6260,6289,-1,6316,6317,6318,-1,6318,6317,6319,-1,6318,6319,6320,-1,6321,6322,6318,-1,6318,6322,6323,-1,6318,6323,6316,-1,6324,6325,6318,-1,6318,6325,6326,-1,6318,6326,6321,-1,6327,6328,6318,-1,6318,6328,6329,-1,6318,6329,6324,-1,6330,6331,6318,-1,6318,6331,6332,-1,6318,6332,6327,-1,6333,6334,6318,-1,6318,6334,6335,-1,6318,6335,6330,-1,6336,6337,6318,-1,6318,6337,6338,-1,6318,6338,6333,-1,6339,6340,6318,-1,6318,6340,6341,-1,6318,6341,6336,-1,6320,6342,6318,-1,6318,6342,6343,-1,6318,6343,6339,-1,6302,6317,6301,-1,6301,6317,6316,-1,6301,6316,6300,-1,6300,6316,6323,-1,6300,6323,6299,-1,6299,6323,6322,-1,6299,6322,6298,-1,6298,6322,6321,-1,6298,6321,6297,-1,6297,6321,6326,-1,6297,6326,6296,-1,6296,6326,6325,-1,6296,6325,6295,-1,6295,6325,6324,-1,6295,6324,6294,-1,6294,6324,6329,-1,6294,6329,6293,-1,6293,6329,6328,-1,6293,6328,6292,-1,6292,6328,6327,-1,6292,6327,6291,-1,6291,6327,6332,-1,6291,6332,6290,-1,6290,6332,6331,-1,6290,6331,6289,-1,6289,6331,6330,-1,6289,6330,6315,-1,6315,6330,6335,-1,6315,6335,6314,-1,6314,6335,6334,-1,6314,6334,6313,-1,6313,6334,6333,-1,6313,6333,6312,-1,6312,6333,6338,-1,6312,6338,6311,-1,6311,6338,6337,-1,6311,6337,6310,-1,6310,6337,6336,-1,6310,6336,6309,-1,6309,6336,6341,-1,6309,6341,6308,-1,6308,6341,6340,-1,6308,6340,6307,-1,6307,6340,6339,-1,6307,6339,6306,-1,6306,6339,6343,-1,6306,6343,6305,-1,6305,6343,6342,-1,6305,6342,6304,-1,6304,6342,6320,-1,6304,6320,6303,-1,6303,6320,6319,-1,6303,6319,6302,-1,6302,6319,6317,-1,6344,6345,6346,-1,6347,6348,6346,-1,6346,6348,6349,-1,6346,6349,6344,-1,6350,6351,6346,-1,6346,6351,6352,-1,6346,6352,6347,-1,6353,6354,6346,-1,6346,6354,6355,-1,6346,6355,6350,-1,6356,6357,6346,-1,6346,6357,6358,-1,6346,6358,6353,-1,6359,6360,6346,-1,6346,6360,6361,-1,6346,6361,6356,-1,6362,6363,6346,-1,6346,6363,6364,-1,6346,6364,6359,-1,6365,6366,6346,-1,6346,6366,6367,-1,6346,6367,6362,-1,6368,6369,6346,-1,6346,6369,6370,-1,6346,6370,6365,-1,6345,6371,6346,-1,6346,6371,6372,-1,6346,6372,6368,-1,6344,6349,6373,-1,6373,6349,6348,-1,6373,6348,6374,-1,6374,6348,6347,-1,6374,6347,6375,-1,6375,6347,6352,-1,6375,6352,6376,-1,6376,6352,6351,-1,6376,6351,6377,-1,6377,6351,6350,-1,6377,6350,6378,-1,6378,6350,6355,-1,6378,6355,6379,-1,6379,6355,6354,-1,6379,6354,6380,-1,6380,6354,6353,-1,6380,6353,6381,-1,6381,6353,6358,-1,6381,6358,6382,-1,6382,6358,6357,-1,6382,6357,6383,-1,6383,6357,6356,-1,6383,6356,6384,-1,6384,6356,6361,-1,6384,6361,6385,-1,6385,6361,6360,-1,6385,6360,6386,-1,6386,6360,6359,-1,6386,6359,6387,-1,6387,6359,6364,-1,6387,6364,6388,-1,6388,6364,6363,-1,6388,6363,6389,-1,6389,6363,6362,-1,6389,6362,6390,-1,6390,6362,6367,-1,6390,6367,6391,-1,6391,6367,6366,-1,6391,6366,6392,-1,6392,6366,6365,-1,6392,6365,6393,-1,6393,6365,6370,-1,6393,6370,6394,-1,6394,6370,6369,-1,6394,6369,6395,-1,6395,6369,6368,-1,6395,6368,6396,-1,6396,6368,6372,-1,6396,6372,6397,-1,6397,6372,6371,-1,6397,6371,6398,-1,6398,6371,6345,-1,6398,6345,6399,-1,6399,6345,6344,-1,6399,6344,6373,-1,6400,6401,6402,-1,6402,6401,6403,-1,6402,6403,6404,-1,6405,6406,6402,-1,6402,6406,6407,-1,6402,6407,6400,-1,6408,6409,6402,-1,6402,6409,6410,-1,6402,6410,6405,-1,6411,6412,6402,-1,6402,6412,6413,-1,6402,6413,6408,-1,6414,6415,6402,-1,6402,6415,6416,-1,6402,6416,6411,-1,6417,6418,6402,-1,6402,6418,6419,-1,6402,6419,6414,-1,6420,6421,6402,-1,6402,6421,6422,-1,6402,6422,6417,-1,6423,6424,6402,-1,6402,6424,6425,-1,6402,6425,6420,-1,6404,6426,6402,-1,6402,6426,6427,-1,6402,6427,6423,-1,6386,6401,6385,-1,6385,6401,6400,-1,6385,6400,6384,-1,6384,6400,6407,-1,6384,6407,6383,-1,6383,6407,6406,-1,6383,6406,6382,-1,6382,6406,6405,-1,6382,6405,6381,-1,6381,6405,6410,-1,6381,6410,6380,-1,6380,6410,6409,-1,6380,6409,6379,-1,6379,6409,6408,-1,6379,6408,6378,-1,6378,6408,6413,-1,6378,6413,6377,-1,6377,6413,6412,-1,6377,6412,6376,-1,6376,6412,6411,-1,6376,6411,6375,-1,6375,6411,6416,-1,6375,6416,6374,-1,6374,6416,6415,-1,6374,6415,6373,-1,6373,6415,6414,-1,6373,6414,6399,-1,6399,6414,6419,-1,6399,6419,6398,-1,6398,6419,6418,-1,6398,6418,6397,-1,6397,6418,6417,-1,6397,6417,6396,-1,6396,6417,6422,-1,6396,6422,6395,-1,6395,6422,6421,-1,6395,6421,6394,-1,6394,6421,6420,-1,6394,6420,6393,-1,6393,6420,6425,-1,6393,6425,6392,-1,6392,6425,6424,-1,6392,6424,6391,-1,6391,6424,6423,-1,6391,6423,6390,-1,6390,6423,6427,-1,6390,6427,6389,-1,6389,6427,6426,-1,6389,6426,6388,-1,6388,6426,6404,-1,6388,6404,6387,-1,6387,6404,6403,-1,6387,6403,6386,-1,6386,6403,6401,-1,6428,6429,6430,-1,6431,6432,6430,-1,6430,6432,6433,-1,6430,6433,6428,-1,6434,6435,6430,-1,6430,6435,6436,-1,6430,6436,6431,-1,6437,6438,6430,-1,6430,6438,6439,-1,6430,6439,6434,-1,6440,6441,6430,-1,6430,6441,6442,-1,6430,6442,6437,-1,6443,6444,6430,-1,6430,6444,6445,-1,6430,6445,6440,-1,6446,6447,6430,-1,6430,6447,6448,-1,6430,6448,6443,-1,6449,6450,6430,-1,6430,6450,6451,-1,6430,6451,6446,-1,6452,6453,6430,-1,6430,6453,6454,-1,6430,6454,6449,-1,6429,6455,6430,-1,6430,6455,6456,-1,6430,6456,6452,-1,6428,6433,6457,-1,6457,6433,6432,-1,6457,6432,6458,-1,6458,6432,6431,-1,6458,6431,6459,-1,6459,6431,6436,-1,6459,6436,6460,-1,6460,6436,6435,-1,6460,6435,6461,-1,6461,6435,6434,-1,6461,6434,6462,-1,6462,6434,6439,-1,6462,6439,6463,-1,6463,6439,6438,-1,6463,6438,6464,-1,6464,6438,6437,-1,6464,6437,6465,-1,6465,6437,6442,-1,6465,6442,6466,-1,6466,6442,6441,-1,6466,6441,6467,-1,6467,6441,6440,-1,6467,6440,6468,-1,6468,6440,6445,-1,6468,6445,6469,-1,6469,6445,6444,-1,6469,6444,6470,-1,6470,6444,6443,-1,6470,6443,6471,-1,6471,6443,6448,-1,6471,6448,6472,-1,6472,6448,6447,-1,6472,6447,6473,-1,6473,6447,6446,-1,6473,6446,6474,-1,6474,6446,6451,-1,6474,6451,6475,-1,6475,6451,6450,-1,6475,6450,6476,-1,6476,6450,6449,-1,6476,6449,6477,-1,6477,6449,6454,-1,6477,6454,6478,-1,6478,6454,6453,-1,6478,6453,6479,-1,6479,6453,6452,-1,6479,6452,6480,-1,6480,6452,6456,-1,6480,6456,6481,-1,6481,6456,6455,-1,6481,6455,6482,-1,6482,6455,6429,-1,6482,6429,6483,-1,6483,6429,6428,-1,6483,6428,6457,-1,6484,6485,6486,-1,6486,6485,6487,-1,6486,6487,6488,-1,6489,6490,6486,-1,6486,6490,6491,-1,6486,6491,6484,-1,6492,6493,6486,-1,6486,6493,6494,-1,6486,6494,6489,-1,6495,6496,6486,-1,6486,6496,6497,-1,6486,6497,6492,-1,6498,6499,6486,-1,6486,6499,6500,-1,6486,6500,6495,-1,6501,6502,6486,-1,6486,6502,6503,-1,6486,6503,6498,-1,6504,6505,6486,-1,6486,6505,6506,-1,6486,6506,6501,-1,6507,6508,6486,-1,6486,6508,6509,-1,6486,6509,6504,-1,6488,6510,6486,-1,6486,6510,6511,-1,6486,6511,6507,-1,6470,6485,6469,-1,6469,6485,6484,-1,6469,6484,6468,-1,6468,6484,6491,-1,6468,6491,6467,-1,6467,6491,6490,-1,6467,6490,6466,-1,6466,6490,6489,-1,6466,6489,6465,-1,6465,6489,6494,-1,6465,6494,6464,-1,6464,6494,6493,-1,6464,6493,6463,-1,6463,6493,6492,-1,6463,6492,6462,-1,6462,6492,6497,-1,6462,6497,6461,-1,6461,6497,6496,-1,6461,6496,6460,-1,6460,6496,6495,-1,6460,6495,6459,-1,6459,6495,6500,-1,6459,6500,6458,-1,6458,6500,6499,-1,6458,6499,6457,-1,6457,6499,6498,-1,6457,6498,6483,-1,6483,6498,6503,-1,6483,6503,6482,-1,6482,6503,6502,-1,6482,6502,6481,-1,6481,6502,6501,-1,6481,6501,6480,-1,6480,6501,6506,-1,6480,6506,6479,-1,6479,6506,6505,-1,6479,6505,6478,-1,6478,6505,6504,-1,6478,6504,6477,-1,6477,6504,6509,-1,6477,6509,6476,-1,6476,6509,6508,-1,6476,6508,6475,-1,6475,6508,6507,-1,6475,6507,6474,-1,6474,6507,6511,-1,6474,6511,6473,-1,6473,6511,6510,-1,6473,6510,6472,-1,6472,6510,6488,-1,6472,6488,6471,-1,6471,6488,6487,-1,6471,6487,6470,-1,6470,6487,6485,-1,6512,6513,6514,-1,6515,6516,6514,-1,6514,6516,6517,-1,6514,6517,6512,-1,6518,6519,6514,-1,6514,6519,6520,-1,6514,6520,6515,-1,6521,6522,6514,-1,6514,6522,6523,-1,6514,6523,6518,-1,6524,6525,6514,-1,6514,6525,6526,-1,6514,6526,6521,-1,6527,6528,6514,-1,6514,6528,6529,-1,6514,6529,6524,-1,6530,6531,6514,-1,6514,6531,6532,-1,6514,6532,6527,-1,6533,6534,6514,-1,6514,6534,6535,-1,6514,6535,6530,-1,6536,6537,6514,-1,6514,6537,6538,-1,6514,6538,6533,-1,6513,6539,6514,-1,6514,6539,6540,-1,6514,6540,6536,-1,6512,6517,6541,-1,6541,6517,6516,-1,6541,6516,6542,-1,6542,6516,6515,-1,6542,6515,6543,-1,6543,6515,6520,-1,6543,6520,6544,-1,6544,6520,6519,-1,6544,6519,6545,-1,6545,6519,6518,-1,6545,6518,6546,-1,6546,6518,6523,-1,6546,6523,6547,-1,6547,6523,6522,-1,6547,6522,6548,-1,6548,6522,6521,-1,6548,6521,6549,-1,6549,6521,6526,-1,6549,6526,6550,-1,6550,6526,6525,-1,6550,6525,6551,-1,6551,6525,6524,-1,6551,6524,6552,-1,6552,6524,6529,-1,6552,6529,6553,-1,6553,6529,6528,-1,6553,6528,6554,-1,6554,6528,6527,-1,6554,6527,6555,-1,6555,6527,6532,-1,6555,6532,6556,-1,6556,6532,6531,-1,6556,6531,6557,-1,6557,6531,6530,-1,6557,6530,6558,-1,6558,6530,6535,-1,6558,6535,6559,-1,6559,6535,6534,-1,6559,6534,6560,-1,6560,6534,6533,-1,6560,6533,6561,-1,6561,6533,6538,-1,6561,6538,6562,-1,6562,6538,6537,-1,6562,6537,6563,-1,6563,6537,6536,-1,6563,6536,6564,-1,6564,6536,6540,-1,6564,6540,6565,-1,6565,6540,6539,-1,6565,6539,6566,-1,6566,6539,6513,-1,6566,6513,6567,-1,6567,6513,6512,-1,6567,6512,6541,-1,6568,6569,6570,-1,6570,6569,6571,-1,6570,6571,6572,-1,6573,6574,6570,-1,6570,6574,6575,-1,6570,6575,6568,-1,6576,6577,6570,-1,6570,6577,6578,-1,6570,6578,6573,-1,6579,6580,6570,-1,6570,6580,6581,-1,6570,6581,6576,-1,6582,6583,6570,-1,6570,6583,6584,-1,6570,6584,6579,-1,6585,6586,6570,-1,6570,6586,6587,-1,6570,6587,6582,-1,6588,6589,6570,-1,6570,6589,6590,-1,6570,6590,6585,-1,6591,6592,6570,-1,6570,6592,6593,-1,6570,6593,6588,-1,6572,6594,6570,-1,6570,6594,6595,-1,6570,6595,6591,-1,6554,6569,6553,-1,6553,6569,6568,-1,6553,6568,6552,-1,6552,6568,6575,-1,6552,6575,6551,-1,6551,6575,6574,-1,6551,6574,6550,-1,6550,6574,6573,-1,6550,6573,6549,-1,6549,6573,6578,-1,6549,6578,6548,-1,6548,6578,6577,-1,6548,6577,6547,-1,6547,6577,6576,-1,6547,6576,6546,-1,6546,6576,6581,-1,6546,6581,6545,-1,6545,6581,6580,-1,6545,6580,6544,-1,6544,6580,6579,-1,6544,6579,6543,-1,6543,6579,6584,-1,6543,6584,6542,-1,6542,6584,6583,-1,6542,6583,6541,-1,6541,6583,6582,-1,6541,6582,6567,-1,6567,6582,6587,-1,6567,6587,6566,-1,6566,6587,6586,-1,6566,6586,6565,-1,6565,6586,6585,-1,6565,6585,6564,-1,6564,6585,6590,-1,6564,6590,6563,-1,6563,6590,6589,-1,6563,6589,6562,-1,6562,6589,6588,-1,6562,6588,6561,-1,6561,6588,6593,-1,6561,6593,6560,-1,6560,6593,6592,-1,6560,6592,6559,-1,6559,6592,6591,-1,6559,6591,6558,-1,6558,6591,6595,-1,6558,6595,6557,-1,6557,6595,6594,-1,6557,6594,6556,-1,6556,6594,6572,-1,6556,6572,6555,-1,6555,6572,6571,-1,6555,6571,6554,-1,6554,6571,6569,-1,6596,6597,6598,-1,6599,6600,6598,-1,6598,6600,6601,-1,6598,6601,6596,-1,6602,6603,6598,-1,6598,6603,6604,-1,6598,6604,6599,-1,6605,6606,6598,-1,6598,6606,6607,-1,6598,6607,6602,-1,6608,6609,6598,-1,6598,6609,6610,-1,6598,6610,6605,-1,6611,6612,6598,-1,6598,6612,6613,-1,6598,6613,6608,-1,6614,6615,6598,-1,6598,6615,6616,-1,6598,6616,6611,-1,6617,6618,6598,-1,6598,6618,6619,-1,6598,6619,6614,-1,6620,6621,6598,-1,6598,6621,6622,-1,6598,6622,6617,-1,6597,6623,6598,-1,6598,6623,6624,-1,6598,6624,6620,-1,6596,6601,6625,-1,6625,6601,6600,-1,6625,6600,6626,-1,6626,6600,6599,-1,6626,6599,6627,-1,6627,6599,6604,-1,6627,6604,6628,-1,6628,6604,6603,-1,6628,6603,6629,-1,6629,6603,6602,-1,6629,6602,6630,-1,6630,6602,6607,-1,6630,6607,6631,-1,6631,6607,6606,-1,6631,6606,6632,-1,6632,6606,6605,-1,6632,6605,6633,-1,6633,6605,6610,-1,6633,6610,6634,-1,6634,6610,6609,-1,6634,6609,6635,-1,6635,6609,6608,-1,6635,6608,6636,-1,6636,6608,6613,-1,6636,6613,6637,-1,6637,6613,6612,-1,6637,6612,6638,-1,6638,6612,6611,-1,6638,6611,6639,-1,6639,6611,6616,-1,6639,6616,6640,-1,6640,6616,6615,-1,6640,6615,6641,-1,6641,6615,6614,-1,6641,6614,6642,-1,6642,6614,6619,-1,6642,6619,6643,-1,6643,6619,6618,-1,6643,6618,6644,-1,6644,6618,6617,-1,6644,6617,6645,-1,6645,6617,6622,-1,6645,6622,6646,-1,6646,6622,6621,-1,6646,6621,6647,-1,6647,6621,6620,-1,6647,6620,6648,-1,6648,6620,6624,-1,6648,6624,6649,-1,6649,6624,6623,-1,6649,6623,6650,-1,6650,6623,6597,-1,6650,6597,6651,-1,6651,6597,6596,-1,6651,6596,6625,-1,6652,6653,6654,-1,6654,6653,6655,-1,6654,6655,6656,-1,6657,6658,6654,-1,6654,6658,6659,-1,6654,6659,6652,-1,6660,6661,6654,-1,6654,6661,6662,-1,6654,6662,6657,-1,6663,6664,6654,-1,6654,6664,6665,-1,6654,6665,6660,-1,6666,6667,6654,-1,6654,6667,6668,-1,6654,6668,6663,-1,6669,6670,6654,-1,6654,6670,6671,-1,6654,6671,6666,-1,6672,6673,6654,-1,6654,6673,6674,-1,6654,6674,6669,-1,6675,6676,6654,-1,6654,6676,6677,-1,6654,6677,6672,-1,6656,6678,6654,-1,6654,6678,6679,-1,6654,6679,6675,-1,6638,6653,6637,-1,6637,6653,6652,-1,6637,6652,6636,-1,6636,6652,6659,-1,6636,6659,6635,-1,6635,6659,6658,-1,6635,6658,6634,-1,6634,6658,6657,-1,6634,6657,6633,-1,6633,6657,6662,-1,6633,6662,6632,-1,6632,6662,6661,-1,6632,6661,6631,-1,6631,6661,6660,-1,6631,6660,6630,-1,6630,6660,6665,-1,6630,6665,6629,-1,6629,6665,6664,-1,6629,6664,6628,-1,6628,6664,6663,-1,6628,6663,6627,-1,6627,6663,6668,-1,6627,6668,6626,-1,6626,6668,6667,-1,6626,6667,6625,-1,6625,6667,6666,-1,6625,6666,6651,-1,6651,6666,6671,-1,6651,6671,6650,-1,6650,6671,6670,-1,6650,6670,6649,-1,6649,6670,6669,-1,6649,6669,6648,-1,6648,6669,6674,-1,6648,6674,6647,-1,6647,6674,6673,-1,6647,6673,6646,-1,6646,6673,6672,-1,6646,6672,6645,-1,6645,6672,6677,-1,6645,6677,6644,-1,6644,6677,6676,-1,6644,6676,6643,-1,6643,6676,6675,-1,6643,6675,6642,-1,6642,6675,6679,-1,6642,6679,6641,-1,6641,6679,6678,-1,6641,6678,6640,-1,6640,6678,6656,-1,6640,6656,6639,-1,6639,6656,6655,-1,6639,6655,6638,-1,6638,6655,6653,-1,6680,6681,6682,-1,6683,6684,6682,-1,6682,6684,6685,-1,6682,6685,6680,-1,6686,6687,6682,-1,6682,6687,6688,-1,6682,6688,6683,-1,6689,6690,6682,-1,6682,6690,6691,-1,6682,6691,6686,-1,6692,6693,6682,-1,6682,6693,6694,-1,6682,6694,6689,-1,6695,6696,6682,-1,6682,6696,6697,-1,6682,6697,6692,-1,6698,6699,6682,-1,6682,6699,6700,-1,6682,6700,6695,-1,6701,6702,6682,-1,6682,6702,6703,-1,6682,6703,6698,-1,6704,6705,6682,-1,6682,6705,6706,-1,6682,6706,6701,-1,6681,6707,6682,-1,6682,6707,6708,-1,6682,6708,6704,-1,6680,6685,6709,-1,6709,6685,6684,-1,6709,6684,6710,-1,6710,6684,6683,-1,6710,6683,6711,-1,6711,6683,6688,-1,6711,6688,6712,-1,6712,6688,6687,-1,6712,6687,6713,-1,6713,6687,6686,-1,6713,6686,6714,-1,6714,6686,6691,-1,6714,6691,6715,-1,6715,6691,6690,-1,6715,6690,6716,-1,6716,6690,6689,-1,6716,6689,6717,-1,6717,6689,6694,-1,6717,6694,6718,-1,6718,6694,6693,-1,6718,6693,6719,-1,6719,6693,6692,-1,6719,6692,6720,-1,6720,6692,6697,-1,6720,6697,6721,-1,6721,6697,6696,-1,6721,6696,6722,-1,6722,6696,6695,-1,6722,6695,6723,-1,6723,6695,6700,-1,6723,6700,6724,-1,6724,6700,6699,-1,6724,6699,6725,-1,6725,6699,6698,-1,6725,6698,6726,-1,6726,6698,6703,-1,6726,6703,6727,-1,6727,6703,6702,-1,6727,6702,6728,-1,6728,6702,6701,-1,6728,6701,6729,-1,6729,6701,6706,-1,6729,6706,6730,-1,6730,6706,6705,-1,6730,6705,6731,-1,6731,6705,6704,-1,6731,6704,6732,-1,6732,6704,6708,-1,6732,6708,6733,-1,6733,6708,6707,-1,6733,6707,6734,-1,6734,6707,6681,-1,6734,6681,6735,-1,6735,6681,6680,-1,6735,6680,6709,-1,6736,6737,6738,-1,6738,6737,6739,-1,6738,6739,6740,-1,6741,6742,6738,-1,6738,6742,6743,-1,6738,6743,6736,-1,6744,6745,6738,-1,6738,6745,6746,-1,6738,6746,6741,-1,6747,6748,6738,-1,6738,6748,6749,-1,6738,6749,6744,-1,6750,6751,6738,-1,6738,6751,6752,-1,6738,6752,6747,-1,6753,6754,6738,-1,6738,6754,6755,-1,6738,6755,6750,-1,6756,6757,6738,-1,6738,6757,6758,-1,6738,6758,6753,-1,6759,6760,6738,-1,6738,6760,6761,-1,6738,6761,6756,-1,6740,6762,6738,-1,6738,6762,6763,-1,6738,6763,6759,-1,6722,6737,6721,-1,6721,6737,6736,-1,6721,6736,6720,-1,6720,6736,6743,-1,6720,6743,6719,-1,6719,6743,6742,-1,6719,6742,6718,-1,6718,6742,6741,-1,6718,6741,6717,-1,6717,6741,6746,-1,6717,6746,6716,-1,6716,6746,6745,-1,6716,6745,6715,-1,6715,6745,6744,-1,6715,6744,6714,-1,6714,6744,6749,-1,6714,6749,6713,-1,6713,6749,6748,-1,6713,6748,6712,-1,6712,6748,6747,-1,6712,6747,6711,-1,6711,6747,6752,-1,6711,6752,6710,-1,6710,6752,6751,-1,6710,6751,6709,-1,6709,6751,6750,-1,6709,6750,6735,-1,6735,6750,6755,-1,6735,6755,6734,-1,6734,6755,6754,-1,6734,6754,6733,-1,6733,6754,6753,-1,6733,6753,6732,-1,6732,6753,6758,-1,6732,6758,6731,-1,6731,6758,6757,-1,6731,6757,6730,-1,6730,6757,6756,-1,6730,6756,6729,-1,6729,6756,6761,-1,6729,6761,6728,-1,6728,6761,6760,-1,6728,6760,6727,-1,6727,6760,6759,-1,6727,6759,6726,-1,6726,6759,6763,-1,6726,6763,6725,-1,6725,6763,6762,-1,6725,6762,6724,-1,6724,6762,6740,-1,6724,6740,6723,-1,6723,6740,6739,-1,6723,6739,6722,-1,6722,6739,6737,-1,6764,6765,6766,-1,6767,6768,6766,-1,6766,6768,6769,-1,6766,6769,6764,-1,6770,6771,6766,-1,6766,6771,6772,-1,6766,6772,6767,-1,6773,6774,6766,-1,6766,6774,6775,-1,6766,6775,6770,-1,6776,6777,6766,-1,6766,6777,6778,-1,6766,6778,6773,-1,6779,6780,6766,-1,6766,6780,6781,-1,6766,6781,6776,-1,6782,6783,6766,-1,6766,6783,6784,-1,6766,6784,6779,-1,6785,6786,6766,-1,6766,6786,6787,-1,6766,6787,6782,-1,6788,6789,6766,-1,6766,6789,6790,-1,6766,6790,6785,-1,6765,6791,6766,-1,6766,6791,6792,-1,6766,6792,6788,-1,6764,6769,6793,-1,6793,6769,6768,-1,6793,6768,6794,-1,6794,6768,6767,-1,6794,6767,6795,-1,6795,6767,6772,-1,6795,6772,6796,-1,6796,6772,6771,-1,6796,6771,6797,-1,6797,6771,6770,-1,6797,6770,6798,-1,6798,6770,6775,-1,6798,6775,6799,-1,6799,6775,6774,-1,6799,6774,6800,-1,6800,6774,6773,-1,6800,6773,6801,-1,6801,6773,6778,-1,6801,6778,6802,-1,6802,6778,6777,-1,6802,6777,6803,-1,6803,6777,6776,-1,6803,6776,6804,-1,6804,6776,6781,-1,6804,6781,6805,-1,6805,6781,6780,-1,6805,6780,6806,-1,6806,6780,6779,-1,6806,6779,6807,-1,6807,6779,6784,-1,6807,6784,6808,-1,6808,6784,6783,-1,6808,6783,6809,-1,6809,6783,6782,-1,6809,6782,6810,-1,6810,6782,6787,-1,6810,6787,6811,-1,6811,6787,6786,-1,6811,6786,6812,-1,6812,6786,6785,-1,6812,6785,6813,-1,6813,6785,6790,-1,6813,6790,6814,-1,6814,6790,6789,-1,6814,6789,6815,-1,6815,6789,6788,-1,6815,6788,6816,-1,6816,6788,6792,-1,6816,6792,6817,-1,6817,6792,6791,-1,6817,6791,6818,-1,6818,6791,6765,-1,6818,6765,6819,-1,6819,6765,6764,-1,6819,6764,6793,-1,6820,6821,6822,-1,6822,6821,6823,-1,6822,6823,6824,-1,6825,6826,6822,-1,6822,6826,6827,-1,6822,6827,6820,-1,6828,6829,6822,-1,6822,6829,6830,-1,6822,6830,6825,-1,6831,6832,6822,-1,6822,6832,6833,-1,6822,6833,6828,-1,6834,6835,6822,-1,6822,6835,6836,-1,6822,6836,6831,-1,6837,6838,6822,-1,6822,6838,6839,-1,6822,6839,6834,-1,6840,6841,6822,-1,6822,6841,6842,-1,6822,6842,6837,-1,6843,6844,6822,-1,6822,6844,6845,-1,6822,6845,6840,-1,6824,6846,6822,-1,6822,6846,6847,-1,6822,6847,6843,-1,6806,6821,6805,-1,6805,6821,6820,-1,6805,6820,6804,-1,6804,6820,6827,-1,6804,6827,6803,-1,6803,6827,6826,-1,6803,6826,6802,-1,6802,6826,6825,-1,6802,6825,6801,-1,6801,6825,6830,-1,6801,6830,6800,-1,6800,6830,6829,-1,6800,6829,6799,-1,6799,6829,6828,-1,6799,6828,6798,-1,6798,6828,6833,-1,6798,6833,6797,-1,6797,6833,6832,-1,6797,6832,6796,-1,6796,6832,6831,-1,6796,6831,6795,-1,6795,6831,6836,-1,6795,6836,6794,-1,6794,6836,6835,-1,6794,6835,6793,-1,6793,6835,6834,-1,6793,6834,6819,-1,6819,6834,6839,-1,6819,6839,6818,-1,6818,6839,6838,-1,6818,6838,6817,-1,6817,6838,6837,-1,6817,6837,6816,-1,6816,6837,6842,-1,6816,6842,6815,-1,6815,6842,6841,-1,6815,6841,6814,-1,6814,6841,6840,-1,6814,6840,6813,-1,6813,6840,6845,-1,6813,6845,6812,-1,6812,6845,6844,-1,6812,6844,6811,-1,6811,6844,6843,-1,6811,6843,6810,-1,6810,6843,6847,-1,6810,6847,6809,-1,6809,6847,6846,-1,6809,6846,6808,-1,6808,6846,6824,-1,6808,6824,6807,-1,6807,6824,6823,-1,6807,6823,6806,-1,6806,6823,6821,-1,6848,6849,6850,-1,6851,6852,6850,-1,6850,6852,6853,-1,6850,6853,6848,-1,6854,6855,6850,-1,6850,6855,6856,-1,6850,6856,6851,-1,6857,6858,6850,-1,6850,6858,6859,-1,6850,6859,6854,-1,6860,6861,6850,-1,6850,6861,6862,-1,6850,6862,6857,-1,6863,6864,6850,-1,6850,6864,6865,-1,6850,6865,6860,-1,6866,6867,6850,-1,6850,6867,6868,-1,6850,6868,6863,-1,6869,6870,6850,-1,6850,6870,6871,-1,6850,6871,6866,-1,6872,6873,6850,-1,6850,6873,6874,-1,6850,6874,6869,-1,6849,6875,6850,-1,6850,6875,6876,-1,6850,6876,6872,-1,6848,6853,6877,-1,6877,6853,6852,-1,6877,6852,6878,-1,6878,6852,6851,-1,6878,6851,6879,-1,6879,6851,6856,-1,6879,6856,6880,-1,6880,6856,6855,-1,6880,6855,6881,-1,6881,6855,6854,-1,6881,6854,6882,-1,6882,6854,6859,-1,6882,6859,6883,-1,6883,6859,6858,-1,6883,6858,6884,-1,6884,6858,6857,-1,6884,6857,6885,-1,6885,6857,6862,-1,6885,6862,6886,-1,6886,6862,6861,-1,6886,6861,6887,-1,6887,6861,6860,-1,6887,6860,6888,-1,6888,6860,6865,-1,6888,6865,6889,-1,6889,6865,6864,-1,6889,6864,6890,-1,6890,6864,6863,-1,6890,6863,6891,-1,6891,6863,6868,-1,6891,6868,6892,-1,6892,6868,6867,-1,6892,6867,6893,-1,6893,6867,6866,-1,6893,6866,6894,-1,6894,6866,6871,-1,6894,6871,6895,-1,6895,6871,6870,-1,6895,6870,6896,-1,6896,6870,6869,-1,6896,6869,6897,-1,6897,6869,6874,-1,6897,6874,6898,-1,6898,6874,6873,-1,6898,6873,6899,-1,6899,6873,6872,-1,6899,6872,6900,-1,6900,6872,6876,-1,6900,6876,6901,-1,6901,6876,6875,-1,6901,6875,6902,-1,6902,6875,6849,-1,6902,6849,6903,-1,6903,6849,6848,-1,6903,6848,6877,-1,6904,6905,6906,-1,6906,6905,6907,-1,6906,6907,6908,-1,6909,6910,6906,-1,6906,6910,6911,-1,6906,6911,6904,-1,6912,6913,6906,-1,6906,6913,6914,-1,6906,6914,6909,-1,6915,6916,6906,-1,6906,6916,6917,-1,6906,6917,6912,-1,6918,6919,6906,-1,6906,6919,6920,-1,6906,6920,6915,-1,6921,6922,6906,-1,6906,6922,6923,-1,6906,6923,6918,-1,6924,6925,6906,-1,6906,6925,6926,-1,6906,6926,6921,-1,6927,6928,6906,-1,6906,6928,6929,-1,6906,6929,6924,-1,6908,6930,6906,-1,6906,6930,6931,-1,6906,6931,6927,-1,6890,6905,6889,-1,6889,6905,6904,-1,6889,6904,6888,-1,6888,6904,6911,-1,6888,6911,6887,-1,6887,6911,6910,-1,6887,6910,6886,-1,6886,6910,6909,-1,6886,6909,6885,-1,6885,6909,6914,-1,6885,6914,6884,-1,6884,6914,6913,-1,6884,6913,6883,-1,6883,6913,6912,-1,6883,6912,6882,-1,6882,6912,6917,-1,6882,6917,6881,-1,6881,6917,6916,-1,6881,6916,6880,-1,6880,6916,6915,-1,6880,6915,6879,-1,6879,6915,6920,-1,6879,6920,6878,-1,6878,6920,6919,-1,6878,6919,6877,-1,6877,6919,6918,-1,6877,6918,6903,-1,6903,6918,6923,-1,6903,6923,6902,-1,6902,6923,6922,-1,6902,6922,6901,-1,6901,6922,6921,-1,6901,6921,6900,-1,6900,6921,6926,-1,6900,6926,6899,-1,6899,6926,6925,-1,6899,6925,6898,-1,6898,6925,6924,-1,6898,6924,6897,-1,6897,6924,6929,-1,6897,6929,6896,-1,6896,6929,6928,-1,6896,6928,6895,-1,6895,6928,6927,-1,6895,6927,6894,-1,6894,6927,6931,-1,6894,6931,6893,-1,6893,6931,6930,-1,6893,6930,6892,-1,6892,6930,6908,-1,6892,6908,6891,-1,6891,6908,6907,-1,6891,6907,6890,-1,6890,6907,6905,-1,6932,6933,6934,-1,6935,6936,6934,-1,6934,6936,6937,-1,6934,6937,6932,-1,6938,6939,6934,-1,6934,6939,6940,-1,6934,6940,6935,-1,6941,6942,6934,-1,6934,6942,6943,-1,6934,6943,6938,-1,6944,6945,6934,-1,6934,6945,6946,-1,6934,6946,6941,-1,6947,6948,6934,-1,6934,6948,6949,-1,6934,6949,6944,-1,6950,6951,6934,-1,6934,6951,6952,-1,6934,6952,6947,-1,6953,6954,6934,-1,6934,6954,6955,-1,6934,6955,6950,-1,6956,6957,6934,-1,6934,6957,6958,-1,6934,6958,6953,-1,6933,6959,6934,-1,6934,6959,6960,-1,6934,6960,6956,-1,6932,6937,6961,-1,6961,6937,6936,-1,6961,6936,6962,-1,6962,6936,6935,-1,6962,6935,6963,-1,6963,6935,6940,-1,6963,6940,6964,-1,6964,6940,6939,-1,6964,6939,6965,-1,6965,6939,6938,-1,6965,6938,6966,-1,6966,6938,6943,-1,6966,6943,6967,-1,6967,6943,6942,-1,6967,6942,6968,-1,6968,6942,6941,-1,6968,6941,6969,-1,6969,6941,6946,-1,6969,6946,6970,-1,6970,6946,6945,-1,6970,6945,6971,-1,6971,6945,6944,-1,6971,6944,6972,-1,6972,6944,6949,-1,6972,6949,6973,-1,6973,6949,6948,-1,6973,6948,6974,-1,6974,6948,6947,-1,6974,6947,6975,-1,6975,6947,6952,-1,6975,6952,6976,-1,6976,6952,6951,-1,6976,6951,6977,-1,6977,6951,6950,-1,6977,6950,6978,-1,6978,6950,6955,-1,6978,6955,6979,-1,6979,6955,6954,-1,6979,6954,6980,-1,6980,6954,6953,-1,6980,6953,6981,-1,6981,6953,6958,-1,6981,6958,6982,-1,6982,6958,6957,-1,6982,6957,6983,-1,6983,6957,6956,-1,6983,6956,6984,-1,6984,6956,6960,-1,6984,6960,6985,-1,6985,6960,6959,-1,6985,6959,6986,-1,6986,6959,6933,-1,6986,6933,6987,-1,6987,6933,6932,-1,6987,6932,6961,-1,6988,6989,6990,-1,6990,6989,6991,-1,6990,6991,6992,-1,6993,6994,6990,-1,6990,6994,6995,-1,6990,6995,6988,-1,6996,6997,6990,-1,6990,6997,6998,-1,6990,6998,6993,-1,6999,7000,6990,-1,6990,7000,7001,-1,6990,7001,6996,-1,7002,7003,6990,-1,6990,7003,7004,-1,6990,7004,6999,-1,7005,7006,6990,-1,6990,7006,7007,-1,6990,7007,7002,-1,7008,7009,6990,-1,6990,7009,7010,-1,6990,7010,7005,-1,7011,7012,6990,-1,6990,7012,7013,-1,6990,7013,7008,-1,6992,7014,6990,-1,6990,7014,7015,-1,6990,7015,7011,-1,6974,6989,6973,-1,6973,6989,6988,-1,6973,6988,6972,-1,6972,6988,6995,-1,6972,6995,6971,-1,6971,6995,6994,-1,6971,6994,6970,-1,6970,6994,6993,-1,6970,6993,6969,-1,6969,6993,6998,-1,6969,6998,6968,-1,6968,6998,6997,-1,6968,6997,6967,-1,6967,6997,6996,-1,6967,6996,6966,-1,6966,6996,7001,-1,6966,7001,6965,-1,6965,7001,7000,-1,6965,7000,6964,-1,6964,7000,6999,-1,6964,6999,6963,-1,6963,6999,7004,-1,6963,7004,6962,-1,6962,7004,7003,-1,6962,7003,6961,-1,6961,7003,7002,-1,6961,7002,6987,-1,6987,7002,7007,-1,6987,7007,6986,-1,6986,7007,7006,-1,6986,7006,6985,-1,6985,7006,7005,-1,6985,7005,6984,-1,6984,7005,7010,-1,6984,7010,6983,-1,6983,7010,7009,-1,6983,7009,6982,-1,6982,7009,7008,-1,6982,7008,6981,-1,6981,7008,7013,-1,6981,7013,6980,-1,6980,7013,7012,-1,6980,7012,6979,-1,6979,7012,7011,-1,6979,7011,6978,-1,6978,7011,7015,-1,6978,7015,6977,-1,6977,7015,7014,-1,6977,7014,6976,-1,6976,7014,6992,-1,6976,6992,6975,-1,6975,6992,6991,-1,6975,6991,6974,-1,6974,6991,6989,-1,7016,7017,7018,-1,7019,7020,7018,-1,7018,7020,7021,-1,7018,7021,7016,-1,7022,7023,7018,-1,7018,7023,7024,-1,7018,7024,7019,-1,7025,7026,7018,-1,7018,7026,7027,-1,7018,7027,7022,-1,7028,7029,7018,-1,7018,7029,7030,-1,7018,7030,7025,-1,7031,7032,7018,-1,7018,7032,7033,-1,7018,7033,7028,-1,7034,7035,7018,-1,7018,7035,7036,-1,7018,7036,7031,-1,7037,7038,7018,-1,7018,7038,7039,-1,7018,7039,7034,-1,7040,7041,7018,-1,7018,7041,7042,-1,7018,7042,7037,-1,7017,7043,7018,-1,7018,7043,7044,-1,7018,7044,7040,-1,7016,7021,7045,-1,7045,7021,7020,-1,7045,7020,7046,-1,7046,7020,7019,-1,7046,7019,7047,-1,7047,7019,7024,-1,7047,7024,7048,-1,7048,7024,7023,-1,7048,7023,7049,-1,7049,7023,7022,-1,7049,7022,7050,-1,7050,7022,7027,-1,7050,7027,7051,-1,7051,7027,7026,-1,7051,7026,7052,-1,7052,7026,7025,-1,7052,7025,7053,-1,7053,7025,7030,-1,7053,7030,7054,-1,7054,7030,7029,-1,7054,7029,7055,-1,7055,7029,7028,-1,7055,7028,7056,-1,7056,7028,7033,-1,7056,7033,7057,-1,7057,7033,7032,-1,7057,7032,7058,-1,7058,7032,7031,-1,7058,7031,7059,-1,7059,7031,7036,-1,7059,7036,7060,-1,7060,7036,7035,-1,7060,7035,7061,-1,7061,7035,7034,-1,7061,7034,7062,-1,7062,7034,7039,-1,7062,7039,7063,-1,7063,7039,7038,-1,7063,7038,7064,-1,7064,7038,7037,-1,7064,7037,7065,-1,7065,7037,7042,-1,7065,7042,7066,-1,7066,7042,7041,-1,7066,7041,7067,-1,7067,7041,7040,-1,7067,7040,7068,-1,7068,7040,7044,-1,7068,7044,7069,-1,7069,7044,7043,-1,7069,7043,7070,-1,7070,7043,7017,-1,7070,7017,7071,-1,7071,7017,7016,-1,7071,7016,7045,-1,7072,7073,7074,-1,7074,7073,7075,-1,7074,7075,7076,-1,7077,7078,7074,-1,7074,7078,7079,-1,7074,7079,7072,-1,7080,7081,7074,-1,7074,7081,7082,-1,7074,7082,7077,-1,7083,7084,7074,-1,7074,7084,7085,-1,7074,7085,7080,-1,7086,7087,7074,-1,7074,7087,7088,-1,7074,7088,7083,-1,7089,7090,7074,-1,7074,7090,7091,-1,7074,7091,7086,-1,7092,7093,7074,-1,7074,7093,7094,-1,7074,7094,7089,-1,7095,7096,7074,-1,7074,7096,7097,-1,7074,7097,7092,-1,7076,7098,7074,-1,7074,7098,7099,-1,7074,7099,7095,-1,7058,7073,7057,-1,7057,7073,7072,-1,7057,7072,7056,-1,7056,7072,7079,-1,7056,7079,7055,-1,7055,7079,7078,-1,7055,7078,7054,-1,7054,7078,7077,-1,7054,7077,7053,-1,7053,7077,7082,-1,7053,7082,7052,-1,7052,7082,7081,-1,7052,7081,7051,-1,7051,7081,7080,-1,7051,7080,7050,-1,7050,7080,7085,-1,7050,7085,7049,-1,7049,7085,7084,-1,7049,7084,7048,-1,7048,7084,7083,-1,7048,7083,7047,-1,7047,7083,7088,-1,7047,7088,7046,-1,7046,7088,7087,-1,7046,7087,7045,-1,7045,7087,7086,-1,7045,7086,7071,-1,7071,7086,7091,-1,7071,7091,7070,-1,7070,7091,7090,-1,7070,7090,7069,-1,7069,7090,7089,-1,7069,7089,7068,-1,7068,7089,7094,-1,7068,7094,7067,-1,7067,7094,7093,-1,7067,7093,7066,-1,7066,7093,7092,-1,7066,7092,7065,-1,7065,7092,7097,-1,7065,7097,7064,-1,7064,7097,7096,-1,7064,7096,7063,-1,7063,7096,7095,-1,7063,7095,7062,-1,7062,7095,7099,-1,7062,7099,7061,-1,7061,7099,7098,-1,7061,7098,7060,-1,7060,7098,7076,-1,7060,7076,7059,-1,7059,7076,7075,-1,7059,7075,7058,-1,7058,7075,7073,-1,7100,7101,7102,-1,7103,7104,7102,-1,7102,7104,7105,-1,7102,7105,7100,-1,7106,7107,7102,-1,7102,7107,7108,-1,7102,7108,7103,-1,7109,7110,7102,-1,7102,7110,7111,-1,7102,7111,7106,-1,7112,7113,7102,-1,7102,7113,7114,-1,7102,7114,7109,-1,7115,7116,7102,-1,7102,7116,7117,-1,7102,7117,7112,-1,7118,7119,7102,-1,7102,7119,7120,-1,7102,7120,7115,-1,7121,7122,7102,-1,7102,7122,7123,-1,7102,7123,7118,-1,7124,7125,7102,-1,7102,7125,7126,-1,7102,7126,7121,-1,7101,7127,7102,-1,7102,7127,7128,-1,7102,7128,7124,-1,7100,7105,7129,-1,7129,7105,7104,-1,7129,7104,7130,-1,7130,7104,7103,-1,7130,7103,7131,-1,7131,7103,7108,-1,7131,7108,7132,-1,7132,7108,7107,-1,7132,7107,7133,-1,7133,7107,7106,-1,7133,7106,7134,-1,7134,7106,7111,-1,7134,7111,7135,-1,7135,7111,7110,-1,7135,7110,7136,-1,7136,7110,7109,-1,7136,7109,7137,-1,7137,7109,7114,-1,7137,7114,7138,-1,7138,7114,7113,-1,7138,7113,7139,-1,7139,7113,7112,-1,7139,7112,7140,-1,7140,7112,7117,-1,7140,7117,7141,-1,7141,7117,7116,-1,7141,7116,7142,-1,7142,7116,7115,-1,7142,7115,7143,-1,7143,7115,7120,-1,7143,7120,7144,-1,7144,7120,7119,-1,7144,7119,7145,-1,7145,7119,7118,-1,7145,7118,7146,-1,7146,7118,7123,-1,7146,7123,7147,-1,7147,7123,7122,-1,7147,7122,7148,-1,7148,7122,7121,-1,7148,7121,7149,-1,7149,7121,7126,-1,7149,7126,7150,-1,7150,7126,7125,-1,7150,7125,7151,-1,7151,7125,7124,-1,7151,7124,7152,-1,7152,7124,7128,-1,7152,7128,7153,-1,7153,7128,7127,-1,7153,7127,7154,-1,7154,7127,7101,-1,7154,7101,7155,-1,7155,7101,7100,-1,7155,7100,7129,-1,7156,7157,7158,-1,7158,7157,7159,-1,7158,7159,7160,-1,7161,7162,7158,-1,7158,7162,7163,-1,7158,7163,7156,-1,7164,7165,7158,-1,7158,7165,7166,-1,7158,7166,7161,-1,7167,7168,7158,-1,7158,7168,7169,-1,7158,7169,7164,-1,7170,7171,7158,-1,7158,7171,7172,-1,7158,7172,7167,-1,7173,7174,7158,-1,7158,7174,7175,-1,7158,7175,7170,-1,7176,7177,7158,-1,7158,7177,7178,-1,7158,7178,7173,-1,7179,7180,7158,-1,7158,7180,7181,-1,7158,7181,7176,-1,7160,7182,7158,-1,7158,7182,7183,-1,7158,7183,7179,-1,7142,7157,7141,-1,7141,7157,7156,-1,7141,7156,7140,-1,7140,7156,7163,-1,7140,7163,7139,-1,7139,7163,7162,-1,7139,7162,7138,-1,7138,7162,7161,-1,7138,7161,7137,-1,7137,7161,7166,-1,7137,7166,7136,-1,7136,7166,7165,-1,7136,7165,7135,-1,7135,7165,7164,-1,7135,7164,7134,-1,7134,7164,7169,-1,7134,7169,7133,-1,7133,7169,7168,-1,7133,7168,7132,-1,7132,7168,7167,-1,7132,7167,7131,-1,7131,7167,7172,-1,7131,7172,7130,-1,7130,7172,7171,-1,7130,7171,7129,-1,7129,7171,7170,-1,7129,7170,7155,-1,7155,7170,7175,-1,7155,7175,7154,-1,7154,7175,7174,-1,7154,7174,7153,-1,7153,7174,7173,-1,7153,7173,7152,-1,7152,7173,7178,-1,7152,7178,7151,-1,7151,7178,7177,-1,7151,7177,7150,-1,7150,7177,7176,-1,7150,7176,7149,-1,7149,7176,7181,-1,7149,7181,7148,-1,7148,7181,7180,-1,7148,7180,7147,-1,7147,7180,7179,-1,7147,7179,7146,-1,7146,7179,7183,-1,7146,7183,7145,-1,7145,7183,7182,-1,7145,7182,7144,-1,7144,7182,7160,-1,7144,7160,7143,-1,7143,7160,7159,-1,7143,7159,7142,-1,7142,7159,7157,-1,7184,7185,7186,-1,7187,7188,7186,-1,7186,7188,7189,-1,7186,7189,7184,-1,7190,7191,7186,-1,7186,7191,7192,-1,7186,7192,7187,-1,7193,7194,7186,-1,7186,7194,7195,-1,7186,7195,7190,-1,7196,7197,7186,-1,7186,7197,7198,-1,7186,7198,7193,-1,7199,7200,7186,-1,7186,7200,7201,-1,7186,7201,7196,-1,7202,7203,7186,-1,7186,7203,7204,-1,7186,7204,7199,-1,7205,7206,7186,-1,7186,7206,7207,-1,7186,7207,7202,-1,7208,7209,7186,-1,7186,7209,7210,-1,7186,7210,7205,-1,7185,7211,7186,-1,7186,7211,7212,-1,7186,7212,7208,-1,7184,7189,7213,-1,7213,7189,7188,-1,7213,7188,7214,-1,7214,7188,7187,-1,7214,7187,7215,-1,7215,7187,7192,-1,7215,7192,7216,-1,7216,7192,7191,-1,7216,7191,7217,-1,7217,7191,7190,-1,7217,7190,7218,-1,7218,7190,7195,-1,7218,7195,7219,-1,7219,7195,7194,-1,7219,7194,7220,-1,7220,7194,7193,-1,7220,7193,7221,-1,7221,7193,7198,-1,7221,7198,7222,-1,7222,7198,7197,-1,7222,7197,7223,-1,7223,7197,7196,-1,7223,7196,7224,-1,7224,7196,7201,-1,7224,7201,7225,-1,7225,7201,7200,-1,7225,7200,7226,-1,7226,7200,7199,-1,7226,7199,7227,-1,7227,7199,7204,-1,7227,7204,7228,-1,7228,7204,7203,-1,7228,7203,7229,-1,7229,7203,7202,-1,7229,7202,7230,-1,7230,7202,7207,-1,7230,7207,7231,-1,7231,7207,7206,-1,7231,7206,7232,-1,7232,7206,7205,-1,7232,7205,7233,-1,7233,7205,7210,-1,7233,7210,7234,-1,7234,7210,7209,-1,7234,7209,7235,-1,7235,7209,7208,-1,7235,7208,7236,-1,7236,7208,7212,-1,7236,7212,7237,-1,7237,7212,7211,-1,7237,7211,7238,-1,7238,7211,7185,-1,7238,7185,7239,-1,7239,7185,7184,-1,7239,7184,7213,-1,7240,7241,7242,-1,7242,7241,7243,-1,7242,7243,7244,-1,7245,7246,7242,-1,7242,7246,7247,-1,7242,7247,7240,-1,7248,7249,7242,-1,7242,7249,7250,-1,7242,7250,7245,-1,7251,7252,7242,-1,7242,7252,7253,-1,7242,7253,7248,-1,7254,7255,7242,-1,7242,7255,7256,-1,7242,7256,7251,-1,7257,7258,7242,-1,7242,7258,7259,-1,7242,7259,7254,-1,7260,7261,7242,-1,7242,7261,7262,-1,7242,7262,7257,-1,7263,7264,7242,-1,7242,7264,7265,-1,7242,7265,7260,-1,7244,7266,7242,-1,7242,7266,7267,-1,7242,7267,7263,-1,7226,7241,7225,-1,7225,7241,7240,-1,7225,7240,7224,-1,7224,7240,7247,-1,7224,7247,7223,-1,7223,7247,7246,-1,7223,7246,7222,-1,7222,7246,7245,-1,7222,7245,7221,-1,7221,7245,7250,-1,7221,7250,7220,-1,7220,7250,7249,-1,7220,7249,7219,-1,7219,7249,7248,-1,7219,7248,7218,-1,7218,7248,7253,-1,7218,7253,7217,-1,7217,7253,7252,-1,7217,7252,7216,-1,7216,7252,7251,-1,7216,7251,7215,-1,7215,7251,7256,-1,7215,7256,7214,-1,7214,7256,7255,-1,7214,7255,7213,-1,7213,7255,7254,-1,7213,7254,7239,-1,7239,7254,7259,-1,7239,7259,7238,-1,7238,7259,7258,-1,7238,7258,7237,-1,7237,7258,7257,-1,7237,7257,7236,-1,7236,7257,7262,-1,7236,7262,7235,-1,7235,7262,7261,-1,7235,7261,7234,-1,7234,7261,7260,-1,7234,7260,7233,-1,7233,7260,7265,-1,7233,7265,7232,-1,7232,7265,7264,-1,7232,7264,7231,-1,7231,7264,7263,-1,7231,7263,7230,-1,7230,7263,7267,-1,7230,7267,7229,-1,7229,7267,7266,-1,7229,7266,7228,-1,7228,7266,7244,-1,7228,7244,7227,-1,7227,7244,7243,-1,7227,7243,7226,-1,7226,7243,7241,-1,7268,7269,7270,-1,7271,7272,7270,-1,7270,7272,7273,-1,7270,7273,7268,-1,7274,7275,7270,-1,7270,7275,7276,-1,7270,7276,7271,-1,7277,7278,7270,-1,7270,7278,7279,-1,7270,7279,7274,-1,7280,7281,7270,-1,7270,7281,7282,-1,7270,7282,7277,-1,7283,7284,7270,-1,7270,7284,7285,-1,7270,7285,7280,-1,7286,7287,7270,-1,7270,7287,7288,-1,7270,7288,7283,-1,7289,7290,7270,-1,7270,7290,7291,-1,7270,7291,7286,-1,7292,7293,7270,-1,7270,7293,7294,-1,7270,7294,7289,-1,7269,7295,7270,-1,7270,7295,7296,-1,7270,7296,7292,-1,7268,7273,7297,-1,7297,7273,7272,-1,7297,7272,7298,-1,7298,7272,7271,-1,7298,7271,7299,-1,7299,7271,7276,-1,7299,7276,7300,-1,7300,7276,7275,-1,7300,7275,7301,-1,7301,7275,7274,-1,7301,7274,7302,-1,7302,7274,7279,-1,7302,7279,7303,-1,7303,7279,7278,-1,7303,7278,7304,-1,7304,7278,7277,-1,7304,7277,7305,-1,7305,7277,7282,-1,7305,7282,7306,-1,7306,7282,7281,-1,7306,7281,7307,-1,7307,7281,7280,-1,7307,7280,7308,-1,7308,7280,7285,-1,7308,7285,7309,-1,7309,7285,7284,-1,7309,7284,7310,-1,7310,7284,7283,-1,7310,7283,7311,-1,7311,7283,7288,-1,7311,7288,7312,-1,7312,7288,7287,-1,7312,7287,7313,-1,7313,7287,7286,-1,7313,7286,7314,-1,7314,7286,7291,-1,7314,7291,7315,-1,7315,7291,7290,-1,7315,7290,7316,-1,7316,7290,7289,-1,7316,7289,7317,-1,7317,7289,7294,-1,7317,7294,7318,-1,7318,7294,7293,-1,7318,7293,7319,-1,7319,7293,7292,-1,7319,7292,7320,-1,7320,7292,7296,-1,7320,7296,7321,-1,7321,7296,7295,-1,7321,7295,7322,-1,7322,7295,7269,-1,7322,7269,7323,-1,7323,7269,7268,-1,7323,7268,7297,-1,7324,7325,7326,-1,7326,7325,7327,-1,7326,7327,7328,-1,7329,7330,7326,-1,7326,7330,7331,-1,7326,7331,7324,-1,7332,7333,7326,-1,7326,7333,7334,-1,7326,7334,7329,-1,7335,7336,7326,-1,7326,7336,7337,-1,7326,7337,7332,-1,7338,7339,7326,-1,7326,7339,7340,-1,7326,7340,7335,-1,7341,7342,7326,-1,7326,7342,7343,-1,7326,7343,7338,-1,7344,7345,7326,-1,7326,7345,7346,-1,7326,7346,7341,-1,7347,7348,7326,-1,7326,7348,7349,-1,7326,7349,7344,-1,7328,7350,7326,-1,7326,7350,7351,-1,7326,7351,7347,-1,7310,7325,7309,-1,7309,7325,7324,-1,7309,7324,7308,-1,7308,7324,7331,-1,7308,7331,7307,-1,7307,7331,7330,-1,7307,7330,7306,-1,7306,7330,7329,-1,7306,7329,7305,-1,7305,7329,7334,-1,7305,7334,7304,-1,7304,7334,7333,-1,7304,7333,7303,-1,7303,7333,7332,-1,7303,7332,7302,-1,7302,7332,7337,-1,7302,7337,7301,-1,7301,7337,7336,-1,7301,7336,7300,-1,7300,7336,7335,-1,7300,7335,7299,-1,7299,7335,7340,-1,7299,7340,7298,-1,7298,7340,7339,-1,7298,7339,7297,-1,7297,7339,7338,-1,7297,7338,7323,-1,7323,7338,7343,-1,7323,7343,7322,-1,7322,7343,7342,-1,7322,7342,7321,-1,7321,7342,7341,-1,7321,7341,7320,-1,7320,7341,7346,-1,7320,7346,7319,-1,7319,7346,7345,-1,7319,7345,7318,-1,7318,7345,7344,-1,7318,7344,7317,-1,7317,7344,7349,-1,7317,7349,7316,-1,7316,7349,7348,-1,7316,7348,7315,-1,7315,7348,7347,-1,7315,7347,7314,-1,7314,7347,7351,-1,7314,7351,7313,-1,7313,7351,7350,-1,7313,7350,7312,-1,7312,7350,7328,-1,7312,7328,7311,-1,7311,7328,7327,-1,7311,7327,7310,-1,7310,7327,7325,-1,7352,7353,7354,-1,7355,7356,7354,-1,7354,7356,7357,-1,7354,7357,7352,-1,7358,7359,7354,-1,7354,7359,7360,-1,7354,7360,7355,-1,7361,7362,7354,-1,7354,7362,7363,-1,7354,7363,7358,-1,7364,7365,7354,-1,7354,7365,7366,-1,7354,7366,7361,-1,7367,7368,7354,-1,7354,7368,7369,-1,7354,7369,7364,-1,7370,7371,7354,-1,7354,7371,7372,-1,7354,7372,7367,-1,7373,7374,7354,-1,7354,7374,7375,-1,7354,7375,7370,-1,7376,7377,7354,-1,7354,7377,7378,-1,7354,7378,7373,-1,7353,7379,7354,-1,7354,7379,7380,-1,7354,7380,7376,-1,7352,7357,7381,-1,7381,7357,7356,-1,7381,7356,7382,-1,7382,7356,7355,-1,7382,7355,7383,-1,7383,7355,7360,-1,7383,7360,7384,-1,7384,7360,7359,-1,7384,7359,7385,-1,7385,7359,7358,-1,7385,7358,7386,-1,7386,7358,7363,-1,7386,7363,7387,-1,7387,7363,7362,-1,7387,7362,7388,-1,7388,7362,7361,-1,7388,7361,7389,-1,7389,7361,7366,-1,7389,7366,7390,-1,7390,7366,7365,-1,7390,7365,7391,-1,7391,7365,7364,-1,7391,7364,7392,-1,7392,7364,7369,-1,7392,7369,7393,-1,7393,7369,7368,-1,7393,7368,7394,-1,7394,7368,7367,-1,7394,7367,7395,-1,7395,7367,7372,-1,7395,7372,7396,-1,7396,7372,7371,-1,7396,7371,7397,-1,7397,7371,7370,-1,7397,7370,7398,-1,7398,7370,7375,-1,7398,7375,7399,-1,7399,7375,7374,-1,7399,7374,7400,-1,7400,7374,7373,-1,7400,7373,7401,-1,7401,7373,7378,-1,7401,7378,7402,-1,7402,7378,7377,-1,7402,7377,7403,-1,7403,7377,7376,-1,7403,7376,7404,-1,7404,7376,7380,-1,7404,7380,7405,-1,7405,7380,7379,-1,7405,7379,7406,-1,7406,7379,7353,-1,7406,7353,7407,-1,7407,7353,7352,-1,7407,7352,7381,-1,7408,7409,7410,-1,7410,7409,7411,-1,7410,7411,7412,-1,7413,7414,7410,-1,7410,7414,7415,-1,7410,7415,7408,-1,7416,7417,7410,-1,7410,7417,7418,-1,7410,7418,7413,-1,7419,7420,7410,-1,7410,7420,7421,-1,7410,7421,7416,-1,7422,7423,7410,-1,7410,7423,7424,-1,7410,7424,7419,-1,7425,7426,7410,-1,7410,7426,7427,-1,7410,7427,7422,-1,7428,7429,7410,-1,7410,7429,7430,-1,7410,7430,7425,-1,7431,7432,7410,-1,7410,7432,7433,-1,7410,7433,7428,-1,7412,7434,7410,-1,7410,7434,7435,-1,7410,7435,7431,-1,7394,7409,7393,-1,7393,7409,7408,-1,7393,7408,7392,-1,7392,7408,7415,-1,7392,7415,7391,-1,7391,7415,7414,-1,7391,7414,7390,-1,7390,7414,7413,-1,7390,7413,7389,-1,7389,7413,7418,-1,7389,7418,7388,-1,7388,7418,7417,-1,7388,7417,7387,-1,7387,7417,7416,-1,7387,7416,7386,-1,7386,7416,7421,-1,7386,7421,7385,-1,7385,7421,7420,-1,7385,7420,7384,-1,7384,7420,7419,-1,7384,7419,7383,-1,7383,7419,7424,-1,7383,7424,7382,-1,7382,7424,7423,-1,7382,7423,7381,-1,7381,7423,7422,-1,7381,7422,7407,-1,7407,7422,7427,-1,7407,7427,7406,-1,7406,7427,7426,-1,7406,7426,7405,-1,7405,7426,7425,-1,7405,7425,7404,-1,7404,7425,7430,-1,7404,7430,7403,-1,7403,7430,7429,-1,7403,7429,7402,-1,7402,7429,7428,-1,7402,7428,7401,-1,7401,7428,7433,-1,7401,7433,7400,-1,7400,7433,7432,-1,7400,7432,7399,-1,7399,7432,7431,-1,7399,7431,7398,-1,7398,7431,7435,-1,7398,7435,7397,-1,7397,7435,7434,-1,7397,7434,7396,-1,7396,7434,7412,-1,7396,7412,7395,-1,7395,7412,7411,-1,7395,7411,7394,-1,7394,7411,7409,-1,7436,7437,7438,-1,7439,7440,7438,-1,7438,7440,7441,-1,7438,7441,7436,-1,7442,7443,7438,-1,7438,7443,7444,-1,7438,7444,7439,-1,7445,7446,7438,-1,7438,7446,7447,-1,7438,7447,7442,-1,7448,7449,7438,-1,7438,7449,7450,-1,7438,7450,7445,-1,7451,7452,7438,-1,7438,7452,7453,-1,7438,7453,7448,-1,7454,7455,7438,-1,7438,7455,7456,-1,7438,7456,7451,-1,7457,7458,7438,-1,7438,7458,7459,-1,7438,7459,7454,-1,7460,7461,7438,-1,7438,7461,7462,-1,7438,7462,7457,-1,7437,7463,7438,-1,7438,7463,7464,-1,7438,7464,7460,-1,7436,7441,7465,-1,7465,7441,7440,-1,7465,7440,7466,-1,7466,7440,7439,-1,7466,7439,7467,-1,7467,7439,7444,-1,7467,7444,7468,-1,7468,7444,7443,-1,7468,7443,7469,-1,7469,7443,7442,-1,7469,7442,7470,-1,7470,7442,7447,-1,7470,7447,7471,-1,7471,7447,7446,-1,7471,7446,7472,-1,7472,7446,7445,-1,7472,7445,7473,-1,7473,7445,7450,-1,7473,7450,7474,-1,7474,7450,7449,-1,7474,7449,7475,-1,7475,7449,7448,-1,7475,7448,7476,-1,7476,7448,7453,-1,7476,7453,7477,-1,7477,7453,7452,-1,7477,7452,7478,-1,7478,7452,7451,-1,7478,7451,7479,-1,7479,7451,7456,-1,7479,7456,7480,-1,7480,7456,7455,-1,7480,7455,7481,-1,7481,7455,7454,-1,7481,7454,7482,-1,7482,7454,7459,-1,7482,7459,7483,-1,7483,7459,7458,-1,7483,7458,7484,-1,7484,7458,7457,-1,7484,7457,7485,-1,7485,7457,7462,-1,7485,7462,7486,-1,7486,7462,7461,-1,7486,7461,7487,-1,7487,7461,7460,-1,7487,7460,7488,-1,7488,7460,7464,-1,7488,7464,7489,-1,7489,7464,7463,-1,7489,7463,7490,-1,7490,7463,7437,-1,7490,7437,7491,-1,7491,7437,7436,-1,7491,7436,7465,-1,7492,7493,7494,-1,7494,7493,7495,-1,7494,7495,7496,-1,7497,7498,7494,-1,7494,7498,7499,-1,7494,7499,7492,-1,7500,7501,7494,-1,7494,7501,7502,-1,7494,7502,7497,-1,7503,7504,7494,-1,7494,7504,7505,-1,7494,7505,7500,-1,7506,7507,7494,-1,7494,7507,7508,-1,7494,7508,7503,-1,7509,7510,7494,-1,7494,7510,7511,-1,7494,7511,7506,-1,7512,7513,7494,-1,7494,7513,7514,-1,7494,7514,7509,-1,7515,7516,7494,-1,7494,7516,7517,-1,7494,7517,7512,-1,7496,7518,7494,-1,7494,7518,7519,-1,7494,7519,7515,-1,7478,7493,7477,-1,7477,7493,7492,-1,7477,7492,7476,-1,7476,7492,7499,-1,7476,7499,7475,-1,7475,7499,7498,-1,7475,7498,7474,-1,7474,7498,7497,-1,7474,7497,7473,-1,7473,7497,7502,-1,7473,7502,7472,-1,7472,7502,7501,-1,7472,7501,7471,-1,7471,7501,7500,-1,7471,7500,7470,-1,7470,7500,7505,-1,7470,7505,7469,-1,7469,7505,7504,-1,7469,7504,7468,-1,7468,7504,7503,-1,7468,7503,7467,-1,7467,7503,7508,-1,7467,7508,7466,-1,7466,7508,7507,-1,7466,7507,7465,-1,7465,7507,7506,-1,7465,7506,7491,-1,7491,7506,7511,-1,7491,7511,7490,-1,7490,7511,7510,-1,7490,7510,7489,-1,7489,7510,7509,-1,7489,7509,7488,-1,7488,7509,7514,-1,7488,7514,7487,-1,7487,7514,7513,-1,7487,7513,7486,-1,7486,7513,7512,-1,7486,7512,7485,-1,7485,7512,7517,-1,7485,7517,7484,-1,7484,7517,7516,-1,7484,7516,7483,-1,7483,7516,7515,-1,7483,7515,7482,-1,7482,7515,7519,-1,7482,7519,7481,-1,7481,7519,7518,-1,7481,7518,7480,-1,7480,7518,7496,-1,7480,7496,7479,-1,7479,7496,7495,-1,7479,7495,7478,-1,7478,7495,7493,-1,
        ]
    }
}
Shape{
    appearance Appearance {
        material  Material 	{
            diffuseColor 0.25098039215686274 0.25098039215686274 0.25098039215686274
            specularColor 0.12549019607843137 0.12549019607843137 0.12549019607843137
            ambientIntensity 0.2
            transparency 0
            shininess 0.5
        }
    }
    geometry IndexedFaceSet {
        ccw TRUE
        solid FALSE
        coord DEF co Coordinate {
            point [
                -4.2323 0.0551 0.0, -4.315 -0.1841 0.0, -4.315 0.4055 0.0, -3.4291 0.0551 0.0, -3.5118 -0.1841 0.0, -3.5118 0.4055 0.0, 3.5945 0.0551 0.0, 3.5118 -0.1841 0.0, 3.5118 0.4055 0.0, 4.3976 0.0551 0.0, 4.315 -0.1841 0.0, 4.315 0.4055 0.0, -4.315 -2.9724 0.0, -4.8957 -2.9724 0.0, -4.8957 -0.3494 0.0, -3.5118 -2.9724 0.0, -4.315 -0.3494 0.0, -3.1102 -2.9724 0.0, -3.5118 -0.3494 0.0, -2.7087 -2.9724 0.0, -3.1102 -0.3494 0.0, -2.3071 -2.9724 0.0, -2.7087 -0.3494 0.0, -1.9055 -2.9724 0.0, -2.3071 -0.3494 0.0, 1.9055 -2.9724 0.0, 1.1575 -2.9724 0.0, 1.1575 -0.3494 0.0, 2.3071 -2.9724 0.0, 1.9055 -0.3494 0.0, 3.1102 -2.9724 0.0, 2.3071 -0.3494 0.0, 3.5118 -2.9724 0.0, 3.1102 -0.3494 0.0, 3.9134 -2.9724 0.0, 3.5118 -0.3494 0.0, 4.315 -2.9724 0.0, 3.9134 -0.3494 0.0, 4.8957 -2.9724 0.0, 4.315 -0.3494 0.0, -5.8657 -0.4565 0.0, -5.8957 -0.4771 0.0, -5.8957 -0.3494 0.0, -0.7283 1.2697 0.0, -0.7283 1.0719 0.0, -1.9055 1.0719 0.0, 5.4921 1.2697 0.0, 5.4921 1.0719 0.0, 4.8957 1.0719 0.0, 6.1417 1.7913 0.0, 5.7283 1.2697 0.0, 6.2205 1.7913 0.0, 5.7283 1.0719 0.0, -6.1417 2.9724 0.0, -5.8957 2.9724 0.0, -6.1417 1.7913 0.0, -5.8957 1.0719 0.0, -6.2205 1.7913 0.0, -0.7283 -0.3494 0.0, -0.7283 -0.6988 0.0, 0.0 -2.9724 0.0, -0.4921 -0.6988 0.0, 0.0 -0.3494 0.0, -1.9055 -0.3494 0.0, -1.9055 -0.1841 0.0, -0.7283 -0.1841 0.0, -1.6212 -0.0284 0.0, -1.6024 -0.0039 0.0, -1.807 -0.0039 0.0, -1.7882 -0.0284 0.0, -1.7638 -0.0472 0.0, -1.7353 -0.059 0.0, -1.7047 0.1732 0.0, -1.7353 0.1692 0.0, -1.9055 0.4055 0.0, -1.5906 0.0245 0.0, -1.5866 0.0551 0.0, -0.7283 0.4055 0.0, -1.5906 0.0857 0.0, -1.6024 0.1142 0.0, -1.6212 0.1386 0.0, -1.6457 0.1574 0.0, -1.6742 0.1692 0.0, -1.7638 0.1574 0.0, -1.7882 0.1386 0.0, -1.807 0.1142 0.0, -1.8188 0.0857 0.0, -1.8228 0.0551 0.0, -1.8188 0.0245 0.0, -1.7047 -0.063 0.0, -1.6742 -0.059 0.0, -1.6457 -0.0472 0.0, -1.9055 2.9724 0.0, 0.0 2.9724 0.0, -0.4921 1.2697 0.0, -0.4921 -0.3494 0.0, -0.4921 -0.1841 0.0, 0.0 -0.1841 0.0, -0.4921 0.4055 0.0, 0.0 0.4055 0.0, -0.4921 1.0719 0.0, 0.0 1.0719 0.0, -5.7283 -0.1841 0.0, -5.7283 -0.3051 0.0, -5.4921 -0.3051 0.0, -4.8957 -0.1841 0.0, -5.8957 -0.1841 0.0, -5.8957 0.4055 0.0, -5.7283 0.4055 0.0, -5.7283 1.0719 0.0, -5.7283 1.2697 0.0, -5.4921 1.2697 0.0, -4.8957 2.9724 0.0, -5.4921 1.0719 0.0, -5.2456 -0.5316 0.0, -5.3548 -0.4565 0.0, -5.3548 -1.4333 0.0, -5.2456 -1.3582 0.0, -5.1575 -1.2592 0.0, -5.1575 -0.6305 0.0, -5.4787 -0.4096 0.0, -5.6102 -0.3937 0.0, -5.7418 -0.4096 0.0, -5.8657 -1.4333 0.0, -5.7418 -1.4801 0.0, -5.8957 -2.9724 0.0, -5.6102 -1.4961 0.0, -5.4787 -1.4801 0.0, -5.9749 -0.5316 0.0, -6.063 -0.6305 0.0, -6.2205 -0.3494 0.0, -6.063 -1.2592 0.0, -6.2205 -2.9724 0.0, -5.9749 -1.3582 0.0, -5.8957 -1.4127 0.0, 6.2205 1.0719 0.0, 6.2205 0.4055 0.0, 5.7283 0.4055 0.0, 6.2205 -0.1841 0.0, 5.7283 -0.1841 0.0, 5.7283 -0.3051 0.0, 6.2205 -0.3494 0.0, 5.4921 -0.3051 0.0, 4.8957 -0.3494 0.0, 5.4921 -0.1841 0.0, 4.8957 -0.1841 0.0, 4.8957 0.4055 0.0, 5.4921 0.4055 0.0, 1.1575 2.9724 0.0, 0.7283 1.2697 0.0, 0.4921 1.2697 0.0, 0.7283 1.0719 0.0, 1.1575 1.0719 0.0, 1.1575 0.4055 0.0, 0.7283 0.4055 0.0, 1.1575 -0.1841 0.0, 0.7283 -0.1841 0.0, 0.7283 -0.3494 0.0, 0.7283 -0.6988 0.0, 0.4921 -0.6988 0.0, 0.4921 1.0719 0.0, 0.4921 0.4055 0.0, 0.4921 -0.1841 0.0, 0.4921 -0.3494 0.0, 5.9749 -0.5316 0.0, 5.8657 -0.4565 0.0, 5.7418 -1.4801 0.0, 5.8657 -1.4333 0.0, 6.2205 -2.9724 0.0, 5.3548 -0.4565 0.0, 5.2456 -0.5316 0.0, 5.9749 -1.3582 0.0, 6.063 -1.2592 0.0, 6.063 -0.6305 0.0, 5.1575 -0.6305 0.0, 5.1575 -1.2592 0.0, 5.2456 -1.3582 0.0, 5.7418 -0.4096 0.0, 5.6102 -0.3937 0.0, 5.4787 -0.4096 0.0, 5.3548 -1.4333 0.0, 5.4787 -1.4801 0.0, 5.6102 -1.4961 0.0, 3.9134 -0.1841 0.0, -3.1102 -0.1841 0.0, 4.4017 0.0245 0.0, 4.4135 -0.0039 0.0, 4.4322 -0.0284 0.0, 4.4567 -0.0472 0.0, 4.4852 -0.059 0.0, 4.5157 -0.063 0.0, 4.4852 0.1692 0.0, 4.4567 0.1574 0.0, 4.4322 0.1386 0.0, 4.5463 -0.059 0.0, 4.5748 -0.0472 0.0, 4.5993 -0.0284 0.0, 4.618 -0.0039 0.0, 4.618 0.1142 0.0, 4.5993 0.1386 0.0, 4.4135 0.1142 0.0, 4.4017 0.0857 0.0, 4.6298 0.0245 0.0, 4.6339 0.0551 0.0, 4.6298 0.0857 0.0, 4.5748 0.1574 0.0, 4.5463 0.1692 0.0, 4.5157 0.1732 0.0, 3.5985 0.0245 0.0, 3.6103 -0.0039 0.0, 3.6291 -0.0284 0.0, 3.682 0.1692 0.0, 3.6535 0.1574 0.0, 3.6291 0.1386 0.0, 3.6535 -0.0472 0.0, 3.682 -0.059 0.0, 3.7126 -0.063 0.0, 3.7432 -0.059 0.0, 3.7717 -0.0472 0.0, 3.7961 -0.0284 0.0, 3.8149 -0.0039 0.0, 3.8149 0.1142 0.0, 3.7961 0.1386 0.0, 3.9134 0.4055 0.0, 3.6103 0.1142 0.0, 3.5985 0.0857 0.0, 3.8267 0.0245 0.0, 3.8307 0.0551 0.0, 3.8267 0.0857 0.0, 3.7717 0.1574 0.0, 3.7432 0.1692 0.0, 3.7126 0.1732 0.0, 2.3071 -0.1841 0.0, 2.7954 0.0245 0.0, 2.8072 -0.0039 0.0, 2.8504 0.1574 0.0, 2.8259 0.1386 0.0, 2.3071 0.4055 0.0, 2.8259 -0.0284 0.0, 2.8504 -0.0472 0.0, 2.8789 -0.059 0.0, 2.9094 -0.063 0.0, 2.94 -0.059 0.0, 3.1102 -0.1841 0.0, 3.0117 0.1142 0.0, 2.993 0.1386 0.0, 3.1102 0.4055 0.0, 2.9685 0.1574 0.0, 2.9685 -0.0472 0.0, 2.993 -0.0284 0.0, 3.0117 -0.0039 0.0, 3.0235 0.0245 0.0, 3.0276 0.0551 0.0, 3.0235 0.0857 0.0, 2.8072 0.1142 0.0, 2.7954 0.0857 0.0, 2.7913 0.0551 0.0, 2.94 0.1692 0.0, 2.9094 0.1732 0.0, 2.8789 0.1692 0.0, 2.2086 0.1142 0.0, 2.1898 0.1386 0.0, 2.004 -0.0039 0.0, 2.0228 -0.0284 0.0, 1.9055 -0.1841 0.0, 2.0472 -0.0472 0.0, 2.0757 -0.059 0.0, 2.1063 -0.063 0.0, 2.1369 -0.059 0.0, 2.1654 -0.0472 0.0, 2.1898 -0.0284 0.0, 2.2086 -0.0039 0.0, 2.2204 0.0245 0.0, 2.2244 0.0551 0.0, 2.2204 0.0857 0.0, 2.0757 0.1692 0.0, 2.0472 0.1574 0.0, 1.9055 0.4055 0.0, 2.0228 0.1386 0.0, 2.004 0.1142 0.0, 1.9922 0.0857 0.0, 1.9882 0.0551 0.0, 1.9922 0.0245 0.0, 2.1654 0.1574 0.0, 2.1369 0.1692 0.0, 2.1063 0.1732 0.0, -2.4056 0.1142 0.0, -2.4244 0.1386 0.0, -2.3071 0.4055 0.0, -2.6102 -0.0039 0.0, -2.5914 -0.0284 0.0, -2.7087 -0.1841 0.0, -2.5669 -0.0472 0.0, -2.5384 -0.059 0.0, -2.5079 -0.063 0.0, -2.4773 -0.059 0.0, -2.3071 -0.1841 0.0, -2.4488 -0.0472 0.0, -2.4244 -0.0284 0.0, -2.4056 -0.0039 0.0, -2.3938 0.0245 0.0, -2.3898 0.0551 0.0, -2.3938 0.0857 0.0, -2.5384 0.1692 0.0, -2.5669 0.1574 0.0, -2.7087 0.4055 0.0, -2.5914 0.1386 0.0, -2.6102 0.1142 0.0, -2.622 0.0857 0.0, -2.626 0.0551 0.0, -2.622 0.0245 0.0, -2.4488 0.1574 0.0, -2.4773 0.1692 0.0, -2.5079 0.1732 0.0, -3.4251 0.0245 0.0, -3.4133 -0.0039 0.0, -3.3945 -0.0284 0.0, -3.3416 0.1692 0.0, -3.3701 0.1574 0.0, -3.3945 0.1386 0.0, -3.3701 -0.0472 0.0, -3.3416 -0.059 0.0, -3.311 -0.063 0.0, -3.2805 -0.059 0.0, -3.252 -0.0472 0.0, -3.2275 -0.0284 0.0, -3.2087 -0.0039 0.0, -3.2087 0.1142 0.0, -3.2275 0.1386 0.0, -3.1102 0.4055 0.0, -3.4133 0.1142 0.0, -3.4251 0.0857 0.0, -3.1969 0.0245 0.0, -3.1929 0.0551 0.0, -3.1969 0.0857 0.0, -3.252 0.1574 0.0, -3.2805 0.1692 0.0, -3.311 0.1732 0.0, -4.2283 0.0245 0.0, -4.2165 -0.0039 0.0, -4.1977 -0.0284 0.0, -4.1732 -0.0472 0.0, -4.1447 -0.059 0.0, -4.1142 -0.063 0.0, -4.1447 0.1692 0.0, -4.1732 0.1574 0.0, -4.1977 0.1386 0.0, -4.0836 -0.059 0.0, -4.0551 -0.0472 0.0, -4.0307 -0.0284 0.0, -4.0119 -0.0039 0.0, -4.0119 0.1142 0.0, -4.0307 0.1386 0.0, -4.2165 0.1142 0.0, -4.2283 0.0857 0.0, -4.0001 0.0245 0.0, -3.9961 0.0551 0.0, -4.0001 0.0857 0.0, -4.0551 0.1574 0.0, -4.0836 0.1692 0.0, -4.1142 0.1732 0.0, 4.2323 0.7559 0.0, 4.2283 0.7865 0.0, 4.315 1.0719 0.0, 3.9961 0.7559 0.0, 4.0001 0.7253 0.0, 4.0119 0.6969 0.0, 4.2165 0.815 0.0, 4.1977 0.8394 0.0, 4.1732 0.8582 0.0, 4.0307 0.6724 0.0, 4.0551 0.6536 0.0, 4.0836 0.6418 0.0, 4.0551 0.8582 0.0, 4.0307 0.8394 0.0, 3.9134 1.0719 0.0, 4.0119 0.815 0.0, 4.0001 0.7865 0.0, 4.1142 0.6378 0.0, 4.1447 0.6418 0.0, 4.1732 0.6536 0.0, 4.1977 0.6724 0.0, 4.2165 0.6969 0.0, 4.2283 0.7253 0.0, 4.1447 0.87 0.0, 4.1142 0.874 0.0, 4.0836 0.87 0.0, 3.4291 0.7559 0.0, 3.4251 0.7865 0.0, 3.5118 1.0719 0.0, 3.1102 1.0719 0.0, 3.1929 0.7559 0.0, 3.1969 0.7253 0.0, 3.2087 0.6969 0.0, 3.4133 0.815 0.0, 3.3945 0.8394 0.0, 3.3701 0.8582 0.0, 3.252 0.8582 0.0, 3.2275 0.8394 0.0, 3.2275 0.6724 0.0, 3.252 0.6536 0.0, 3.2805 0.6418 0.0, 3.2087 0.815 0.0, 3.1969 0.7865 0.0, 3.311 0.6378 0.0, 3.3416 0.6418 0.0, 3.3701 0.6536 0.0, 3.3945 0.6724 0.0, 3.4133 0.6969 0.0, 3.4251 0.7253 0.0, 3.3416 0.87 0.0, 3.311 0.874 0.0, 3.2805 0.87 0.0, 2.3898 0.7559 0.0, 2.3938 0.7253 0.0, 2.5669 0.6536 0.0, 2.5914 0.6724 0.0, 2.5914 0.8394 0.0, 2.6102 0.815 0.0, 2.622 0.7865 0.0, 2.4056 0.6969 0.0, 2.4244 0.6724 0.0, 2.4488 0.6536 0.0, 2.6102 0.6969 0.0, 2.622 0.7253 0.0, 2.626 0.7559 0.0, 2.3071 1.0719 0.0, 2.4773 0.87 0.0, 2.4488 0.8582 0.0, 2.5669 0.8582 0.0, 2.5384 0.87 0.0, 2.5079 0.874 0.0, 2.4244 0.8394 0.0, 2.4056 0.815 0.0, 2.3938 0.7865 0.0, 2.4773 0.6418 0.0, 2.5079 0.6378 0.0, 2.5384 0.6418 0.0, 1.807 0.6969 0.0, 1.8188 0.7253 0.0, 1.8228 0.7559 0.0, 1.8188 0.7865 0.0, 1.9055 1.0719 0.0, 1.6024 0.6969 0.0, 1.6212 0.6724 0.0, 1.6457 0.6536 0.0, 1.6742 0.6418 0.0, 1.7047 0.6378 0.0, 1.7353 0.6418 0.0, 1.807 0.815 0.0, 1.7882 0.8394 0.0, 1.7638 0.8582 0.0, 1.6457 0.8582 0.0, 1.6212 0.8394 0.0, 1.6024 0.815 0.0, 1.7638 0.6536 0.0, 1.7882 0.6724 0.0, 1.7353 0.87 0.0, 1.7047 0.874 0.0, 1.6742 0.87 0.0, 1.5906 0.7865 0.0, 1.5866 0.7559 0.0, 1.5906 0.7253 0.0, -2.004 0.6969 0.0, -1.9922 0.7253 0.0, -1.9882 0.7559 0.0, -1.9922 0.7865 0.0, -2.2244 0.7559 0.0, -2.2204 0.7253 0.0, -2.2086 0.6969 0.0, -2.1898 0.6724 0.0, -2.1654 0.6536 0.0, -2.1369 0.6418 0.0, -2.1063 0.6378 0.0, -2.0757 0.6418 0.0, -2.004 0.815 0.0, -2.0228 0.8394 0.0, -2.0472 0.8582 0.0, -2.0472 0.6536 0.0, -2.0228 0.6724 0.0, -2.0757 0.87 0.0, -2.1063 0.874 0.0, -2.3071 1.0719 0.0, -2.1369 0.87 0.0, -2.1654 0.8582 0.0, -2.1898 0.8394 0.0, -2.2086 0.815 0.0, -2.2204 0.7865 0.0, -2.8072 0.6969 0.0, -2.7954 0.7253 0.0, -2.7913 0.7559 0.0, -2.7954 0.7865 0.0, -2.7087 1.0719 0.0, -3.0276 0.7559 0.0, -3.0235 0.7253 0.0, -3.0117 0.6969 0.0, -2.993 0.6724 0.0, -2.9685 0.6536 0.0, -2.94 0.6418 0.0, -2.9094 0.6378 0.0, -2.8789 0.6418 0.0, -2.8072 0.815 0.0, -2.8259 0.8394 0.0, -2.8504 0.8582 0.0, -2.8504 0.6536 0.0, -2.8259 0.6724 0.0, -2.8789 0.87 0.0, -2.9094 0.874 0.0, -3.1102 1.0719 0.0, -2.94 0.87 0.0, -2.9685 0.8582 0.0, -2.993 0.8394 0.0, -3.0117 0.815 0.0, -3.0235 0.7865 0.0, -3.5945 0.7559 0.0, -3.5985 0.7865 0.0, -3.5118 1.0719 0.0, -3.8307 0.7559 0.0, -3.8267 0.7253 0.0, -3.8149 0.6969 0.0, -3.7961 0.6724 0.0, -3.6103 0.815 0.0, -3.6291 0.8394 0.0, -3.6535 0.8582 0.0, -4.315 1.0719 0.0, -3.7717 0.8582 0.0, -3.7961 0.8394 0.0, -3.8149 0.815 0.0, -3.8267 0.7865 0.0, -3.682 0.6418 0.0, -3.6535 0.6536 0.0, -3.6291 0.6724 0.0, -3.6103 0.6969 0.0, -3.5985 0.7253 0.0, -3.682 0.87 0.0, -3.7126 0.874 0.0, -3.7432 0.87 0.0, -3.7717 0.6536 0.0, -3.7432 0.6418 0.0, -3.7126 0.6378 0.0, -4.3976 0.7559 0.0, -4.4017 0.7865 0.0, -4.8957 1.0719 0.0, -4.6339 0.7559 0.0, -4.8957 0.4055 0.0, -4.6298 0.7253 0.0, -4.618 0.6969 0.0, -4.4135 0.815 0.0, -4.4322 0.8394 0.0, -4.4567 0.8582 0.0, -4.5748 0.8582 0.0, -4.5993 0.8394 0.0, -4.5993 0.6724 0.0, -4.5748 0.6536 0.0, -4.5463 0.6418 0.0, -4.618 0.815 0.0, -4.6298 0.7865 0.0, -4.5157 0.6378 0.0, -4.4852 0.6418 0.0, -4.4567 0.6536 0.0, -4.4322 0.6724 0.0, -4.4135 0.6969 0.0, -4.4017 0.7253 0.0, -4.4852 0.87 0.0, -4.5157 0.874 0.0, -4.5463 0.87 0.0, -6.2205 1.0719 0.0, -6.2205 0.4055 0.0, -6.2205 -0.1841 0.0, 1.9055 2.9724 0.0, 2.3071 2.9724 0.0, 3.1102 2.9724 0.0, 3.5118 2.9724 0.0, 3.9134 2.9724 0.0, 4.315 2.9724 0.0, 4.8957 2.9724 0.0, 6.1417 2.9724 0.0, -5.4921 -0.1841 0.0, -5.4921 0.4055 0.0, -4.315 2.9724 0.0, -3.5118 2.9724 0.0, -3.1102 2.9724 0.0, -2.7087 2.9724 0.0, -2.3071 2.9724 0.0, 6.2205 2.9724 4.9606, 6.2205 2.9724 2.3622, 6.1417 2.9724 2.3622, -6.2205 2.9724 4.9606, -6.1417 2.9724 2.3622, -6.2205 2.9724 2.3622, -6.2205 -2.9724 4.9606, -6.2205 1.7913 2.3622, -5.1575 -1.063 -0.315, -6.063 -1.063 -0.315, -5.1575 -1.059 -0.2844, -6.063 -1.059 -0.2844, -5.1575 -1.0472 -0.2559, -6.063 -1.0472 -0.2559, -5.1575 -1.0284 -0.2314, -6.063 -1.0284 -0.2314, -5.1575 -1.0039 -0.2127, -6.063 -1.0039 -0.2127, -5.1575 -0.9755 -0.2009, -6.063 -0.9755 -0.2009, -5.1575 -0.9449 -0.1969, -6.063 -0.9449 -0.1969, -5.1575 -0.9143 -0.2009, -6.063 -0.9143 -0.2009, -5.1575 -0.8858 -0.2127, -6.063 -0.8858 -0.2127, -5.1575 -0.8614 -0.2314, -6.063 -0.8614 -0.2314, -5.1575 -0.8426 -0.2559, -6.063 -0.8426 -0.2559, -5.1575 -0.8308 -0.2844, -6.063 -0.8308 -0.2844, -5.1575 -0.8268 -0.315, -6.063 -0.8268 -0.315, -5.8449 -0.6057 -1.378, -5.9194 -0.6718 -1.378, -6.063 -0.5411 -1.0383, -5.9758 -0.7539 -1.378, -6.0054 -0.8268 -1.378, -6.063 -0.8268 -1.2819, -6.063 -0.765 -1.2485, -6.063 -0.7083 -1.2076, -6.063 -0.6233 -1.1305, -5.1575 -0.8268 -1.2819, -5.215 -0.8268 -1.378, -5.1575 -0.765 -1.2485, -5.2447 -0.7539 -1.378, -5.1575 -0.7083 -1.2076, -5.2463 -0.4187 -0.9843, -5.1575 -0.4929 -0.9843, -5.1575 -0.5449 -1.046, -5.1575 -0.6226 -1.1297, -5.3011 -0.6718 -1.378, -5.3756 -0.6057 -1.378, -5.4637 -0.5593 -1.378, -5.383 -0.3468 -0.9843, -5.5604 -0.5354 -1.378, -5.533 -0.3098 -0.9843, -5.66 -0.5354 -1.378, -5.6875 -0.3098 -0.9843, -5.7567 -0.5593 -1.378, -5.8375 -0.3468 -0.9843, -5.9742 -0.4187 -0.9843, -6.063 -0.4929 -0.9843, -5.3756 -1.2841 -1.378, -5.3011 -1.2179 -1.378, -5.1575 -1.3487 -1.0383, -5.2447 -1.1359 -1.378, -5.215 -1.063 -1.378, -5.1575 -1.063 -1.2819, -5.1575 -1.1247 -1.2485, -5.1575 -1.1814 -1.2076, -5.1575 -1.2665 -1.1305, -6.063 -1.063 -1.2819, -6.0054 -1.063 -1.378, -6.063 -1.1247 -1.2485, -5.9758 -1.1359 -1.378, -6.063 -1.1814 -1.2076, -5.9742 -1.471 -0.9843, -6.063 -1.3969 -0.9843, -6.063 -1.3448 -1.046, -6.063 -1.2672 -1.1297, -5.9194 -1.2179 -1.378, -5.8449 -1.2841 -1.378, -5.7567 -1.3304 -1.378, -5.8375 -1.5429 -0.9843, -5.66 -1.3543 -1.378, -5.6875 -1.58 -0.9843, -5.5604 -1.3543 -1.378, -5.533 -1.58 -0.9843, -5.4637 -1.3304 -1.378, -5.383 -1.5429 -0.9843, -5.2463 -1.471 -0.9843, -5.1575 -1.3969 -0.9843, -5.1575 -0.6305 -0.9843, -5.1575 -1.2592 -0.9843, -6.063 -1.2592 -0.9843, -6.063 -0.6305 -0.9843, -5.2456 -1.3582 -0.9843, -5.3548 -1.4333 -0.9843, -5.4787 -1.4801 -0.9843, -5.6102 -1.4961 -0.9843, -5.7418 -1.4801 -0.9843, -5.8657 -1.4333 -0.9843, -5.9749 -1.3582 -0.9843, -5.9749 -0.5316 -0.9843, -5.8657 -0.4565 -0.9843, -5.7418 -0.4096 -0.9843, -5.6102 -0.3937 -0.9843, -5.4787 -0.4096 -0.9843, -5.3548 -0.4565 -0.9843, -5.2456 -0.5316 -0.9843, 5.1575 -0.8268 -0.315, 6.063 -0.8268 -0.315, 5.1575 -0.8308 -0.2844, 6.063 -0.8308 -0.2844, 5.1575 -0.8426 -0.2559, 6.063 -0.8426 -0.2559, 5.1575 -0.8614 -0.2314, 6.063 -0.8614 -0.2314, 5.1575 -0.8858 -0.2127, 6.063 -0.8858 -0.2127, 5.1575 -0.9143 -0.2009, 6.063 -0.9143 -0.2009, 5.1575 -0.9449 -0.1969, 6.063 -0.9449 -0.1969, 5.1575 -0.9755 -0.2009, 6.063 -0.9755 -0.2009, 5.1575 -1.0039 -0.2127, 6.063 -1.0039 -0.2127, 5.1575 -1.0284 -0.2314, 6.063 -1.0284 -0.2314, 5.1575 -1.0472 -0.2559, 6.063 -1.0472 -0.2559, 5.1575 -1.059 -0.2844, 6.063 -1.059 -0.2844, 5.1575 -1.063 -0.315, 6.063 -1.063 -0.315, 5.8449 -1.2841 -1.378, 5.9194 -1.2179 -1.378, 6.063 -1.3487 -1.0383, 5.9758 -1.1359 -1.378, 6.0054 -1.063 -1.378, 6.063 -1.063 -1.2819, 6.063 -1.1247 -1.2485, 6.063 -1.1814 -1.2076, 6.063 -1.2665 -1.1305, 5.1575 -1.063 -1.2819, 5.215 -1.063 -1.378, 5.1575 -1.1247 -1.2485, 5.2447 -1.1359 -1.378, 5.1575 -1.1814 -1.2076, 5.2463 -1.471 -0.9843, 5.1575 -1.3969 -0.9843, 5.1575 -1.3448 -1.046, 5.1575 -1.2672 -1.1297, 5.3011 -1.2179 -1.378, 5.3756 -1.2841 -1.378, 5.4637 -1.3304 -1.378, 5.383 -1.5429 -0.9843, 5.5604 -1.3543 -1.378, 5.533 -1.58 -0.9843, 5.66 -1.3543 -1.378, 5.6875 -1.58 -0.9843, 5.7567 -1.3304 -1.378, 5.8375 -1.5429 -0.9843, 5.9742 -1.471 -0.9843, 6.063 -1.3969 -0.9843, 6.063 -1.2592 -0.9843, 5.9749 -1.3582 -0.9843, 5.8657 -1.4333 -0.9843, 5.7418 -1.4801 -0.9843, 5.6102 -1.4961 -0.9843, 5.4787 -1.4801 -0.9843, 5.3548 -1.4333 -0.9843, 5.2456 -1.3582 -0.9843, 5.1575 -1.2592 -0.9843, 3.9961 0.9646 4.626, 3.9961 0.9646 4.7638, 2.2244 0.9646 4.626, 2.2244 0.9646 4.7638, 1.5866 0.9646 0.5118, 1.5866 0.9646 0.1969, 4.6339 0.9646 0.5118, 4.6339 0.9646 0.1969, 5.5512 -2.9724 0.4331, 4.6339 -2.9724 0.4331, 4.6339 -2.9724 0.1969, 1.6535 -2.9724 4.4488, 2.1457 -2.9724 4.4488, 2.1457 -2.9724 4.8425, -2.1457 -2.9724 4.8425, -1.6535 -2.9724 4.4488, -1.6535 -2.9724 3.7402, -0.6693 -2.9724 3.7402, 6.2205 -2.9724 4.9606, -5.5906 -2.9724 2.874, -5.5512 -2.9724 2.874, -5.5512 -2.9724 3.7402, -0.6299 -2.9724 1.2992, -0.6693 -2.9724 1.2992, -0.6693 -2.9724 0.4331, -1.5866 -2.9724 0.4331, -1.5866 -2.9724 0.1969, 0.6693 -2.9724 3.7402, 1.6535 -2.9724 3.7402, 4.0748 -2.9724 4.8425, 4.0748 -2.9724 4.4488, 4.5669 -2.9724 4.4488, 4.5669 -2.9724 3.7402, 5.5512 -2.9724 3.7402, -4.5669 -2.9724 3.7402, -4.5669 -2.9724 4.4488, -4.0748 -2.9724 4.8425, -4.0748 -2.9724 4.4488, -2.1457 -2.9724 4.4488, 5.5512 -2.9724 2.874, 5.5906 -2.9724 2.874, 5.5906 -2.9724 1.2992, 5.5512 -2.9724 1.2992, -5.4272 -2.9724 0.0, -4.6339 -2.9724 0.1969, -3.9134 -2.9724 0.0, 0.6299 -2.9724 2.874, 0.6693 -2.9724 2.874, -4.6339 -2.9724 0.4331, -5.5512 -2.9724 0.4331, -5.5512 -2.9724 1.2992, 1.5866 -2.9724 0.1969, -5.5906 -2.9724 1.2992, 0.6299 -2.9724 1.2992, -0.6299 -2.9724 2.874, -0.6693 -2.9724 2.874, 0.6693 -2.9724 1.2992, 0.6693 -2.9724 0.4331, 1.5866 -2.9724 0.4331, 2.7087 -2.9724 0.0, -1.7323 0.9646 3.8976, -4.4882 0.9646 3.8976, -1.7323 0.9646 3.6614, -4.4882 0.9646 3.6614, -0.748 0.9646 2.874, -0.748 0.9646 3.6614, -1.3386 0.9646 2.4803, -4.8819 0.9646 2.4803, -1.3386 0.9646 0.5118, -0.748 0.9646 0.5118, -0.748 0.9646 1.2992, -0.6299 0.9646 1.2992, -0.6299 0.9646 2.874, -5.5906 0.9646 2.874, -5.5906 0.9646 1.2992, -5.4724 0.9646 2.874, -5.4724 0.9646 1.2992, -5.4724 0.9646 0.5118, -4.8819 0.9646 0.5118, -5.4724 0.9646 3.6614, -2.2244 0.9646 4.7638, -3.9961 0.9646 4.7638, -2.2244 0.9646 4.626, -3.9961 0.9646 4.626, -4.4882 0.5709 3.8976, -4.4882 0.5709 4.3701, -4.4882 -2.8937 4.3701, -4.4882 -2.8937 3.6614, -3.9961 0.5709 4.626, -3.9961 -2.8937 4.7638, -3.9961 0.5709 4.3701, -3.9961 -2.8937 4.3701, -2.2244 0.5709 4.626, -2.2244 0.5709 4.3701, -2.2244 -2.8937 4.3701, -2.2244 -2.8937 4.7638, -1.7323 0.5709 3.8976, -1.7323 -2.8937 3.6614, -1.7323 0.5709 4.3701, -1.7323 -2.8937 4.3701, -4.6339 0.9646 0.1969, -1.5866 0.9646 0.1969, -4.6339 0.9646 0.5118, -1.5866 0.9646 0.5118, 6.2205 1.7913 2.3622, -5.4724 -2.8937 0.5118, -4.6339 -2.8937 0.5118, -0.748 -2.8937 0.5118, -1.5866 -2.8937 0.5118, -1.3386 1.3583 0.5118, -4.8819 1.3583 0.5118, -5.4724 -2.8937 1.2992, -5.4724 -2.8937 2.874, -5.4724 -2.8937 3.6614, -0.748 -2.8937 3.6614, -0.748 -2.8937 2.874, -0.748 -2.8937 1.2992, -1.3386 1.3583 2.4803, -4.8819 1.3583 2.4803, 0.748 0.9646 0.5118, 0.748 -2.8937 0.5118, 1.3386 0.9646 0.5118, 1.5866 -2.8937 0.5118, 5.4724 -2.8937 0.5118, 5.4724 0.9646 0.5118, 4.6339 -2.8937 0.5118, 4.8819 0.9646 0.5118, 4.8819 1.3583 0.5118, 1.3386 1.3583 0.5118, 0.748 -2.8937 1.2992, 0.748 0.9646 1.2992, 0.6299 0.9646 1.2992, 0.6299 0.9646 2.874, 0.748 0.9646 2.874, 0.748 -2.8937 2.874, 0.748 -2.8937 3.6614, 0.748 0.9646 3.6614, 1.7323 -2.8937 3.6614, 1.7323 0.9646 3.6614, 1.7323 0.9646 3.8976, 1.7323 0.5709 3.8976, 1.7323 0.5709 4.3701, 1.7323 -2.8937 4.3701, 2.2244 -2.8937 4.3701, 2.2244 0.5709 4.3701, 2.2244 0.5709 4.626, 2.2244 -2.8937 4.7638, 3.9961 -2.8937 4.7638, 3.9961 0.5709 4.626, 3.9961 0.5709 4.3701, 3.9961 -2.8937 4.3701, 4.4882 -2.8937 4.3701, 4.4882 0.5709 4.3701, 4.4882 0.9646 3.8976, 4.4882 0.9646 3.6614, 4.4882 0.5709 3.8976, 4.4882 -2.8937 3.6614, 5.4724 -2.8937 3.6614, 5.4724 0.9646 3.6614, 5.4724 -2.8937 2.874, 5.4724 0.9646 2.874, 5.5906 0.9646 2.874, 5.5906 0.9646 1.2992, 5.4724 0.9646 1.2992, 5.4724 -2.8937 1.2992, 1.3386 0.9646 2.4803, 4.8819 0.9646 2.4803, 1.3386 1.3583 2.4803, 4.8819 1.3583 2.4803, 4.8819 1.3583 2.4803
            ]
        }
        coordIndex [
            0,1,2,-1,3,4,5,-1,6,7,8,-1,9,10,11,-1,12,13,14,-1,15,12,16,-1,17,15,18,-1,19,17,20,-1,21,19,22,-1,23,21,24,-1,25,26,27,-1,28,25,29,-1,30,28,31,-1,32,30,33,-1,34,32,35,-1,36,34,37,-1,38,36,39,-1,40,41,42,-1,43,44,45,-1,46,47,48,-1,46,49,50,-1,50,49,51,-1,50,51,52,-1,53,54,55,-1,55,54,56,-1,55,56,57,-1,58,59,23,-1,23,59,60,-1,60,59,61,-1,60,61,62,-1,23,63,58,-1,58,63,64,-1,58,64,65,-1,65,66,67,-1,68,69,64,-1,64,69,70,-1,64,70,71,-1,72,73,74,-1,67,75,65,-1,65,75,76,-1,65,76,77,-1,77,76,78,-1,77,78,79,-1,79,80,77,-1,77,80,81,-1,77,81,74,-1,74,81,82,-1,74,82,72,-1,73,83,74,-1,74,83,84,-1,74,84,85,-1,85,86,74,-1,74,86,87,-1,74,87,64,-1,64,87,88,-1,64,88,68,-1,71,89,64,-1,64,89,90,-1,64,90,65,-1,65,90,91,-1,65,91,66,-1,92,93,94,-1,61,95,62,-1,62,95,96,-1,62,96,97,-1,97,96,98,-1,97,98,99,-1,99,98,100,-1,99,100,101,-1,102,103,42,-1,42,103,104,-1,42,104,14,-1,14,104,105,-1,42,106,102,-1,102,106,107,-1,102,107,108,-1,108,107,56,-1,108,56,109,-1,109,56,110,-1,110,56,54,-1,110,54,111,-1,111,54,112,-1,111,112,113,-1,114,115,14,-1,116,117,13,-1,13,117,118,-1,13,118,14,-1,14,118,119,-1,14,119,114,-1,115,120,14,-1,14,120,121,-1,14,121,42,-1,42,121,122,-1,42,122,40,-1,123,124,125,-1,125,124,126,-1,125,126,13,-1,13,126,127,-1,13,127,116,-1,128,129,130,-1,130,129,131,-1,130,131,132,-1,132,131,133,-1,132,133,125,-1,125,133,134,-1,125,134,123,-1,51,135,52,-1,52,135,136,-1,52,136,137,-1,137,136,138,-1,137,138,139,-1,139,138,140,-1,140,138,141,-1,140,141,142,-1,142,141,143,-1,142,143,144,-1,143,145,144,-1,144,145,146,-1,144,146,147,-1,93,148,149,-1,149,150,93,-1,93,150,101,-1,93,101,94,-1,94,101,100,-1,151,152,153,-1,151,153,154,-1,154,153,155,-1,154,155,156,-1,156,155,27,-1,156,27,157,-1,157,27,158,-1,158,27,26,-1,158,26,159,-1,150,160,101,-1,101,160,161,-1,101,161,99,-1,99,161,162,-1,99,162,97,-1,97,162,163,-1,97,163,62,-1,62,163,159,-1,62,159,60,-1,60,159,26,-1,164,165,141,-1,166,167,168,-1,143,169,170,-1,167,171,168,-1,168,171,172,-1,168,172,141,-1,141,172,173,-1,141,173,164,-1,170,174,143,-1,143,174,175,-1,143,175,38,-1,38,175,176,-1,165,177,141,-1,141,177,178,-1,141,178,143,-1,143,178,179,-1,143,179,169,-1,176,180,38,-1,38,180,181,-1,38,181,168,-1,168,181,182,-1,168,182,166,-1,34,35,37,-1,37,35,7,-1,37,7,183,-1,17,18,20,-1,20,18,4,-1,20,4,184,-1,9,185,10,-1,10,185,186,-1,10,186,187,-1,187,188,10,-1,10,188,189,-1,10,189,190,-1,191,192,11,-1,11,192,193,-1,194,195,145,-1,145,195,196,-1,145,196,197,-1,198,199,146,-1,193,200,11,-1,11,200,201,-1,11,201,9,-1,38,39,143,-1,143,39,10,-1,143,10,145,-1,145,10,190,-1,145,190,194,-1,197,202,145,-1,145,202,203,-1,145,203,146,-1,146,203,204,-1,146,204,198,-1,199,205,146,-1,146,205,206,-1,146,206,11,-1,11,206,207,-1,11,207,191,-1,6,208,7,-1,7,208,209,-1,7,209,210,-1,211,212,8,-1,8,212,213,-1,210,214,7,-1,7,214,215,-1,7,215,183,-1,183,215,216,-1,183,216,217,-1,217,218,183,-1,183,218,219,-1,183,219,220,-1,221,222,223,-1,213,224,8,-1,8,224,225,-1,8,225,6,-1,220,226,183,-1,183,226,227,-1,183,227,223,-1,223,227,228,-1,223,228,221,-1,222,229,223,-1,223,229,230,-1,223,230,8,-1,8,230,231,-1,8,231,211,-1,232,233,234,-1,235,236,237,-1,234,238,232,-1,232,238,239,-1,232,239,240,-1,241,242,243,-1,244,245,246,-1,246,245,247,-1,242,248,243,-1,243,248,249,-1,243,249,250,-1,250,251,243,-1,243,251,252,-1,243,252,246,-1,246,252,253,-1,246,253,244,-1,236,254,237,-1,237,254,255,-1,237,255,232,-1,232,255,256,-1,232,256,233,-1,30,31,33,-1,33,31,232,-1,33,232,243,-1,243,232,240,-1,243,240,241,-1,247,257,246,-1,246,257,258,-1,246,258,237,-1,237,258,259,-1,237,259,235,-1,260,261,237,-1,262,263,264,-1,264,263,265,-1,264,265,266,-1,267,268,232,-1,268,269,232,-1,232,269,270,-1,232,270,271,-1,271,272,232,-1,232,272,273,-1,232,273,237,-1,237,273,274,-1,237,274,260,-1,275,276,277,-1,277,276,278,-1,277,278,279,-1,279,280,277,-1,277,280,281,-1,277,281,264,-1,264,281,282,-1,264,282,262,-1,28,29,31,-1,31,29,264,-1,31,264,232,-1,232,264,266,-1,232,266,267,-1,261,283,237,-1,237,283,284,-1,237,284,277,-1,277,284,285,-1,277,285,275,-1,286,287,288,-1,289,290,291,-1,291,290,292,-1,291,292,293,-1,294,295,296,-1,295,297,296,-1,296,297,298,-1,296,298,299,-1,299,300,296,-1,296,300,301,-1,296,301,288,-1,288,301,302,-1,288,302,286,-1,303,304,305,-1,305,304,306,-1,305,306,307,-1,307,308,305,-1,305,308,309,-1,305,309,291,-1,291,309,310,-1,291,310,289,-1,21,22,24,-1,24,22,291,-1,24,291,296,-1,296,291,293,-1,296,293,294,-1,287,311,288,-1,288,311,312,-1,288,312,305,-1,305,312,313,-1,305,313,303,-1,3,314,4,-1,4,314,315,-1,4,315,316,-1,317,318,5,-1,5,318,319,-1,316,320,4,-1,4,320,321,-1,4,321,184,-1,184,321,322,-1,184,322,323,-1,323,324,184,-1,184,324,325,-1,184,325,326,-1,327,328,329,-1,319,330,5,-1,5,330,331,-1,5,331,3,-1,326,332,184,-1,184,332,333,-1,184,333,329,-1,329,333,334,-1,329,334,327,-1,328,335,329,-1,329,335,336,-1,329,336,5,-1,5,336,337,-1,5,337,317,-1,0,338,1,-1,1,338,339,-1,1,339,340,-1,340,341,1,-1,1,341,342,-1,1,342,343,-1,344,345,2,-1,2,345,346,-1,347,348,4,-1,4,348,349,-1,4,349,350,-1,351,352,5,-1,346,353,2,-1,2,353,354,-1,2,354,0,-1,15,16,18,-1,18,16,1,-1,18,1,4,-1,4,1,343,-1,4,343,347,-1,350,355,4,-1,4,355,356,-1,4,356,5,-1,5,356,357,-1,5,357,351,-1,352,358,5,-1,5,358,359,-1,5,359,2,-1,2,359,360,-1,2,360,344,-1,361,362,363,-1,47,147,48,-1,48,147,146,-1,48,146,363,-1,363,146,11,-1,363,11,361,-1,364,365,223,-1,223,365,366,-1,362,367,363,-1,363,367,368,-1,363,368,369,-1,366,370,223,-1,223,370,371,-1,223,371,372,-1,373,374,375,-1,375,374,376,-1,375,376,377,-1,378,379,11,-1,11,379,380,-1,11,380,381,-1,381,382,11,-1,11,382,383,-1,11,383,361,-1,369,384,363,-1,363,384,385,-1,363,385,375,-1,375,385,386,-1,375,386,373,-1,36,37,39,-1,39,37,183,-1,39,183,10,-1,10,183,223,-1,10,223,11,-1,11,223,372,-1,11,372,378,-1,387,388,389,-1,377,364,375,-1,375,364,223,-1,375,223,389,-1,389,223,8,-1,389,8,387,-1,390,391,246,-1,246,391,392,-1,246,392,393,-1,388,394,389,-1,389,394,395,-1,389,395,396,-1,390,397,398,-1,393,399,246,-1,246,399,400,-1,246,400,401,-1,398,402,390,-1,390,402,403,-1,390,403,391,-1,404,405,8,-1,8,405,406,-1,8,406,407,-1,407,408,8,-1,8,408,409,-1,8,409,387,-1,396,410,389,-1,389,410,411,-1,389,411,390,-1,390,411,412,-1,390,412,397,-1,32,33,35,-1,35,33,243,-1,35,243,7,-1,7,243,246,-1,7,246,8,-1,8,246,401,-1,8,401,404,-1,413,414,237,-1,415,416,246,-1,417,390,418,-1,418,390,419,-1,414,420,237,-1,237,420,421,-1,237,421,422,-1,416,423,246,-1,246,423,424,-1,246,424,390,-1,390,424,425,-1,390,425,419,-1,426,427,428,-1,417,429,390,-1,390,429,430,-1,390,430,426,-1,426,430,431,-1,426,431,427,-1,428,432,426,-1,426,432,433,-1,426,433,434,-1,422,435,237,-1,237,435,436,-1,237,436,246,-1,246,436,437,-1,246,437,415,-1,438,439,277,-1,440,441,442,-1,443,444,153,-1,153,444,445,-1,153,445,446,-1,447,448,277,-1,434,413,426,-1,426,413,237,-1,426,237,442,-1,442,237,277,-1,442,277,440,-1,440,277,439,-1,441,449,442,-1,442,449,450,-1,442,450,451,-1,452,453,152,-1,152,453,454,-1,448,455,277,-1,277,455,456,-1,277,456,438,-1,451,457,442,-1,442,457,458,-1,442,458,152,-1,152,458,459,-1,152,459,452,-1,454,460,152,-1,152,460,461,-1,152,461,153,-1,153,461,462,-1,153,462,443,-1,25,27,29,-1,29,27,155,-1,29,155,264,-1,264,155,153,-1,264,153,277,-1,277,153,446,-1,277,446,447,-1,463,464,74,-1,465,466,45,-1,467,468,288,-1,288,468,469,-1,469,470,288,-1,288,470,471,-1,288,471,472,-1,473,474,74,-1,44,77,45,-1,45,77,74,-1,45,74,465,-1,465,74,464,-1,466,475,45,-1,45,475,476,-1,45,476,477,-1,474,478,74,-1,74,478,479,-1,74,479,463,-1,477,480,45,-1,45,480,481,-1,45,481,482,-1,482,481,483,-1,482,483,484,-1,484,485,482,-1,482,485,486,-1,482,486,487,-1,23,24,63,-1,63,24,296,-1,63,296,64,-1,64,296,288,-1,64,288,74,-1,74,288,472,-1,74,472,473,-1,488,489,305,-1,490,491,492,-1,493,494,329,-1,329,494,495,-1,495,496,329,-1,329,496,497,-1,329,497,498,-1,499,500,305,-1,487,467,482,-1,482,467,288,-1,482,288,492,-1,492,288,305,-1,492,305,490,-1,490,305,489,-1,491,501,492,-1,492,501,502,-1,492,502,503,-1,500,504,305,-1,305,504,505,-1,305,505,488,-1,503,506,492,-1,492,506,507,-1,492,507,508,-1,508,507,509,-1,508,509,510,-1,510,511,508,-1,508,511,512,-1,508,512,513,-1,19,20,22,-1,22,20,184,-1,22,184,291,-1,291,184,329,-1,291,329,305,-1,305,329,498,-1,305,498,499,-1,514,515,516,-1,513,493,508,-1,508,493,329,-1,508,329,516,-1,516,329,5,-1,516,5,514,-1,517,518,2,-1,2,518,519,-1,2,519,520,-1,515,521,516,-1,516,521,522,-1,516,522,523,-1,524,525,526,-1,526,527,524,-1,524,527,528,-1,524,528,517,-1,529,530,5,-1,5,530,531,-1,531,532,5,-1,5,532,533,-1,5,533,514,-1,523,534,516,-1,516,534,535,-1,516,535,524,-1,524,535,536,-1,524,536,525,-1,520,537,2,-1,2,537,538,-1,2,538,5,-1,5,538,539,-1,5,539,529,-1,517,2,524,-1,524,2,540,-1,524,540,541,-1,542,543,544,-1,544,543,545,-1,544,545,546,-1,541,547,524,-1,524,547,548,-1,524,548,549,-1,542,550,551,-1,546,552,544,-1,544,552,553,-1,544,553,554,-1,551,555,542,-1,542,555,556,-1,542,556,543,-1,557,558,2,-1,2,558,559,-1,2,559,560,-1,560,561,2,-1,2,561,562,-1,2,562,540,-1,549,563,524,-1,524,563,564,-1,524,564,542,-1,542,564,565,-1,542,565,550,-1,12,14,16,-1,16,14,105,-1,16,105,1,-1,1,105,544,-1,1,544,2,-1,2,544,554,-1,2,554,557,-1,57,56,566,-1,566,56,107,-1,566,107,567,-1,567,107,106,-1,567,106,568,-1,568,106,42,-1,568,42,130,-1,130,42,41,-1,130,41,128,-1,151,149,152,-1,152,149,148,-1,152,148,442,-1,442,148,569,-1,442,569,426,-1,426,569,570,-1,426,570,390,-1,390,570,571,-1,390,571,389,-1,389,571,572,-1,389,572,375,-1,375,572,573,-1,375,573,363,-1,363,573,574,-1,363,574,48,-1,48,574,575,-1,48,575,46,-1,46,575,576,-1,46,576,49,-1,104,577,105,-1,105,577,578,-1,105,578,544,-1,544,578,113,-1,544,113,542,-1,542,113,112,-1,542,112,524,-1,524,112,579,-1,524,579,516,-1,516,579,580,-1,516,580,508,-1,508,580,581,-1,508,581,492,-1,492,581,582,-1,492,582,482,-1,482,582,583,-1,482,583,45,-1,45,583,92,-1,45,92,43,-1,43,92,94,-1,584,585,586,-1,584,586,587,-1,587,586,588,-1,587,588,589,-1,576,575,586,-1,586,575,574,-1,586,574,573,-1,573,572,586,-1,586,572,571,-1,586,571,570,-1,570,569,586,-1,586,569,148,-1,586,148,588,-1,588,148,93,-1,93,92,588,-1,588,92,583,-1,588,583,582,-1,582,581,588,-1,588,581,580,-1,588,580,579,-1,579,112,588,-1,588,112,54,-1,588,54,53,-1,130,132,590,-1,587,589,590,-1,590,589,591,-1,57,566,591,-1,591,566,567,-1,591,567,590,-1,590,567,568,-1,590,568,130,-1,592,593,594,-1,594,593,595,-1,594,595,596,-1,596,595,597,-1,596,597,598,-1,598,597,599,-1,598,599,600,-1,600,599,601,-1,600,601,602,-1,602,601,603,-1,602,603,604,-1,604,603,605,-1,604,605,606,-1,606,605,607,-1,606,607,608,-1,608,607,609,-1,608,609,610,-1,610,609,611,-1,610,611,612,-1,612,611,613,-1,612,613,614,-1,614,613,615,-1,614,615,616,-1,616,615,617,-1,618,619,620,-1,621,622,623,-1,623,624,621,-1,621,624,625,-1,621,625,619,-1,619,625,626,-1,619,626,620,-1,627,628,629,-1,629,628,630,-1,629,630,631,-1,632,633,634,-1,631,630,635,-1,635,630,636,-1,635,636,634,-1,634,636,637,-1,634,637,632,-1,632,637,638,-1,632,638,639,-1,639,638,640,-1,639,640,641,-1,641,640,642,-1,641,642,643,-1,643,642,644,-1,643,644,645,-1,645,644,618,-1,645,618,646,-1,646,618,620,-1,646,620,647,-1,648,649,650,-1,651,652,653,-1,653,654,651,-1,651,654,655,-1,651,655,649,-1,649,655,656,-1,649,656,650,-1,657,658,659,-1,659,658,660,-1,659,660,661,-1,662,663,664,-1,661,660,665,-1,665,660,666,-1,665,666,664,-1,664,666,667,-1,664,667,662,-1,662,667,668,-1,662,668,669,-1,669,668,670,-1,669,670,671,-1,671,670,672,-1,671,672,673,-1,673,672,674,-1,673,674,675,-1,675,674,648,-1,675,648,676,-1,676,648,650,-1,676,650,677,-1,628,622,630,-1,630,622,621,-1,630,621,619,-1,618,637,619,-1,619,637,636,-1,619,636,630,-1,618,644,637,-1,637,644,642,-1,637,642,638,-1,638,642,640,-1,658,652,651,-1,666,660,648,-1,658,651,660,-1,660,651,649,-1,660,649,648,-1,670,648,672,-1,672,648,674,-1,670,668,648,-1,648,668,667,-1,648,667,666,-1,616,627,678,-1,634,633,678,-1,634,678,635,-1,616,678,614,-1,614,678,119,-1,614,119,612,-1,677,650,679,-1,679,650,656,-1,679,656,655,-1,627,629,678,-1,678,629,631,-1,678,631,635,-1,598,118,596,-1,596,118,594,-1,655,654,679,-1,679,654,653,-1,679,653,118,-1,118,653,592,-1,118,592,594,-1,606,608,119,-1,119,608,610,-1,119,610,612,-1,598,600,118,-1,118,600,602,-1,118,602,119,-1,119,602,604,-1,119,604,606,-1,664,663,680,-1,664,680,665,-1,601,599,131,-1,647,620,681,-1,681,620,626,-1,681,626,625,-1,657,659,680,-1,680,659,661,-1,680,661,665,-1,599,597,131,-1,131,597,595,-1,131,595,680,-1,680,595,593,-1,680,593,657,-1,625,624,681,-1,681,624,623,-1,681,623,129,-1,129,623,617,-1,129,617,615,-1,615,613,129,-1,129,613,611,-1,129,611,609,-1,609,607,129,-1,129,607,605,-1,129,605,131,-1,131,605,603,-1,131,603,601,-1,679,118,117,-1,679,117,682,-1,682,117,116,-1,682,116,683,-1,683,116,127,-1,683,127,684,-1,684,127,126,-1,684,126,685,-1,685,126,124,-1,685,124,686,-1,686,124,123,-1,686,123,687,-1,687,123,134,-1,687,134,688,-1,134,133,688,-1,688,133,131,-1,688,131,680,-1,681,129,128,-1,681,128,689,-1,689,128,41,-1,689,41,690,-1,41,40,690,-1,690,40,122,-1,690,122,691,-1,691,122,121,-1,691,121,692,-1,692,121,120,-1,692,120,693,-1,693,120,115,-1,693,115,694,-1,694,115,114,-1,694,114,695,-1,695,114,119,-1,695,119,678,-1,676,677,682,-1,682,677,679,-1,676,682,675,-1,675,682,683,-1,675,683,673,-1,673,683,684,-1,673,684,671,-1,684,685,671,-1,671,685,686,-1,671,686,669,-1,669,686,687,-1,669,687,662,-1,662,687,688,-1,662,688,663,-1,663,688,680,-1,647,681,689,-1,643,645,690,-1,690,645,689,-1,689,645,646,-1,689,646,647,-1,678,633,695,-1,695,633,632,-1,695,632,694,-1,694,632,639,-1,694,639,693,-1,693,639,641,-1,693,641,692,-1,692,641,643,-1,692,643,691,-1,691,643,690,-1,696,697,698,-1,698,697,699,-1,698,699,700,-1,700,699,701,-1,700,701,702,-1,702,701,703,-1,702,703,704,-1,704,703,705,-1,704,705,706,-1,706,705,707,-1,706,707,708,-1,708,707,709,-1,708,709,710,-1,710,709,711,-1,710,711,712,-1,712,711,713,-1,712,713,714,-1,714,713,715,-1,714,715,716,-1,716,715,717,-1,716,717,718,-1,718,717,719,-1,718,719,720,-1,720,719,721,-1,722,723,724,-1,725,726,727,-1,727,728,725,-1,725,728,729,-1,725,729,723,-1,723,729,730,-1,723,730,724,-1,731,732,733,-1,733,732,734,-1,733,734,735,-1,736,737,738,-1,735,734,739,-1,739,734,740,-1,739,740,738,-1,738,740,741,-1,738,741,736,-1,736,741,742,-1,736,742,743,-1,743,742,744,-1,743,744,745,-1,745,744,746,-1,745,746,747,-1,747,746,748,-1,747,748,749,-1,749,748,722,-1,749,722,750,-1,750,722,724,-1,750,724,751,-1,732,726,725,-1,732,725,734,-1,734,725,723,-1,734,723,740,-1,740,723,722,-1,740,722,748,-1,748,746,740,-1,740,746,744,-1,740,744,741,-1,741,744,742,-1,752,172,171,-1,752,171,753,-1,753,171,167,-1,753,167,754,-1,754,167,166,-1,754,166,755,-1,755,166,182,-1,755,182,756,-1,756,182,181,-1,756,181,757,-1,757,181,180,-1,757,180,758,-1,758,180,176,-1,758,176,759,-1,759,176,175,-1,759,175,760,-1,750,751,753,-1,753,751,752,-1,750,753,749,-1,749,753,754,-1,749,754,747,-1,747,754,755,-1,747,755,745,-1,755,756,745,-1,745,756,757,-1,745,757,743,-1,743,757,758,-1,743,758,736,-1,736,758,759,-1,736,759,737,-1,737,759,760,-1,761,762,763,-1,763,762,764,-1,765,766,767,-1,767,766,768,-1,769,770,771,-1,772,773,774,-1,775,774,590,-1,776,777,778,-1,590,774,779,-1,780,781,782,-1,783,784,785,-1,785,786,787,-1,788,789,772,-1,790,791,792,-1,793,794,792,-1,792,794,779,-1,792,779,790,-1,790,779,774,-1,795,796,590,-1,775,590,797,-1,797,590,796,-1,797,796,798,-1,788,772,778,-1,778,772,774,-1,778,774,776,-1,776,774,775,-1,776,775,799,-1,794,800,779,-1,779,800,801,-1,779,801,168,-1,168,801,802,-1,168,802,803,-1,804,12,805,-1,805,12,806,-1,807,808,788,-1,805,809,804,-1,804,809,810,-1,804,810,132,-1,132,810,811,-1,60,25,812,-1,812,25,28,-1,811,813,132,-1,132,813,780,-1,132,780,590,-1,590,780,782,-1,590,782,795,-1,814,807,815,-1,815,807,788,-1,815,788,816,-1,816,788,778,-1,817,814,818,-1,818,814,60,-1,818,60,819,-1,819,60,812,-1,19,787,17,-1,17,787,805,-1,17,805,15,-1,15,805,806,-1,815,783,814,-1,814,783,785,-1,814,785,60,-1,60,785,787,-1,60,787,21,-1,21,787,19,-1,28,820,812,-1,812,820,30,-1,812,30,771,-1,771,30,32,-1,771,32,34,-1,803,769,168,-1,168,769,771,-1,168,771,36,-1,36,771,34,-1,821,822,823,-1,823,822,824,-1,825,826,827,-1,827,826,823,-1,827,823,828,-1,828,823,824,-1,829,830,827,-1,827,830,831,-1,827,831,825,-1,825,831,832,-1,825,832,833,-1,834,835,836,-1,836,835,837,-1,838,839,837,-1,837,839,828,-1,837,828,836,-1,836,828,824,-1,836,824,840,-1,841,842,843,-1,843,842,844,-1,824,822,845,-1,846,847,845,-1,845,847,848,-1,845,848,824,-1,844,842,849,-1,849,842,850,-1,849,850,851,-1,851,850,852,-1,841,843,853,-1,854,855,853,-1,853,855,856,-1,853,856,841,-1,821,823,857,-1,857,823,858,-1,857,858,859,-1,859,858,860,-1,861,862,863,-1,863,862,864,-1,135,51,865,-1,585,584,865,-1,865,584,779,-1,168,141,779,-1,779,141,138,-1,779,138,865,-1,865,138,136,-1,865,136,135,-1,587,590,584,-1,584,590,779,-1,838,866,839,-1,839,866,867,-1,839,867,863,-1,868,830,869,-1,869,830,829,-1,869,829,864,-1,864,829,870,-1,864,870,863,-1,863,870,871,-1,863,871,839,-1,866,838,872,-1,872,838,837,-1,872,837,811,-1,811,837,835,-1,811,835,813,-1,835,834,813,-1,813,834,780,-1,836,873,834,-1,834,873,781,-1,834,781,780,-1,873,836,874,-1,874,836,840,-1,874,840,848,-1,848,840,824,-1,847,846,852,-1,852,846,851,-1,850,842,856,-1,856,842,841,-1,855,854,860,-1,860,854,859,-1,858,823,875,-1,875,823,826,-1,875,826,876,-1,876,826,825,-1,876,825,816,-1,816,825,833,-1,816,833,815,-1,833,832,815,-1,815,832,783,-1,831,877,832,-1,832,877,784,-1,832,784,783,-1,877,831,868,-1,868,831,830,-1,869,864,786,-1,786,864,862,-1,786,862,787,-1,862,861,787,-1,787,861,805,-1,863,867,861,-1,861,867,809,-1,861,809,805,-1,878,870,827,-1,827,870,829,-1,871,879,839,-1,839,879,828,-1,879,878,828,-1,828,878,827,-1,879,871,878,-1,878,871,870,-1,857,845,821,-1,821,845,822,-1,849,853,844,-1,844,853,843,-1,845,857,854,-1,854,857,859,-1,846,845,851,-1,851,845,854,-1,851,854,849,-1,849,854,853,-1,868,785,877,-1,877,785,784,-1,785,868,786,-1,786,868,869,-1,874,782,873,-1,873,782,781,-1,848,795,874,-1,874,795,782,-1,847,796,848,-1,848,796,795,-1,852,798,847,-1,847,798,796,-1,850,797,852,-1,852,797,798,-1,856,775,850,-1,850,775,797,-1,855,799,856,-1,856,799,775,-1,860,776,855,-1,855,776,799,-1,858,777,860,-1,860,777,776,-1,875,778,858,-1,858,778,777,-1,778,875,816,-1,816,875,876,-1,866,810,867,-1,867,810,809,-1,810,866,811,-1,811,866,872,-1,880,881,882,-1,882,881,883,-1,882,883,765,-1,884,885,886,-1,886,885,887,-1,886,887,767,-1,767,887,888,-1,767,888,765,-1,765,888,889,-1,765,889,882,-1,886,767,770,-1,770,767,768,-1,770,768,771,-1,768,766,771,-1,771,766,812,-1,765,883,766,-1,766,883,819,-1,766,819,812,-1,881,880,890,-1,890,880,891,-1,890,891,817,-1,817,891,892,-1,817,892,814,-1,892,893,814,-1,814,893,807,-1,894,895,893,-1,893,895,808,-1,893,808,807,-1,895,894,896,-1,896,894,897,-1,896,897,898,-1,898,897,899,-1,899,900,901,-1,902,903,901,-1,901,903,898,-1,901,898,899,-1,903,902,904,-1,904,902,905,-1,763,764,906,-1,906,764,907,-1,906,907,905,-1,905,907,904,-1,907,764,908,-1,908,764,762,-1,762,761,909,-1,910,911,909,-1,909,911,908,-1,909,908,762,-1,911,910,912,-1,912,910,913,-1,914,915,916,-1,916,915,917,-1,916,917,913,-1,913,917,912,-1,917,915,918,-1,918,915,919,-1,918,919,920,-1,920,919,921,-1,920,921,800,-1,800,921,922,-1,800,922,801,-1,922,923,801,-1,801,923,802,-1,923,924,802,-1,802,924,925,-1,802,925,803,-1,925,924,884,-1,884,924,885,-1,899,897,894,-1,914,900,915,-1,915,900,899,-1,894,893,892,-1,880,882,891,-1,891,882,926,-1,927,921,919,-1,887,885,927,-1,927,885,924,-1,927,924,921,-1,921,924,923,-1,921,923,922,-1,892,891,894,-1,894,891,926,-1,894,926,899,-1,899,926,927,-1,899,927,915,-1,915,927,919,-1,889,928,882,-1,882,928,926,-1,928,929,926,-1,926,929,927,-1,929,888,927,-1,927,888,887,-1,888,929,889,-1,889,929,928,-1,906,909,763,-1,763,909,761,-1,916,901,914,-1,914,901,900,-1,905,902,901,-1,916,913,910,-1,909,906,910,-1,910,906,905,-1,910,905,916,-1,916,905,901,-1,769,884,770,-1,770,884,886,-1,884,769,925,-1,925,769,803,-1,818,881,817,-1,817,881,890,-1,881,818,883,-1,883,818,819,-1,896,788,895,-1,895,788,808,-1,898,789,896,-1,896,789,788,-1,903,772,898,-1,898,772,789,-1,904,773,903,-1,903,773,772,-1,907,774,904,-1,904,774,773,-1,908,790,907,-1,907,790,774,-1,911,791,908,-1,908,791,790,-1,912,792,911,-1,911,792,791,-1,917,793,912,-1,912,793,792,-1,918,794,917,-1,917,794,793,-1,920,800,918,-1,918,800,794,-1,
        ]
    }
}
Shape{
    appearance Appearance {
        material  Material 	{
            diffuseColor 0.0 1.0 0.0
            specularColor 0.0 0.8784313725490196 0.0
            ambientIntensity 0.2
            transparency 0
            shininess 0.5
        }
    }
    geometry IndexedFaceSet {
        ccw TRUE
        solid FALSE
        coord DEF co Coordinate {
            point [
                3.5945 0.0551 0.0787, 3.5945 0.0551 0.0, 3.5985 0.0857 0.0787, 3.5985 0.0857 0.0, 3.6103 0.1142 0.0787, 3.6103 0.1142 0.0, 3.6291 0.1386 0.0787, 3.6291 0.1386 0.0, 3.6535 0.1574 0.0787, 3.6535 0.1574 0.0, 3.682 0.1692 0.0787, 3.682 0.1692 0.0, 3.7126 0.1732 0.0787, 3.7126 0.1732 0.0, 3.7432 0.1692 0.0787, 3.7432 0.1692 0.0, 3.7717 0.1574 0.0787, 3.7717 0.1574 0.0, 3.7961 0.1386 0.0787, 3.7961 0.1386 0.0, 3.8149 0.1142 0.0787, 3.8149 0.1142 0.0, 3.8267 0.0857 0.0787, 3.8267 0.0857 0.0, 3.8307 0.0551 0.0787, 3.8307 0.0551 0.0, 3.8267 0.0245 0.0787, 3.8267 0.0245 0.0, 3.8149 -0.0039 0.0787, 3.8149 -0.0039 0.0, 3.7961 -0.0284 0.0787, 3.7961 -0.0284 0.0, 3.7717 -0.0472 0.0787, 3.7717 -0.0472 0.0, 3.7432 -0.059 0.0787, 3.7432 -0.059 0.0, 3.7126 -0.063 0.0787, 3.7126 -0.063 0.0, 3.682 -0.059 0.0787, 3.682 -0.059 0.0, 3.6535 -0.0472 0.0787, 3.6535 -0.0472 0.0, 3.6291 -0.0284 0.0787, 3.6291 -0.0284 0.0, 3.6103 -0.0039 0.0787, 3.6103 -0.0039 0.0, 3.5985 0.0245 0.0787, 3.5985 0.0245 0.0, 3.7126 0.0551 0.0787, 3.1929 0.7559 0.0787, 3.1929 0.7559 0.0, 3.1969 0.7865 0.0787, 3.1969 0.7865 0.0, 3.2087 0.815 0.0787, 3.2087 0.815 0.0, 3.2275 0.8394 0.0787, 3.2275 0.8394 0.0, 3.252 0.8582 0.0787, 3.252 0.8582 0.0, 3.2805 0.87 0.0787, 3.2805 0.87 0.0, 3.311 0.874 0.0787, 3.311 0.874 0.0, 3.3416 0.87 0.0787, 3.3416 0.87 0.0, 3.3701 0.8582 0.0787, 3.3701 0.8582 0.0, 3.3945 0.8394 0.0787, 3.3945 0.8394 0.0, 3.4133 0.815 0.0787, 3.4133 0.815 0.0, 3.4251 0.7865 0.0787, 3.4251 0.7865 0.0, 3.4291 0.7559 0.0787, 3.4291 0.7559 0.0, 3.4251 0.7253 0.0787, 3.4251 0.7253 0.0, 3.4133 0.6969 0.0787, 3.4133 0.6969 0.0, 3.3945 0.6724 0.0787, 3.3945 0.6724 0.0, 3.3701 0.6536 0.0787, 3.3701 0.6536 0.0, 3.3416 0.6418 0.0787, 3.3416 0.6418 0.0, 3.311 0.6378 0.0787, 3.311 0.6378 0.0, 3.2805 0.6418 0.0787, 3.2805 0.6418 0.0, 3.252 0.6536 0.0787, 3.252 0.6536 0.0, 3.2275 0.6724 0.0787, 3.2275 0.6724 0.0, 3.2087 0.6969 0.0787, 3.2087 0.6969 0.0, 3.1969 0.7253 0.0787, 3.1969 0.7253 0.0, 3.311 0.7559 0.0787, 2.3898 0.7559 0.0787, 2.3898 0.7559 0.0, 2.3938 0.7865 0.0787, 2.3938 0.7865 0.0, 2.4056 0.815 0.0787, 2.4056 0.815 0.0, 2.4244 0.8394 0.0787, 2.4244 0.8394 0.0, 2.4488 0.8582 0.0787, 2.4488 0.8582 0.0, 2.4773 0.87 0.0787, 2.4773 0.87 0.0, 2.5079 0.874 0.0787, 2.5079 0.874 0.0, 2.5384 0.87 0.0787, 2.5384 0.87 0.0, 2.5669 0.8582 0.0787, 2.5669 0.8582 0.0, 2.5914 0.8394 0.0787, 2.5914 0.8394 0.0, 2.6102 0.815 0.0787, 2.6102 0.815 0.0, 2.622 0.7865 0.0787, 2.622 0.7865 0.0, 2.626 0.7559 0.0787, 2.626 0.7559 0.0, 2.622 0.7253 0.0787, 2.622 0.7253 0.0, 2.6102 0.6969 0.0787, 2.6102 0.6969 0.0, 2.5914 0.6724 0.0787, 2.5914 0.6724 0.0, 2.5669 0.6536 0.0787, 2.5669 0.6536 0.0, 2.5384 0.6418 0.0787, 2.5384 0.6418 0.0, 2.5079 0.6378 0.0787, 2.5079 0.6378 0.0, 2.4773 0.6418 0.0787, 2.4773 0.6418 0.0, 2.4488 0.6536 0.0787, 2.4488 0.6536 0.0, 2.4244 0.6724 0.0787, 2.4244 0.6724 0.0, 2.4056 0.6969 0.0787, 2.4056 0.6969 0.0, 2.3938 0.7253 0.0787, 2.3938 0.7253 0.0, 2.5079 0.7559 0.0787, 3.9961 0.7559 0.0787, 3.9961 0.7559 0.0, 4.0001 0.7865 0.0787, 4.0001 0.7865 0.0, 4.0119 0.815 0.0787, 4.0119 0.815 0.0, 4.0307 0.8394 0.0787, 4.0307 0.8394 0.0, 4.0551 0.8582 0.0787, 4.0551 0.8582 0.0, 4.0836 0.87 0.0787, 4.0836 0.87 0.0, 4.1142 0.874 0.0787, 4.1142 0.874 0.0, 4.1447 0.87 0.0787, 4.1447 0.87 0.0, 4.1732 0.8582 0.0787, 4.1732 0.8582 0.0, 4.1977 0.8394 0.0787, 4.1977 0.8394 0.0, 4.2165 0.815 0.0787, 4.2165 0.815 0.0, 4.2283 0.7865 0.0787, 4.2283 0.7865 0.0, 4.2323 0.7559 0.0787, 4.2323 0.7559 0.0, 4.2283 0.7253 0.0787, 4.2283 0.7253 0.0, 4.2165 0.6969 0.0787, 4.2165 0.6969 0.0, 4.1977 0.6724 0.0787, 4.1977 0.6724 0.0, 4.1732 0.6536 0.0787, 4.1732 0.6536 0.0, 4.1447 0.6418 0.0787, 4.1447 0.6418 0.0, 4.1142 0.6378 0.0787, 4.1142 0.6378 0.0, 4.0836 0.6418 0.0787, 4.0836 0.6418 0.0, 4.0551 0.6536 0.0787, 4.0551 0.6536 0.0, 4.0307 0.6724 0.0787, 4.0307 0.6724 0.0, 4.0119 0.6969 0.0787, 4.0119 0.6969 0.0, 4.0001 0.7253 0.0787, 4.0001 0.7253 0.0, 4.1142 0.7559 0.0787, 1.5866 0.7559 0.0787, 1.5866 0.7559 0.0, 1.5906 0.7865 0.0787, 1.5906 0.7865 0.0, 1.6024 0.815 0.0787, 1.6024 0.815 0.0, 1.6212 0.8394 0.0787, 1.6212 0.8394 0.0, 1.6457 0.8582 0.0787, 1.6457 0.8582 0.0, 1.6742 0.87 0.0787, 1.6742 0.87 0.0, 1.7047 0.874 0.0787, 1.7047 0.874 0.0, 1.7353 0.87 0.0787, 1.7353 0.87 0.0, 1.7638 0.8582 0.0787, 1.7638 0.8582 0.0, 1.7882 0.8394 0.0787, 1.7882 0.8394 0.0, 1.807 0.815 0.0787, 1.807 0.815 0.0, 1.8188 0.7865 0.0787, 1.8188 0.7865 0.0, 1.8228 0.7559 0.0787, 1.8228 0.7559 0.0, 1.8188 0.7253 0.0787, 1.8188 0.7253 0.0, 1.807 0.6969 0.0787, 1.807 0.6969 0.0, 1.7882 0.6724 0.0787, 1.7882 0.6724 0.0, 1.7638 0.6536 0.0787, 1.7638 0.6536 0.0, 1.7353 0.6418 0.0787, 1.7353 0.6418 0.0, 1.7047 0.6378 0.0787, 1.7047 0.6378 0.0, 1.6742 0.6418 0.0787, 1.6742 0.6418 0.0, 1.6457 0.6536 0.0787, 1.6457 0.6536 0.0, 1.6212 0.6724 0.0787, 1.6212 0.6724 0.0, 1.6024 0.6969 0.0787, 1.6024 0.6969 0.0, 1.5906 0.7253 0.0787, 1.5906 0.7253 0.0, 1.7047 0.7559 0.0787, 2.7913 0.0551 0.0787, 2.7913 0.0551 0.0, 2.7954 0.0857 0.0787, 2.7954 0.0857 0.0, 2.8072 0.1142 0.0787, 2.8072 0.1142 0.0, 2.8259 0.1386 0.0787, 2.8259 0.1386 0.0, 2.8504 0.1574 0.0787, 2.8504 0.1574 0.0, 2.8789 0.1692 0.0787, 2.8789 0.1692 0.0, 2.9094 0.1732 0.0787, 2.9094 0.1732 0.0, 2.94 0.1692 0.0787, 2.94 0.1692 0.0, 2.9685 0.1574 0.0787, 2.9685 0.1574 0.0, 2.993 0.1386 0.0787, 2.993 0.1386 0.0, 3.0117 0.1142 0.0787, 3.0117 0.1142 0.0, 3.0235 0.0857 0.0787, 3.0235 0.0857 0.0, 3.0276 0.0551 0.0787, 3.0276 0.0551 0.0, 3.0235 0.0245 0.0787, 3.0235 0.0245 0.0, 3.0117 -0.0039 0.0787, 3.0117 -0.0039 0.0, 2.993 -0.0284 0.0787, 2.993 -0.0284 0.0, 2.9685 -0.0472 0.0787, 2.9685 -0.0472 0.0, 2.94 -0.059 0.0787, 2.94 -0.059 0.0, 2.9094 -0.063 0.0787, 2.9094 -0.063 0.0, 2.8789 -0.059 0.0787, 2.8789 -0.059 0.0, 2.8504 -0.0472 0.0787, 2.8504 -0.0472 0.0, 2.8259 -0.0284 0.0787, 2.8259 -0.0284 0.0, 2.8072 -0.0039 0.0787, 2.8072 -0.0039 0.0, 2.7954 0.0245 0.0787, 2.7954 0.0245 0.0, 2.9094 0.0551 0.0787, 4.3976 0.0551 0.0787, 4.3976 0.0551 0.0, 4.4017 0.0857 0.0787, 4.4017 0.0857 0.0, 4.4135 0.1142 0.0787, 4.4135 0.1142 0.0, 4.4322 0.1386 0.0787, 4.4322 0.1386 0.0, 4.4567 0.1574 0.0787, 4.4567 0.1574 0.0, 4.4852 0.1692 0.0787, 4.4852 0.1692 0.0, 4.5157 0.1732 0.0787, 4.5157 0.1732 0.0, 4.5463 0.1692 0.0787, 4.5463 0.1692 0.0, 4.5748 0.1574 0.0787, 4.5748 0.1574 0.0, 4.5993 0.1386 0.0787, 4.5993 0.1386 0.0, 4.618 0.1142 0.0787, 4.618 0.1142 0.0, 4.6298 0.0857 0.0787, 4.6298 0.0857 0.0, 4.6339 0.0551 0.0787, 4.6339 0.0551 0.0, 4.6298 0.0245 0.0787, 4.6298 0.0245 0.0, 4.618 -0.0039 0.0787, 4.618 -0.0039 0.0, 4.5993 -0.0284 0.0787, 4.5993 -0.0284 0.0, 4.5748 -0.0472 0.0787, 4.5748 -0.0472 0.0, 4.5463 -0.059 0.0787, 4.5463 -0.059 0.0, 4.5157 -0.063 0.0787, 4.5157 -0.063 0.0, 4.4852 -0.059 0.0787, 4.4852 -0.059 0.0, 4.4567 -0.0472 0.0787, 4.4567 -0.0472 0.0, 4.4322 -0.0284 0.0787, 4.4322 -0.0284 0.0, 4.4135 -0.0039 0.0787, 4.4135 -0.0039 0.0, 4.4017 0.0245 0.0787, 4.4017 0.0245 0.0, 4.5157 0.0551 0.0787, 1.9882 0.0551 0.0787, 1.9882 0.0551 0.0, 1.9922 0.0857 0.0787, 1.9922 0.0857 0.0, 2.004 0.1142 0.0787, 2.004 0.1142 0.0, 2.0228 0.1386 0.0787, 2.0228 0.1386 0.0, 2.0472 0.1574 0.0787, 2.0472 0.1574 0.0, 2.0757 0.1692 0.0787, 2.0757 0.1692 0.0, 2.1063 0.1732 0.0787, 2.1063 0.1732 0.0, 2.1369 0.1692 0.0787, 2.1369 0.1692 0.0, 2.1654 0.1574 0.0787, 2.1654 0.1574 0.0, 2.1898 0.1386 0.0787, 2.1898 0.1386 0.0, 2.2086 0.1142 0.0787, 2.2086 0.1142 0.0, 2.2204 0.0857 0.0787, 2.2204 0.0857 0.0, 2.2244 0.0551 0.0787, 2.2244 0.0551 0.0, 2.2204 0.0245 0.0787, 2.2204 0.0245 0.0, 2.2086 -0.0039 0.0787, 2.2086 -0.0039 0.0, 2.1898 -0.0284 0.0787, 2.1898 -0.0284 0.0, 2.1654 -0.0472 0.0787, 2.1654 -0.0472 0.0, 2.1369 -0.059 0.0787, 2.1369 -0.059 0.0, 2.1063 -0.063 0.0787, 2.1063 -0.063 0.0, 2.0757 -0.059 0.0787, 2.0757 -0.059 0.0, 2.0472 -0.0472 0.0787, 2.0472 -0.0472 0.0, 2.0228 -0.0284 0.0787, 2.0228 -0.0284 0.0, 2.004 -0.0039 0.0787, 2.004 -0.0039 0.0, 1.9922 0.0245 0.0787, 1.9922 0.0245 0.0, 2.1063 0.0551 0.0787, -3.0276 0.7559 0.0787, -3.0276 0.7559 0.0, -3.0235 0.7865 0.0787, -3.0235 0.7865 0.0, -3.0117 0.815 0.0787, -3.0117 0.815 0.0, -2.993 0.8394 0.0787, -2.993 0.8394 0.0, -2.9685 0.8582 0.0787, -2.9685 0.8582 0.0, -2.94 0.87 0.0787, -2.94 0.87 0.0, -2.9094 0.874 0.0787, -2.9094 0.874 0.0, -2.8789 0.87 0.0787, -2.8789 0.87 0.0, -2.8504 0.8582 0.0787, -2.8504 0.8582 0.0, -2.8259 0.8394 0.0787, -2.8259 0.8394 0.0, -2.8072 0.815 0.0787, -2.8072 0.815 0.0, -2.7954 0.7865 0.0787, -2.7954 0.7865 0.0, -2.7913 0.7559 0.0787, -2.7913 0.7559 0.0, -2.7954 0.7253 0.0787, -2.7954 0.7253 0.0, -2.8072 0.6969 0.0787, -2.8072 0.6969 0.0, -2.8259 0.6724 0.0787, -2.8259 0.6724 0.0, -2.8504 0.6536 0.0787, -2.8504 0.6536 0.0, -2.8789 0.6418 0.0787, -2.8789 0.6418 0.0, -2.9094 0.6378 0.0787, -2.9094 0.6378 0.0, -2.94 0.6418 0.0787, -2.94 0.6418 0.0, -2.9685 0.6536 0.0787, -2.9685 0.6536 0.0, -2.993 0.6724 0.0787, -2.993 0.6724 0.0, -3.0117 0.6969 0.0787, -3.0117 0.6969 0.0, -3.0235 0.7253 0.0787, -3.0235 0.7253 0.0, -2.9094 0.7559 0.0787, -3.4291 0.0551 0.0787, -3.4291 0.0551 0.0, -3.4251 0.0857 0.0787, -3.4251 0.0857 0.0, -3.4133 0.1142 0.0787, -3.4133 0.1142 0.0, -3.3945 0.1386 0.0787, -3.3945 0.1386 0.0, -3.3701 0.1574 0.0787, -3.3701 0.1574 0.0, -3.3416 0.1692 0.0787, -3.3416 0.1692 0.0, -3.311 0.1732 0.0787, -3.311 0.1732 0.0, -3.2805 0.1692 0.0787, -3.2805 0.1692 0.0, -3.252 0.1574 0.0787, -3.252 0.1574 0.0, -3.2275 0.1386 0.0787, -3.2275 0.1386 0.0, -3.2087 0.1142 0.0787, -3.2087 0.1142 0.0, -3.1969 0.0857 0.0787, -3.1969 0.0857 0.0, -3.1929 0.0551 0.0787, -3.1929 0.0551 0.0, -3.1969 0.0245 0.0787, -3.1969 0.0245 0.0, -3.2087 -0.0039 0.0787, -3.2087 -0.0039 0.0, -3.2275 -0.0284 0.0787, -3.2275 -0.0284 0.0, -3.252 -0.0472 0.0787, -3.252 -0.0472 0.0, -3.2805 -0.059 0.0787, -3.2805 -0.059 0.0, -3.311 -0.063 0.0787, -3.311 -0.063 0.0, -3.3416 -0.059 0.0787, -3.3416 -0.059 0.0, -3.3701 -0.0472 0.0787, -3.3701 -0.0472 0.0, -3.3945 -0.0284 0.0787, -3.3945 -0.0284 0.0, -3.4133 -0.0039 0.0787, -3.4133 -0.0039 0.0, -3.4251 0.0245 0.0787, -3.4251 0.0245 0.0, -3.311 0.0551 0.0787, -4.6339 0.7559 0.0787, -4.6339 0.7559 0.0, -4.6298 0.7865 0.0787, -4.6298 0.7865 0.0, -4.618 0.815 0.0787, -4.618 0.815 0.0, -4.5993 0.8394 0.0787, -4.5993 0.8394 0.0, -4.5748 0.8582 0.0787, -4.5748 0.8582 0.0, -4.5463 0.87 0.0787, -4.5463 0.87 0.0, -4.5157 0.874 0.0787, -4.5157 0.874 0.0, -4.4852 0.87 0.0787, -4.4852 0.87 0.0, -4.4567 0.8582 0.0787, -4.4567 0.8582 0.0, -4.4322 0.8394 0.0787, -4.4322 0.8394 0.0, -4.4135 0.815 0.0787, -4.4135 0.815 0.0, -4.4017 0.7865 0.0787, -4.4017 0.7865 0.0, -4.3976 0.7559 0.0787, -4.3976 0.7559 0.0, -4.4017 0.7253 0.0787, -4.4017 0.7253 0.0, -4.4135 0.6969 0.0787, -4.4135 0.6969 0.0, -4.4322 0.6724 0.0787, -4.4322 0.6724 0.0, -4.4567 0.6536 0.0787, -4.4567 0.6536 0.0, -4.4852 0.6418 0.0787, -4.4852 0.6418 0.0, -4.5157 0.6378 0.0787, -4.5157 0.6378 0.0, -4.5463 0.6418 0.0787, -4.5463 0.6418 0.0, -4.5748 0.6536 0.0787, -4.5748 0.6536 0.0, -4.5993 0.6724 0.0787, -4.5993 0.6724 0.0, -4.618 0.6969 0.0787, -4.618 0.6969 0.0, -4.6298 0.7253 0.0787, -4.6298 0.7253 0.0, -4.5157 0.7559 0.0787, -4.2323 0.0551 0.0787, -4.2323 0.0551 0.0, -4.2283 0.0857 0.0787, -4.2283 0.0857 0.0, -4.2165 0.1142 0.0787, -4.2165 0.1142 0.0, -4.1977 0.1386 0.0787, -4.1977 0.1386 0.0, -4.1732 0.1574 0.0787, -4.1732 0.1574 0.0, -4.1447 0.1692 0.0787, -4.1447 0.1692 0.0, -4.1142 0.1732 0.0787, -4.1142 0.1732 0.0, -4.0836 0.1692 0.0787, -4.0836 0.1692 0.0, -4.0551 0.1574 0.0787, -4.0551 0.1574 0.0, -4.0307 0.1386 0.0787, -4.0307 0.1386 0.0, -4.0119 0.1142 0.0787, -4.0119 0.1142 0.0, -4.0001 0.0857 0.0787, -4.0001 0.0857 0.0, -3.9961 0.0551 0.0787, -3.9961 0.0551 0.0, -4.0001 0.0245 0.0787, -4.0001 0.0245 0.0, -4.0119 -0.0039 0.0787, -4.0119 -0.0039 0.0, -4.0307 -0.0284 0.0787, -4.0307 -0.0284 0.0, -4.0551 -0.0472 0.0787, -4.0551 -0.0472 0.0, -4.0836 -0.059 0.0787, -4.0836 -0.059 0.0, -4.1142 -0.063 0.0787, -4.1142 -0.063 0.0, -4.1447 -0.059 0.0787, -4.1447 -0.059 0.0, -4.1732 -0.0472 0.0787, -4.1732 -0.0472 0.0, -4.1977 -0.0284 0.0787, -4.1977 -0.0284 0.0, -4.2165 -0.0039 0.0787, -4.2165 -0.0039 0.0, -4.2283 0.0245 0.0787, -4.2283 0.0245 0.0, -4.1142 0.0551 0.0787, -2.626 0.0551 0.0787, -2.626 0.0551 0.0, -2.622 0.0857 0.0787, -2.622 0.0857 0.0, -2.6102 0.1142 0.0787, -2.6102 0.1142 0.0, -2.5914 0.1386 0.0787, -2.5914 0.1386 0.0, -2.5669 0.1574 0.0787, -2.5669 0.1574 0.0, -2.5384 0.1692 0.0787, -2.5384 0.1692 0.0, -2.5079 0.1732 0.0787, -2.5079 0.1732 0.0, -2.4773 0.1692 0.0787, -2.4773 0.1692 0.0, -2.4488 0.1574 0.0787, -2.4488 0.1574 0.0, -2.4244 0.1386 0.0787, -2.4244 0.1386 0.0, -2.4056 0.1142 0.0787, -2.4056 0.1142 0.0, -2.3938 0.0857 0.0787, -2.3938 0.0857 0.0, -2.3898 0.0551 0.0787, -2.3898 0.0551 0.0, -2.3938 0.0245 0.0787, -2.3938 0.0245 0.0, -2.4056 -0.0039 0.0787, -2.4056 -0.0039 0.0, -2.4244 -0.0284 0.0787, -2.4244 -0.0284 0.0, -2.4488 -0.0472 0.0787, -2.4488 -0.0472 0.0, -2.4773 -0.059 0.0787, -2.4773 -0.059 0.0, -2.5079 -0.063 0.0787, -2.5079 -0.063 0.0, -2.5384 -0.059 0.0787, -2.5384 -0.059 0.0, -2.5669 -0.0472 0.0787, -2.5669 -0.0472 0.0, -2.5914 -0.0284 0.0787, -2.5914 -0.0284 0.0, -2.6102 -0.0039 0.0787, -2.6102 -0.0039 0.0, -2.622 0.0245 0.0787, -2.622 0.0245 0.0, -2.5079 0.0551 0.0787, -2.2244 0.7559 0.0787, -2.2244 0.7559 0.0, -2.2204 0.7865 0.0787, -2.2204 0.7865 0.0, -2.2086 0.815 0.0787, -2.2086 0.815 0.0, -2.1898 0.8394 0.0787, -2.1898 0.8394 0.0, -2.1654 0.8582 0.0787, -2.1654 0.8582 0.0, -2.1369 0.87 0.0787, -2.1369 0.87 0.0, -2.1063 0.874 0.0787, -2.1063 0.874 0.0, -2.0757 0.87 0.0787, -2.0757 0.87 0.0, -2.0472 0.8582 0.0787, -2.0472 0.8582 0.0, -2.0228 0.8394 0.0787, -2.0228 0.8394 0.0, -2.004 0.815 0.0787, -2.004 0.815 0.0, -1.9922 0.7865 0.0787, -1.9922 0.7865 0.0, -1.9882 0.7559 0.0787, -1.9882 0.7559 0.0, -1.9922 0.7253 0.0787, -1.9922 0.7253 0.0, -2.004 0.6969 0.0787, -2.004 0.6969 0.0, -2.0228 0.6724 0.0787, -2.0228 0.6724 0.0, -2.0472 0.6536 0.0787, -2.0472 0.6536 0.0, -2.0757 0.6418 0.0787, -2.0757 0.6418 0.0, -2.1063 0.6378 0.0787, -2.1063 0.6378 0.0, -2.1369 0.6418 0.0787, -2.1369 0.6418 0.0, -2.1654 0.6536 0.0787, -2.1654 0.6536 0.0, -2.1898 0.6724 0.0787, -2.1898 0.6724 0.0, -2.2086 0.6969 0.0787, -2.2086 0.6969 0.0, -2.2204 0.7253 0.0787, -2.2204 0.7253 0.0, -2.1063 0.7559 0.0787, -1.8228 0.0551 0.0787, -1.8228 0.0551 0.0, -1.8188 0.0857 0.0787, -1.8188 0.0857 0.0, -1.807 0.1142 0.0787, -1.807 0.1142 0.0, -1.7882 0.1386 0.0787, -1.7882 0.1386 0.0, -1.7638 0.1574 0.0787, -1.7638 0.1574 0.0, -1.7353 0.1692 0.0787, -1.7353 0.1692 0.0, -1.7047 0.1732 0.0787, -1.7047 0.1732 0.0, -1.6742 0.1692 0.0787, -1.6742 0.1692 0.0, -1.6457 0.1574 0.0787, -1.6457 0.1574 0.0, -1.6212 0.1386 0.0787, -1.6212 0.1386 0.0, -1.6024 0.1142 0.0787, -1.6024 0.1142 0.0, -1.5906 0.0857 0.0787, -1.5906 0.0857 0.0, -1.5866 0.0551 0.0787, -1.5866 0.0551 0.0, -1.5906 0.0245 0.0787, -1.5906 0.0245 0.0, -1.6024 -0.0039 0.0787, -1.6024 -0.0039 0.0, -1.6212 -0.0284 0.0787, -1.6212 -0.0284 0.0, -1.6457 -0.0472 0.0787, -1.6457 -0.0472 0.0, -1.6742 -0.059 0.0787, -1.6742 -0.059 0.0, -1.7047 -0.063 0.0787, -1.7047 -0.063 0.0, -1.7353 -0.059 0.0787, -1.7353 -0.059 0.0, -1.7638 -0.0472 0.0787, -1.7638 -0.0472 0.0, -1.7882 -0.0284 0.0787, -1.7882 -0.0284 0.0, -1.807 -0.0039 0.0787, -1.807 -0.0039 0.0, -1.8188 0.0245 0.0787, -1.8188 0.0245 0.0, -1.7047 0.0551 0.0787, -3.8307 0.7559 0.0787, -3.8307 0.7559 0.0, -3.8267 0.7865 0.0787, -3.8267 0.7865 0.0, -3.8149 0.815 0.0787, -3.8149 0.815 0.0, -3.7961 0.8394 0.0787, -3.7961 0.8394 0.0, -3.7717 0.8582 0.0787, -3.7717 0.8582 0.0, -3.7432 0.87 0.0787, -3.7432 0.87 0.0, -3.7126 0.874 0.0787, -3.7126 0.874 0.0, -3.682 0.87 0.0787, -3.682 0.87 0.0, -3.6535 0.8582 0.0787, -3.6535 0.8582 0.0, -3.6291 0.8394 0.0787, -3.6291 0.8394 0.0, -3.6103 0.815 0.0787, -3.6103 0.815 0.0, -3.5985 0.7865 0.0787, -3.5985 0.7865 0.0, -3.5945 0.7559 0.0787, -3.5945 0.7559 0.0, -3.5985 0.7253 0.0787, -3.5985 0.7253 0.0, -3.6103 0.6969 0.0787, -3.6103 0.6969 0.0, -3.6291 0.6724 0.0787, -3.6291 0.6724 0.0, -3.6535 0.6536 0.0787, -3.6535 0.6536 0.0, -3.682 0.6418 0.0787, -3.682 0.6418 0.0, -3.7126 0.6378 0.0787, -3.7126 0.6378 0.0, -3.7432 0.6418 0.0787, -3.7432 0.6418 0.0, -3.7717 0.6536 0.0787, -3.7717 0.6536 0.0, -3.7961 0.6724 0.0787, -3.7961 0.6724 0.0, -3.8149 0.6969 0.0787, -3.8149 0.6969 0.0, -3.8267 0.7253 0.0787, -3.8267 0.7253 0.0, -3.7126 0.7559 0.0787, -3.7126 0.7559 0.0787
            ]
        }
        coordIndex [
            0,1,2,-1,2,1,3,-1,2,3,4,-1,4,3,5,-1,4,5,6,-1,6,5,7,-1,6,7,8,-1,8,7,9,-1,8,9,10,-1,10,9,11,-1,10,11,12,-1,12,11,13,-1,12,13,14,-1,14,13,15,-1,14,15,16,-1,16,15,17,-1,16,17,18,-1,18,17,19,-1,18,19,20,-1,20,19,21,-1,20,21,22,-1,22,21,23,-1,22,23,24,-1,24,23,25,-1,24,25,26,-1,26,25,27,-1,26,27,28,-1,28,27,29,-1,28,29,30,-1,30,29,31,-1,30,31,32,-1,32,31,33,-1,32,33,34,-1,34,33,35,-1,34,35,36,-1,36,35,37,-1,36,37,38,-1,38,37,39,-1,38,39,40,-1,40,39,41,-1,40,41,42,-1,42,41,43,-1,42,43,44,-1,44,43,45,-1,44,45,46,-1,46,45,47,-1,46,47,0,-1,0,47,1,-1,44,46,48,-1,48,46,0,-1,48,0,2,-1,38,40,48,-1,48,40,42,-1,48,42,44,-1,32,34,48,-1,48,34,36,-1,48,36,38,-1,26,28,48,-1,48,28,30,-1,48,30,32,-1,20,22,48,-1,48,22,24,-1,48,24,26,-1,14,16,48,-1,48,16,18,-1,48,18,20,-1,8,10,48,-1,48,10,12,-1,48,12,14,-1,2,4,48,-1,48,4,6,-1,48,6,8,-1,49,50,51,-1,51,50,52,-1,51,52,53,-1,53,52,54,-1,53,54,55,-1,55,54,56,-1,55,56,57,-1,57,56,58,-1,57,58,59,-1,59,58,60,-1,59,60,61,-1,61,60,62,-1,61,62,63,-1,63,62,64,-1,63,64,65,-1,65,64,66,-1,65,66,67,-1,67,66,68,-1,67,68,69,-1,69,68,70,-1,69,70,71,-1,71,70,72,-1,71,72,73,-1,73,72,74,-1,73,74,75,-1,75,74,76,-1,75,76,77,-1,77,76,78,-1,77,78,79,-1,79,78,80,-1,79,80,81,-1,81,80,82,-1,81,82,83,-1,83,82,84,-1,83,84,85,-1,85,84,86,-1,85,86,87,-1,87,86,88,-1,87,88,89,-1,89,88,90,-1,89,90,91,-1,91,90,92,-1,91,92,93,-1,93,92,94,-1,93,94,95,-1,95,94,96,-1,95,96,49,-1,49,96,50,-1,93,95,97,-1,97,95,49,-1,97,49,51,-1,87,89,97,-1,97,89,91,-1,97,91,93,-1,81,83,97,-1,97,83,85,-1,97,85,87,-1,75,77,97,-1,97,77,79,-1,97,79,81,-1,69,71,97,-1,97,71,73,-1,97,73,75,-1,63,65,97,-1,97,65,67,-1,97,67,69,-1,57,59,97,-1,97,59,61,-1,97,61,63,-1,51,53,97,-1,97,53,55,-1,97,55,57,-1,98,99,100,-1,100,99,101,-1,100,101,102,-1,102,101,103,-1,102,103,104,-1,104,103,105,-1,104,105,106,-1,106,105,107,-1,106,107,108,-1,108,107,109,-1,108,109,110,-1,110,109,111,-1,110,111,112,-1,112,111,113,-1,112,113,114,-1,114,113,115,-1,114,115,116,-1,116,115,117,-1,116,117,118,-1,118,117,119,-1,118,119,120,-1,120,119,121,-1,120,121,122,-1,122,121,123,-1,122,123,124,-1,124,123,125,-1,124,125,126,-1,126,125,127,-1,126,127,128,-1,128,127,129,-1,128,129,130,-1,130,129,131,-1,130,131,132,-1,132,131,133,-1,132,133,134,-1,134,133,135,-1,134,135,136,-1,136,135,137,-1,136,137,138,-1,138,137,139,-1,138,139,140,-1,140,139,141,-1,140,141,142,-1,142,141,143,-1,142,143,144,-1,144,143,145,-1,144,145,98,-1,98,145,99,-1,142,144,146,-1,146,144,98,-1,146,98,100,-1,136,138,146,-1,146,138,140,-1,146,140,142,-1,130,132,146,-1,146,132,134,-1,146,134,136,-1,124,126,146,-1,146,126,128,-1,146,128,130,-1,118,120,146,-1,146,120,122,-1,146,122,124,-1,112,114,146,-1,146,114,116,-1,146,116,118,-1,106,108,146,-1,146,108,110,-1,146,110,112,-1,100,102,146,-1,146,102,104,-1,146,104,106,-1,147,148,149,-1,149,148,150,-1,149,150,151,-1,151,150,152,-1,151,152,153,-1,153,152,154,-1,153,154,155,-1,155,154,156,-1,155,156,157,-1,157,156,158,-1,157,158,159,-1,159,158,160,-1,159,160,161,-1,161,160,162,-1,161,162,163,-1,163,162,164,-1,163,164,165,-1,165,164,166,-1,165,166,167,-1,167,166,168,-1,167,168,169,-1,169,168,170,-1,169,170,171,-1,171,170,172,-1,171,172,173,-1,173,172,174,-1,173,174,175,-1,175,174,176,-1,175,176,177,-1,177,176,178,-1,177,178,179,-1,179,178,180,-1,179,180,181,-1,181,180,182,-1,181,182,183,-1,183,182,184,-1,183,184,185,-1,185,184,186,-1,185,186,187,-1,187,186,188,-1,187,188,189,-1,189,188,190,-1,189,190,191,-1,191,190,192,-1,191,192,193,-1,193,192,194,-1,193,194,147,-1,147,194,148,-1,191,193,195,-1,195,193,147,-1,195,147,149,-1,185,187,195,-1,195,187,189,-1,195,189,191,-1,179,181,195,-1,195,181,183,-1,195,183,185,-1,173,175,195,-1,195,175,177,-1,195,177,179,-1,167,169,195,-1,195,169,171,-1,195,171,173,-1,161,163,195,-1,195,163,165,-1,195,165,167,-1,155,157,195,-1,195,157,159,-1,195,159,161,-1,149,151,195,-1,195,151,153,-1,195,153,155,-1,196,197,198,-1,198,197,199,-1,198,199,200,-1,200,199,201,-1,200,201,202,-1,202,201,203,-1,202,203,204,-1,204,203,205,-1,204,205,206,-1,206,205,207,-1,206,207,208,-1,208,207,209,-1,208,209,210,-1,210,209,211,-1,210,211,212,-1,212,211,213,-1,212,213,214,-1,214,213,215,-1,214,215,216,-1,216,215,217,-1,216,217,218,-1,218,217,219,-1,218,219,220,-1,220,219,221,-1,220,221,222,-1,222,221,223,-1,222,223,224,-1,224,223,225,-1,224,225,226,-1,226,225,227,-1,226,227,228,-1,228,227,229,-1,228,229,230,-1,230,229,231,-1,230,231,232,-1,232,231,233,-1,232,233,234,-1,234,233,235,-1,234,235,236,-1,236,235,237,-1,236,237,238,-1,238,237,239,-1,238,239,240,-1,240,239,241,-1,240,241,242,-1,242,241,243,-1,242,243,196,-1,196,243,197,-1,240,242,244,-1,244,242,196,-1,244,196,198,-1,234,236,244,-1,244,236,238,-1,244,238,240,-1,228,230,244,-1,244,230,232,-1,244,232,234,-1,222,224,244,-1,244,224,226,-1,244,226,228,-1,216,218,244,-1,244,218,220,-1,244,220,222,-1,210,212,244,-1,244,212,214,-1,244,214,216,-1,204,206,244,-1,244,206,208,-1,244,208,210,-1,198,200,244,-1,244,200,202,-1,244,202,204,-1,245,246,247,-1,247,246,248,-1,247,248,249,-1,249,248,250,-1,249,250,251,-1,251,250,252,-1,251,252,253,-1,253,252,254,-1,253,254,255,-1,255,254,256,-1,255,256,257,-1,257,256,258,-1,257,258,259,-1,259,258,260,-1,259,260,261,-1,261,260,262,-1,261,262,263,-1,263,262,264,-1,263,264,265,-1,265,264,266,-1,265,266,267,-1,267,266,268,-1,267,268,269,-1,269,268,270,-1,269,270,271,-1,271,270,272,-1,271,272,273,-1,273,272,274,-1,273,274,275,-1,275,274,276,-1,275,276,277,-1,277,276,278,-1,277,278,279,-1,279,278,280,-1,279,280,281,-1,281,280,282,-1,281,282,283,-1,283,282,284,-1,283,284,285,-1,285,284,286,-1,285,286,287,-1,287,286,288,-1,287,288,289,-1,289,288,290,-1,289,290,291,-1,291,290,292,-1,291,292,245,-1,245,292,246,-1,289,291,293,-1,293,291,245,-1,293,245,247,-1,283,285,293,-1,293,285,287,-1,293,287,289,-1,277,279,293,-1,293,279,281,-1,293,281,283,-1,271,273,293,-1,293,273,275,-1,293,275,277,-1,265,267,293,-1,293,267,269,-1,293,269,271,-1,259,261,293,-1,293,261,263,-1,293,263,265,-1,253,255,293,-1,293,255,257,-1,293,257,259,-1,247,249,293,-1,293,249,251,-1,293,251,253,-1,294,295,296,-1,296,295,297,-1,296,297,298,-1,298,297,299,-1,298,299,300,-1,300,299,301,-1,300,301,302,-1,302,301,303,-1,302,303,304,-1,304,303,305,-1,304,305,306,-1,306,305,307,-1,306,307,308,-1,308,307,309,-1,308,309,310,-1,310,309,311,-1,310,311,312,-1,312,311,313,-1,312,313,314,-1,314,313,315,-1,314,315,316,-1,316,315,317,-1,316,317,318,-1,318,317,319,-1,318,319,320,-1,320,319,321,-1,320,321,322,-1,322,321,323,-1,322,323,324,-1,324,323,325,-1,324,325,326,-1,326,325,327,-1,326,327,328,-1,328,327,329,-1,328,329,330,-1,330,329,331,-1,330,331,332,-1,332,331,333,-1,332,333,334,-1,334,333,335,-1,334,335,336,-1,336,335,337,-1,336,337,338,-1,338,337,339,-1,338,339,340,-1,340,339,341,-1,340,341,294,-1,294,341,295,-1,338,340,342,-1,342,340,294,-1,342,294,296,-1,332,334,342,-1,342,334,336,-1,342,336,338,-1,326,328,342,-1,342,328,330,-1,342,330,332,-1,320,322,342,-1,342,322,324,-1,342,324,326,-1,314,316,342,-1,342,316,318,-1,342,318,320,-1,308,310,342,-1,342,310,312,-1,342,312,314,-1,302,304,342,-1,342,304,306,-1,342,306,308,-1,296,298,342,-1,342,298,300,-1,342,300,302,-1,343,344,345,-1,345,344,346,-1,345,346,347,-1,347,346,348,-1,347,348,349,-1,349,348,350,-1,349,350,351,-1,351,350,352,-1,351,352,353,-1,353,352,354,-1,353,354,355,-1,355,354,356,-1,355,356,357,-1,357,356,358,-1,357,358,359,-1,359,358,360,-1,359,360,361,-1,361,360,362,-1,361,362,363,-1,363,362,364,-1,363,364,365,-1,365,364,366,-1,365,366,367,-1,367,366,368,-1,367,368,369,-1,369,368,370,-1,369,370,371,-1,371,370,372,-1,371,372,373,-1,373,372,374,-1,373,374,375,-1,375,374,376,-1,375,376,377,-1,377,376,378,-1,377,378,379,-1,379,378,380,-1,379,380,381,-1,381,380,382,-1,381,382,383,-1,383,382,384,-1,383,384,385,-1,385,384,386,-1,385,386,387,-1,387,386,388,-1,387,388,389,-1,389,388,390,-1,389,390,343,-1,343,390,344,-1,387,389,391,-1,391,389,343,-1,391,343,345,-1,381,383,391,-1,391,383,385,-1,391,385,387,-1,375,377,391,-1,391,377,379,-1,391,379,381,-1,369,371,391,-1,391,371,373,-1,391,373,375,-1,363,365,391,-1,391,365,367,-1,391,367,369,-1,357,359,391,-1,391,359,361,-1,391,361,363,-1,351,353,391,-1,391,353,355,-1,391,355,357,-1,345,347,391,-1,391,347,349,-1,391,349,351,-1,392,393,394,-1,394,393,395,-1,394,395,396,-1,396,395,397,-1,396,397,398,-1,398,397,399,-1,398,399,400,-1,400,399,401,-1,400,401,402,-1,402,401,403,-1,402,403,404,-1,404,403,405,-1,404,405,406,-1,406,405,407,-1,406,407,408,-1,408,407,409,-1,408,409,410,-1,410,409,411,-1,410,411,412,-1,412,411,413,-1,412,413,414,-1,414,413,415,-1,414,415,416,-1,416,415,417,-1,416,417,418,-1,418,417,419,-1,418,419,420,-1,420,419,421,-1,420,421,422,-1,422,421,423,-1,422,423,424,-1,424,423,425,-1,424,425,426,-1,426,425,427,-1,426,427,428,-1,428,427,429,-1,428,429,430,-1,430,429,431,-1,430,431,432,-1,432,431,433,-1,432,433,434,-1,434,433,435,-1,434,435,436,-1,436,435,437,-1,436,437,438,-1,438,437,439,-1,438,439,392,-1,392,439,393,-1,436,438,440,-1,440,438,392,-1,440,392,394,-1,430,432,440,-1,440,432,434,-1,440,434,436,-1,424,426,440,-1,440,426,428,-1,440,428,430,-1,418,420,440,-1,440,420,422,-1,440,422,424,-1,412,414,440,-1,440,414,416,-1,440,416,418,-1,406,408,440,-1,440,408,410,-1,440,410,412,-1,400,402,440,-1,440,402,404,-1,440,404,406,-1,394,396,440,-1,440,396,398,-1,440,398,400,-1,441,442,443,-1,443,442,444,-1,443,444,445,-1,445,444,446,-1,445,446,447,-1,447,446,448,-1,447,448,449,-1,449,448,450,-1,449,450,451,-1,451,450,452,-1,451,452,453,-1,453,452,454,-1,453,454,455,-1,455,454,456,-1,455,456,457,-1,457,456,458,-1,457,458,459,-1,459,458,460,-1,459,460,461,-1,461,460,462,-1,461,462,463,-1,463,462,464,-1,463,464,465,-1,465,464,466,-1,465,466,467,-1,467,466,468,-1,467,468,469,-1,469,468,470,-1,469,470,471,-1,471,470,472,-1,471,472,473,-1,473,472,474,-1,473,474,475,-1,475,474,476,-1,475,476,477,-1,477,476,478,-1,477,478,479,-1,479,478,480,-1,479,480,481,-1,481,480,482,-1,481,482,483,-1,483,482,484,-1,483,484,485,-1,485,484,486,-1,485,486,487,-1,487,486,488,-1,487,488,441,-1,441,488,442,-1,485,487,489,-1,489,487,441,-1,489,441,443,-1,479,481,489,-1,489,481,483,-1,489,483,485,-1,473,475,489,-1,489,475,477,-1,489,477,479,-1,467,469,489,-1,489,469,471,-1,489,471,473,-1,461,463,489,-1,489,463,465,-1,489,465,467,-1,455,457,489,-1,489,457,459,-1,489,459,461,-1,449,451,489,-1,489,451,453,-1,489,453,455,-1,443,445,489,-1,489,445,447,-1,489,447,449,-1,490,491,492,-1,492,491,493,-1,492,493,494,-1,494,493,495,-1,494,495,496,-1,496,495,497,-1,496,497,498,-1,498,497,499,-1,498,499,500,-1,500,499,501,-1,500,501,502,-1,502,501,503,-1,502,503,504,-1,504,503,505,-1,504,505,506,-1,506,505,507,-1,506,507,508,-1,508,507,509,-1,508,509,510,-1,510,509,511,-1,510,511,512,-1,512,511,513,-1,512,513,514,-1,514,513,515,-1,514,515,516,-1,516,515,517,-1,516,517,518,-1,518,517,519,-1,518,519,520,-1,520,519,521,-1,520,521,522,-1,522,521,523,-1,522,523,524,-1,524,523,525,-1,524,525,526,-1,526,525,527,-1,526,527,528,-1,528,527,529,-1,528,529,530,-1,530,529,531,-1,530,531,532,-1,532,531,533,-1,532,533,534,-1,534,533,535,-1,534,535,536,-1,536,535,537,-1,536,537,490,-1,490,537,491,-1,534,536,538,-1,538,536,490,-1,538,490,492,-1,528,530,538,-1,538,530,532,-1,538,532,534,-1,522,524,538,-1,538,524,526,-1,538,526,528,-1,516,518,538,-1,538,518,520,-1,538,520,522,-1,510,512,538,-1,538,512,514,-1,538,514,516,-1,504,506,538,-1,538,506,508,-1,538,508,510,-1,498,500,538,-1,538,500,502,-1,538,502,504,-1,492,494,538,-1,538,494,496,-1,538,496,498,-1,539,540,541,-1,541,540,542,-1,541,542,543,-1,543,542,544,-1,543,544,545,-1,545,544,546,-1,545,546,547,-1,547,546,548,-1,547,548,549,-1,549,548,550,-1,549,550,551,-1,551,550,552,-1,551,552,553,-1,553,552,554,-1,553,554,555,-1,555,554,556,-1,555,556,557,-1,557,556,558,-1,557,558,559,-1,559,558,560,-1,559,560,561,-1,561,560,562,-1,561,562,563,-1,563,562,564,-1,563,564,565,-1,565,564,566,-1,565,566,567,-1,567,566,568,-1,567,568,569,-1,569,568,570,-1,569,570,571,-1,571,570,572,-1,571,572,573,-1,573,572,574,-1,573,574,575,-1,575,574,576,-1,575,576,577,-1,577,576,578,-1,577,578,579,-1,579,578,580,-1,579,580,581,-1,581,580,582,-1,581,582,583,-1,583,582,584,-1,583,584,585,-1,585,584,586,-1,585,586,539,-1,539,586,540,-1,583,585,587,-1,587,585,539,-1,587,539,541,-1,577,579,587,-1,587,579,581,-1,587,581,583,-1,571,573,587,-1,587,573,575,-1,587,575,577,-1,565,567,587,-1,587,567,569,-1,587,569,571,-1,559,561,587,-1,587,561,563,-1,587,563,565,-1,553,555,587,-1,587,555,557,-1,587,557,559,-1,547,549,587,-1,587,549,551,-1,587,551,553,-1,541,543,587,-1,587,543,545,-1,587,545,547,-1,588,589,590,-1,590,589,591,-1,590,591,592,-1,592,591,593,-1,592,593,594,-1,594,593,595,-1,594,595,596,-1,596,595,597,-1,596,597,598,-1,598,597,599,-1,598,599,600,-1,600,599,601,-1,600,601,602,-1,602,601,603,-1,602,603,604,-1,604,603,605,-1,604,605,606,-1,606,605,607,-1,606,607,608,-1,608,607,609,-1,608,609,610,-1,610,609,611,-1,610,611,612,-1,612,611,613,-1,612,613,614,-1,614,613,615,-1,614,615,616,-1,616,615,617,-1,616,617,618,-1,618,617,619,-1,618,619,620,-1,620,619,621,-1,620,621,622,-1,622,621,623,-1,622,623,624,-1,624,623,625,-1,624,625,626,-1,626,625,627,-1,626,627,628,-1,628,627,629,-1,628,629,630,-1,630,629,631,-1,630,631,632,-1,632,631,633,-1,632,633,634,-1,634,633,635,-1,634,635,588,-1,588,635,589,-1,632,634,636,-1,636,634,588,-1,636,588,590,-1,626,628,636,-1,636,628,630,-1,636,630,632,-1,620,622,636,-1,636,622,624,-1,636,624,626,-1,614,616,636,-1,636,616,618,-1,636,618,620,-1,608,610,636,-1,636,610,612,-1,636,612,614,-1,602,604,636,-1,636,604,606,-1,636,606,608,-1,596,598,636,-1,636,598,600,-1,636,600,602,-1,590,592,636,-1,636,592,594,-1,636,594,596,-1,637,638,639,-1,639,638,640,-1,639,640,641,-1,641,640,642,-1,641,642,643,-1,643,642,644,-1,643,644,645,-1,645,644,646,-1,645,646,647,-1,647,646,648,-1,647,648,649,-1,649,648,650,-1,649,650,651,-1,651,650,652,-1,651,652,653,-1,653,652,654,-1,653,654,655,-1,655,654,656,-1,655,656,657,-1,657,656,658,-1,657,658,659,-1,659,658,660,-1,659,660,661,-1,661,660,662,-1,661,662,663,-1,663,662,664,-1,663,664,665,-1,665,664,666,-1,665,666,667,-1,667,666,668,-1,667,668,669,-1,669,668,670,-1,669,670,671,-1,671,670,672,-1,671,672,673,-1,673,672,674,-1,673,674,675,-1,675,674,676,-1,675,676,677,-1,677,676,678,-1,677,678,679,-1,679,678,680,-1,679,680,681,-1,681,680,682,-1,681,682,683,-1,683,682,684,-1,683,684,637,-1,637,684,638,-1,681,683,685,-1,685,683,637,-1,685,637,639,-1,675,677,685,-1,685,677,679,-1,685,679,681,-1,669,671,685,-1,685,671,673,-1,685,673,675,-1,663,665,685,-1,685,665,667,-1,685,667,669,-1,657,659,685,-1,685,659,661,-1,685,661,663,-1,651,653,685,-1,685,653,655,-1,685,655,657,-1,645,647,685,-1,685,647,649,-1,685,649,651,-1,639,641,685,-1,685,641,643,-1,685,643,645,-1,686,687,688,-1,688,687,689,-1,688,689,690,-1,690,689,691,-1,690,691,692,-1,692,691,693,-1,692,693,694,-1,694,693,695,-1,694,695,696,-1,696,695,697,-1,696,697,698,-1,698,697,699,-1,698,699,700,-1,700,699,701,-1,700,701,702,-1,702,701,703,-1,702,703,704,-1,704,703,705,-1,704,705,706,-1,706,705,707,-1,706,707,708,-1,708,707,709,-1,708,709,710,-1,710,709,711,-1,710,711,712,-1,712,711,713,-1,712,713,714,-1,714,713,715,-1,714,715,716,-1,716,715,717,-1,716,717,718,-1,718,717,719,-1,718,719,720,-1,720,719,721,-1,720,721,722,-1,722,721,723,-1,722,723,724,-1,724,723,725,-1,724,725,726,-1,726,725,727,-1,726,727,728,-1,728,727,729,-1,728,729,730,-1,730,729,731,-1,730,731,732,-1,732,731,733,-1,732,733,686,-1,686,733,687,-1,730,732,734,-1,734,732,686,-1,734,686,688,-1,724,726,734,-1,734,726,728,-1,734,728,730,-1,718,720,734,-1,734,720,722,-1,734,722,724,-1,712,714,734,-1,734,714,716,-1,734,716,718,-1,706,708,734,-1,734,708,710,-1,734,710,712,-1,700,702,734,-1,734,702,704,-1,734,704,706,-1,694,696,734,-1,734,696,698,-1,734,698,700,-1,688,690,734,-1,734,690,692,-1,734,692,694,-1,735,736,737,-1,737,736,738,-1,737,738,739,-1,739,738,740,-1,739,740,741,-1,741,740,742,-1,741,742,743,-1,743,742,744,-1,743,744,745,-1,745,744,746,-1,745,746,747,-1,747,746,748,-1,747,748,749,-1,749,748,750,-1,749,750,751,-1,751,750,752,-1,751,752,753,-1,753,752,754,-1,753,754,755,-1,755,754,756,-1,755,756,757,-1,757,756,758,-1,757,758,759,-1,759,758,760,-1,759,760,761,-1,761,760,762,-1,761,762,763,-1,763,762,764,-1,763,764,765,-1,765,764,766,-1,765,766,767,-1,767,766,768,-1,767,768,769,-1,769,768,770,-1,769,770,771,-1,771,770,772,-1,771,772,773,-1,773,772,774,-1,773,774,775,-1,775,774,776,-1,775,776,777,-1,777,776,778,-1,777,778,779,-1,779,778,780,-1,779,780,781,-1,781,780,782,-1,781,782,735,-1,735,782,736,-1,779,781,783,-1,783,781,735,-1,783,735,737,-1,773,775,783,-1,783,775,777,-1,783,777,779,-1,767,769,783,-1,783,769,771,-1,783,771,773,-1,761,763,783,-1,783,763,765,-1,783,765,767,-1,755,757,783,-1,783,757,759,-1,783,759,761,-1,749,751,783,-1,783,751,753,-1,783,753,755,-1,743,745,783,-1,783,745,747,-1,783,747,749,-1,737,739,783,-1,783,739,741,-1,783,741,743,-1,
        ]
    }
}
Shape{
    appearance Appearance {
        material  Material 	{
            diffuseColor 0.25098039215686274 0.25098039215686274 0.25098039215686274
            specularColor 0.12549019607843137 0.12549019607843137 0.12549019607843137
            ambientIntensity 0.2
            transparency 0
            shininess 0.5
        }
    }
    geometry IndexedFaceSet {
        ccw TRUE
        solid FALSE
        coord DEF co Coordinate {
            point [
                5.1575 -0.6305 -0.9843, 5.1575 -0.6305 0.0, 5.2456 -0.5316 0.0, 5.2456 -0.5316 -0.9843, 5.3548 -0.4565 0.0, 5.3548 -0.4565 -0.9843, 5.4787 -0.4096 0.0, 5.4787 -0.4096 -0.9843, 5.6102 -0.3937 0.0, 5.6102 -0.3937 -0.9843, 5.7418 -0.4096 0.0, 5.7418 -0.4096 -0.9843, 5.8657 -0.4565 0.0, 5.8657 -0.4565 -0.9843, 5.9749 -0.5316 0.0, 5.9749 -0.5316 -0.9843, 6.063 -0.6305 0.0, 6.063 -0.6305 -0.9843, 5.3756 -0.6057 -1.378, 5.3011 -0.6718 -1.378, 5.1575 -0.5411 -1.0383, 5.2447 -0.7539 -1.378, 5.215 -0.8268 -1.378, 5.1575 -0.8268 -1.2819, 5.1575 -0.765 -1.2485, 5.1575 -0.7083 -1.2076, 5.1575 -0.6233 -1.1305, 6.063 -0.8268 -1.2819, 6.0054 -0.8268 -1.378, 6.063 -0.765 -1.2485, 5.9758 -0.7539 -1.378, 6.063 -0.7083 -1.2076, 5.9742 -0.4187 -0.9843, 6.063 -0.4929 -0.9843, 6.063 -0.5449 -1.046, 6.063 -0.6226 -1.1297, 5.9194 -0.6718 -1.378, 5.8449 -0.6057 -1.378, 5.7567 -0.5593 -1.378, 5.8375 -0.3468 -0.9843, 5.66 -0.5354 -1.378, 5.6875 -0.3098 -0.9843, 5.5604 -0.5354 -1.378, 5.533 -0.3098 -0.9843, 5.4637 -0.5593 -1.378, 5.383 -0.3468 -0.9843, 5.2463 -0.4187 -0.9843, 5.1575 -0.4929 -0.9843, 5.1575 -1.3448 -1.046, 5.1575 -1.3969 -0.9843, 5.1575 -1.2592 -0.9843, 5.1575 -1.2672 -1.1297, 5.1575 -0.8426 -0.2559, 5.1575 -0.8614 -0.2314, 5.1575 -0.8308 -0.2844, 5.1575 -1.0039 -0.2127, 5.1575 -1.0284 -0.2314, 5.1575 -1.2592 0.0, 5.1575 -1.063 -1.2819, 5.1575 -1.1247 -1.2485, 5.1575 -1.1814 -1.2076, 5.1575 -0.9755 -0.2009, 5.1575 -1.0472 -0.2559, 5.1575 -1.059 -0.2844, 5.1575 -1.063 -0.315, 5.1575 -0.8268 -0.315, 5.1575 -0.8858 -0.2127, 5.1575 -0.9143 -0.2009, 5.1575 -0.9449 -0.1969, 6.063 -0.8858 -0.2127, 6.063 -0.8614 -0.2314, 6.063 -1.3969 -0.9843, 6.063 -1.3487 -1.0383, 6.063 -1.2592 -0.9843, 6.063 -1.2665 -1.1305, 6.063 -1.1814 -1.2076, 6.063 -1.059 -0.2844, 6.063 -1.0472 -0.2559, 6.063 -1.2592 0.0, 6.063 -1.0284 -0.2314, 6.063 -1.0039 -0.2127, 6.063 -0.8426 -0.2559, 6.063 -0.8308 -0.2844, 6.063 -0.8268 -0.315, 6.063 -1.1247 -1.2485, 6.063 -1.063 -1.2819, 6.063 -1.063 -0.315, 6.063 -0.9755 -0.2009, 6.063 -0.9449 -0.1969, 6.063 -0.9143 -0.2009, 6.0054 -1.063 -1.378, 5.215 -1.063 -1.378, 5.4921 -0.3051 0.0, 5.4921 -0.1841 0.0, 5.4921 -0.3051 -0.1969, 5.4921 0.4055 0.0, 5.4921 1.2697 -0.1969, 5.4921 1.0719 0.0, 5.4921 1.2697 0.0, 5.7283 1.2697 -0.1969, 5.7283 1.2697 0.0, 5.7283 1.0719 0.0, 5.7283 0.4055 0.0, 5.7283 -0.3051 -0.1969, 5.7283 -0.1841 0.0, 5.7283 -0.3051 0.0, 0.4921 -0.6988 -0.1969, 0.4921 -0.6988 0.0, 0.4921 -0.3494 0.0, 0.4921 -0.1841 0.0, 0.4921 0.4055 0.0, 0.4921 1.2697 -0.1969, 0.4921 1.0719 0.0, 0.4921 1.2697 0.0, 0.7283 1.2697 -0.1969, 0.7283 1.2697 0.0, 0.7283 -0.3494 0.0, 0.7283 -0.6988 0.0, 0.7283 -0.6988 -0.1969, 0.7283 1.0719 0.0, 0.7283 0.4055 0.0, 0.7283 -0.1841 0.0, -6.0054 -0.8268 -1.378, -5.215 -0.8268 -1.378, -6.063 -0.8268 -1.2819, -5.1575 -0.8268 -1.2819, -6.063 -0.8268 -0.315, -5.1575 -0.8268 -0.315, -5.215 -1.063 -1.378, -6.0054 -1.063 -1.378, -5.1575 -1.063 -1.2819, -6.063 -1.063 -1.2819, -5.1575 -1.063 -0.315, -6.063 -1.063 -0.315, -5.4921 1.2697 0.0, -5.4921 1.0719 0.0, -5.4921 1.2697 -0.1969, -5.4921 0.4055 0.0, -5.4921 -0.3051 -0.1969, -5.4921 -0.1841 0.0, -5.4921 -0.3051 0.0, -5.7283 -0.3051 -0.1969, -5.7283 -0.3051 0.0, -5.7283 -0.1841 0.0, -5.7283 0.4055 0.0, -5.7283 1.2697 -0.1969, -5.7283 1.0719 0.0, -5.7283 1.2697 0.0, -0.4921 -0.3494 0.0, -0.4921 -0.6988 0.0, -0.4921 -0.6988 -0.1969, -0.4921 1.2697 0.0, -0.4921 1.0719 0.0, -0.4921 1.2697 -0.1969, -0.4921 0.4055 0.0, -0.4921 -0.1841 0.0, -0.7283 -0.6988 -0.1969, -0.7283 -0.6988 0.0, -0.7283 -0.3494 0.0, -0.7283 -0.1841 0.0, -0.7283 0.4055 0.0, -0.7283 1.2697 -0.1969, -0.7283 1.0719 0.0, -0.7283 1.2697 0.0, 6.1417 1.7913 0.0, 6.1417 1.7913 2.3622, 6.2205 1.7913 0.0, 6.2205 1.7913 2.3622, 6.1417 2.9724 2.3622, 6.2205 2.9724 2.3622, 6.1417 2.9724 0.0, -6.1417 2.9724 2.3622, -6.1417 1.7913 2.3622, -6.2205 2.9724 2.3622, -6.2205 1.7913 2.3622, -6.1417 1.7913 0.0, -6.2205 1.7913 0.0, -6.1417 2.9724 0.0, -6.1417 2.9724 0.0
            ]
        }
        coordIndex [
            0,1,2,-1,0,2,3,-1,3,2,4,-1,3,4,5,-1,5,4,6,-1,5,6,7,-1,7,6,8,-1,7,8,9,-1,9,8,10,-1,9,10,11,-1,11,10,12,-1,11,12,13,-1,13,12,14,-1,13,14,15,-1,15,14,16,-1,15,16,17,-1,18,19,20,-1,21,22,23,-1,23,24,21,-1,21,24,25,-1,21,25,19,-1,19,25,26,-1,19,26,20,-1,27,28,29,-1,29,28,30,-1,29,30,31,-1,32,33,34,-1,31,30,35,-1,35,30,36,-1,35,36,34,-1,34,36,37,-1,34,37,32,-1,32,37,38,-1,32,38,39,-1,39,38,40,-1,39,40,41,-1,41,40,42,-1,41,42,43,-1,43,42,44,-1,43,44,45,-1,45,44,18,-1,45,18,46,-1,46,18,20,-1,46,20,47,-1,28,22,21,-1,36,30,18,-1,28,21,30,-1,30,21,19,-1,30,19,18,-1,40,18,42,-1,42,18,44,-1,40,38,18,-1,18,38,37,-1,18,37,36,-1,46,47,3,-1,3,47,0,-1,46,3,45,-1,45,3,5,-1,45,5,43,-1,43,5,7,-1,43,7,41,-1,17,33,15,-1,15,33,32,-1,15,32,13,-1,13,32,39,-1,13,39,11,-1,11,39,41,-1,11,41,9,-1,9,41,7,-1,48,49,50,-1,48,50,51,-1,52,53,1,-1,52,1,54,-1,55,56,57,-1,47,20,0,-1,0,20,26,-1,0,26,25,-1,58,59,50,-1,50,59,60,-1,50,60,51,-1,55,57,61,-1,56,62,57,-1,57,62,63,-1,57,63,50,-1,50,63,64,-1,50,64,58,-1,25,24,0,-1,0,24,23,-1,0,23,1,-1,1,23,65,-1,1,65,54,-1,53,66,1,-1,1,66,67,-1,1,67,57,-1,57,67,68,-1,57,68,61,-1,34,33,17,-1,34,17,35,-1,69,70,16,-1,71,72,73,-1,73,72,74,-1,73,74,75,-1,27,29,17,-1,17,29,31,-1,17,31,35,-1,76,77,78,-1,78,77,79,-1,78,79,80,-1,70,81,16,-1,16,81,82,-1,16,82,17,-1,17,82,83,-1,17,83,27,-1,75,84,73,-1,73,84,85,-1,73,85,78,-1,78,85,86,-1,78,86,76,-1,80,87,78,-1,78,87,88,-1,78,88,16,-1,16,88,89,-1,16,89,69,-1,90,91,85,-1,85,91,58,-1,85,58,86,-1,86,58,64,-1,22,28,23,-1,23,28,27,-1,23,27,65,-1,65,27,83,-1,92,93,94,-1,94,93,95,-1,94,95,96,-1,96,95,97,-1,96,97,98,-1,99,96,100,-1,100,96,98,-1,100,101,99,-1,99,101,102,-1,99,102,103,-1,103,102,104,-1,103,104,105,-1,94,103,92,-1,92,103,105,-1,99,103,96,-1,96,103,94,-1,106,107,108,-1,108,109,106,-1,106,109,110,-1,106,110,111,-1,111,110,112,-1,111,112,113,-1,114,111,115,-1,115,111,113,-1,116,117,118,-1,115,119,114,-1,114,119,120,-1,114,120,118,-1,118,120,121,-1,118,121,116,-1,106,118,107,-1,107,118,117,-1,114,118,111,-1,111,118,106,-1,122,123,124,-1,124,123,125,-1,124,125,126,-1,126,125,127,-1,128,129,130,-1,130,129,131,-1,130,131,132,-1,132,131,133,-1,134,135,136,-1,136,135,137,-1,136,137,138,-1,138,137,139,-1,138,139,140,-1,141,138,142,-1,142,138,140,-1,142,143,141,-1,141,143,144,-1,141,144,145,-1,145,144,146,-1,145,146,147,-1,136,145,134,-1,134,145,147,-1,141,145,138,-1,138,145,136,-1,148,149,150,-1,151,152,153,-1,153,152,154,-1,153,154,150,-1,150,154,155,-1,150,155,148,-1,156,150,157,-1,157,150,149,-1,156,157,158,-1,158,159,156,-1,156,159,160,-1,156,160,161,-1,161,160,162,-1,161,162,163,-1,153,161,151,-1,151,161,163,-1,156,161,150,-1,150,161,153,-1,164,165,166,-1,166,165,167,-1,165,168,167,-1,167,168,169,-1,168,165,170,-1,170,165,164,-1,171,172,173,-1,173,172,174,-1,172,175,174,-1,174,175,176,-1,172,171,175,-1,175,171,177,-1,
        ]
    }
}
Shape{
    appearance Appearance {
        material  Material 	{
            diffuseColor 1.0 1.0 1.0
            specularColor 0.5019607843137255 0.5019607843137255 0.5019607843137255
            ambientIntensity 0.2
            transparency 0
            shininess 0.5
        }
    }
    geometry IndexedFaceSet {
        ccw TRUE
        solid FALSE
        coord DEF co Coordinate {
            point [
                6.2244 -1.1901 4.3687, 6.2244 -1.1901 4.3438, 6.2205 -1.1901 4.3687, 6.2205 -1.1901 4.3438, 6.2244 -1.2771 4.3687, 6.2205 -1.2771 4.3687, 6.2244 -1.2771 4.5621, 6.2205 -1.2771 4.5621, 6.2244 -1.3053 4.5621, 6.2205 -1.3053 4.5621, 6.2244 -1.3053 4.3438, 6.2205 -1.3053 4.3438, 6.2244 -1.0782 4.3401, 6.2205 -1.0782 4.3401, 6.2205 -1.0649 4.3406, 6.2244 -1.0649 4.3406, 6.2205 -1.0525 4.3419, 6.2244 -1.0525 4.3419, 6.2205 -1.0413 4.3441, 6.2244 -1.0413 4.3441, 6.2205 -1.0312 4.347, 6.2244 -1.0312 4.347, 6.2205 -1.0222 4.3506, 6.2244 -1.0222 4.3506, 6.2205 -1.0177 4.3528, 6.2244 -1.0177 4.3528, 6.2244 -1.0177 4.3798, 6.2205 -1.0177 4.3798, 6.2205 -1.026 4.3754, 6.2244 -1.026 4.3754, 6.2205 -1.0347 4.3717, 6.2244 -1.0347 4.3717, 6.2205 -1.0439 4.3689, 6.2244 -1.0439 4.3689, 6.2205 -1.0536 4.3668, 6.2244 -1.0536 4.3668, 6.2205 -1.0639 4.3656, 6.2244 -1.0639 4.3656, 6.2205 -1.0741 4.3652, 6.2244 -1.0741 4.3652, 6.2205 -1.0836 4.3657, 6.2244 -1.0836 4.3657, 6.2205 -1.0925 4.367, 6.2244 -1.0925 4.367, 6.2205 -1.1008 4.3692, 6.2244 -1.1008 4.3692, 6.2205 -1.1084 4.3723, 6.2244 -1.1084 4.3723, 6.2205 -1.1154 4.3761, 6.2244 -1.1154 4.3761, 6.2205 -1.122 4.3807, 6.2244 -1.122 4.3807, 6.2205 -1.1281 4.3861, 6.2244 -1.1281 4.3861, 6.2205 -1.1302 4.3882, 6.2244 -1.1302 4.3882, 6.2205 -1.1355 4.3946, 6.2244 -1.1355 4.3946, 6.2205 -1.14 4.4015, 6.2244 -1.14 4.4015, 6.2205 -1.1438 4.409, 6.2244 -1.1438 4.409, 6.2205 -1.1469 4.4171, 6.2244 -1.1469 4.4171, 6.2205 -1.1492 4.4259, 6.2244 -1.1492 4.4259, 6.2205 -1.1508 4.4355, 6.2244 -1.1508 4.4355, 6.2205 -1.1515 4.4459, 6.2244 -1.1515 4.4459, 6.2205 -1.1516 4.4505, 6.2244 -1.1516 4.4505, 6.2205 -1.1512 4.4618, 6.2244 -1.1512 4.4618, 6.2205 -1.1498 4.4724, 6.2244 -1.1498 4.4724, 6.2205 -1.1476 4.482, 6.2244 -1.1476 4.482, 6.2205 -1.1446 4.4909, 6.2244 -1.1446 4.4909, 6.2205 -1.1409 4.499, 6.2244 -1.1409 4.499, 6.2205 -1.1365 4.5064, 6.2244 -1.1365 4.5064, 6.2205 -1.1313 4.5132, 6.2244 -1.1313 4.5132, 6.2205 -1.1287 4.5161, 6.2244 -1.1287 4.5161, 6.2205 -1.1224 4.5221, 6.2244 -1.1224 4.5221, 6.2205 -1.1156 4.5272, 6.2244 -1.1156 4.5272, 6.2205 -1.1085 4.5314, 6.2244 -1.1085 4.5314, 6.2205 -1.1009 4.5348, 6.2244 -1.1009 4.5348, 6.2205 -1.0929 4.5374, 6.2244 -1.0929 4.5374, 6.2205 -1.0844 4.5392, 6.2244 -1.0844 4.5392, 6.2205 -1.0752 4.5402, 6.2244 -1.0752 4.5402, 6.2205 -1.0692 4.5403, 6.2244 -1.0692 4.5403, 6.2205 -1.0587 4.5399, 6.2244 -1.0587 4.5399, 6.2205 -1.0486 4.5385, 6.2244 -1.0486 4.5385, 6.2205 -1.039 4.5362, 6.2244 -1.039 4.5362, 6.2205 -1.0298 4.5331, 6.2244 -1.0298 4.5331, 6.2205 -1.0209 4.5291, 6.2244 -1.0209 4.5291, 6.2205 -1.0177 4.5274, 6.2244 -1.0177 4.5274, 6.2244 -1.0177 4.5569, 6.2205 -1.0177 4.5569, 6.2205 -1.0262 4.56, 6.2244 -1.0262 4.56, 6.2205 -1.0355 4.5625, 6.2244 -1.0355 4.5625, 6.2205 -1.0459 4.5643, 6.2244 -1.0459 4.5643, 6.2205 -1.0577 4.5654, 6.2244 -1.0577 4.5654, 6.2205 -1.0695 4.5658, 6.2244 -1.0695 4.5658, 6.2205 -1.0809 4.5653, 6.2244 -1.0809 4.5653, 6.2205 -1.0917 4.564, 6.2244 -1.0917 4.564, 6.2205 -1.1019 4.5617, 6.2244 -1.1019 4.5617, 6.2205 -1.1115 4.5587, 6.2244 -1.1115 4.5587, 6.2205 -1.1205 4.5548, 6.2244 -1.1205 4.5548, 6.2205 -1.1291 4.5501, 6.2244 -1.1291 4.5501, 6.2205 -1.1372 4.5446, 6.2244 -1.1372 4.5446, 6.2205 -1.1448 4.5383, 6.2244 -1.1448 4.5383, 6.2205 -1.1497 4.5336, 6.2244 -1.1497 4.5336, 6.2205 -1.1563 4.5262, 6.2244 -1.1563 4.5262, 6.2205 -1.1622 4.5182, 6.2244 -1.1622 4.5182, 6.2205 -1.1673 4.5098, 6.2244 -1.1673 4.5098, 6.2205 -1.1715 4.5009, 6.2244 -1.1715 4.5009, 6.2205 -1.175 4.4914, 6.2244 -1.175 4.4914, 6.2205 -1.1778 4.4813, 6.2244 -1.1778 4.4813, 6.2205 -1.1797 4.4706, 6.2244 -1.1797 4.4706, 6.2205 -1.1809 4.4591, 6.2244 -1.1809 4.4591, 6.2205 -1.1812 4.4488, 6.2244 -1.1812 4.4488, 6.2205 -1.1807 4.4366, 6.2244 -1.1807 4.4366, 6.2205 -1.1794 4.425, 6.2244 -1.1794 4.425, 6.2205 -1.1772 4.4143, 6.2244 -1.1772 4.4143, 6.2205 -1.1741 4.4044, 6.2244 -1.1741 4.4044, 6.2205 -1.1704 4.3952, 6.2244 -1.1704 4.3952, 6.2205 -1.1659 4.3867, 6.2244 -1.1659 4.3867, 6.2205 -1.1606 4.3788, 6.2244 -1.1606 4.3788, 6.2205 -1.1549 4.3718, 6.2244 -1.1549 4.3718, 6.2205 -1.1532 4.3699, 6.2244 -1.1532 4.3699, 6.2205 -1.1464 4.3634, 6.2244 -1.1464 4.3634, 6.2205 -1.1391 4.3577, 6.2244 -1.1391 4.3577, 6.2205 -1.1314 4.3528, 6.2244 -1.1314 4.3528, 6.2205 -1.1232 4.3487, 6.2244 -1.1232 4.3487, 6.2205 -1.1145 4.3454, 6.2244 -1.1145 4.3454, 6.2205 -1.1052 4.3429, 6.2244 -1.1052 4.3429, 6.2205 -1.0952 4.3412, 6.2244 -1.0952 4.3412, 6.2205 -1.0846 4.3402, 6.2244 -1.0846 4.3402, 6.2244 -0.8566 4.3687, 6.2244 -0.8566 4.3438, 6.2205 -0.8566 4.3687, 6.2205 -0.8566 4.3438, 6.2244 -0.9459 4.3687, 6.2205 -0.9459 4.3687, 6.2244 -0.9459 4.4421, 6.2205 -0.9459 4.4421, 6.2244 -0.8678 4.4421, 6.2205 -0.8678 4.4421, 6.2244 -0.8678 4.4671, 6.2205 -0.8678 4.4671, 6.2244 -0.9459 4.4671, 6.2205 -0.9459 4.4671, 6.2244 -0.9459 4.537, 6.2205 -0.9459 4.537, 6.2244 -0.8616 4.537, 6.2205 -0.8616 4.537, 6.2244 -0.8616 4.5621, 6.2205 -0.8616 4.5621, 6.2244 -0.974 4.5621, 6.2205 -0.974 4.5621, 6.2244 -0.974 4.3438, 6.2205 -0.974 4.3438, 6.2244 -0.7149 4.3757, 6.2244 -0.6998 4.3548, 6.2244 -0.707 4.3794, 6.2244 -0.6908 4.3595, 6.2244 -0.6998 4.3838, 6.2244 -0.6823 4.3649, 6.2244 -0.6933 4.3889, 6.2244 -0.6743 4.3711, 6.2244 -0.6906 4.3914, 6.2244 -0.6706 4.3744, 6.2244 -0.6851 4.3974, 6.2244 -0.6636 4.3815, 6.2244 -0.6803 4.404, 6.2244 -0.6575 4.3891, 6.2244 -0.6763 4.4111, 6.2244 -0.6522 4.3972, 6.2244 -0.673 4.4189, 6.2244 -0.6691 4.476, 6.2244 -0.6417 4.4875, 6.2244 -0.6713 4.4851, 6.2244 -0.6448 4.4967, 6.2244 -0.6742 4.4932, 6.2244 -0.6486 4.5053, 6.2244 -0.6779 4.5004, 6.2244 -0.6533 4.5133, 6.2244 -0.6822 4.5069, 6.2244 -0.6587 4.5208, 6.2244 -0.665 4.5279, 6.2244 -0.6872 4.5127, 6.2244 -0.6706 4.5332, 6.2244 -0.6912 4.5165, 6.2244 -0.6786 4.5397, 6.2244 -0.698 4.5216, 6.2244 -0.6872 4.5453, 6.2244 -0.7053 4.5261, 6.2244 -0.6962 4.5502, 6.2244 -0.7132 4.5298, 6.2244 -0.7056 4.5542, 6.2244 -0.7217 4.5327, 6.2244 -0.7156 4.5574, 6.2244 -0.7309 4.5349, 6.2244 -0.7261 4.5598, 6.2244 -0.7409 4.5364, 6.2244 -0.7372 4.5613, 6.2244 -0.7515 4.537, 6.2244 -0.7491 4.5621, 6.2244 -0.7542 4.537, 6.2244 -0.7531 4.5621, 6.2244 -0.7872 4.537, 6.2244 -0.8154 4.5621, 6.2244 -0.7872 4.3687, 6.2244 -0.8154 4.3438, 6.2244 -0.7555 4.3687, 6.2244 -0.7553 4.3438, 6.2244 -0.744 4.3691, 6.2244 -0.7428 4.3442, 6.2244 -0.7333 4.3705, 6.2244 -0.7309 4.3456, 6.2244 -0.7237 4.3727, 6.2244 -0.7199 4.3479, 6.2244 -0.7095 4.351, 6.2244 -0.6478 4.4057, 6.2244 -0.6441 4.4147, 6.2244 -0.6704 4.4274, 6.2244 -0.6413 4.4242, 6.2244 -0.6686 4.4366, 6.2244 -0.6392 4.4344, 6.2244 -0.6675 4.4467, 6.2244 -0.638 4.4452, 6.2244 -0.6673 4.455, 6.2244 -0.6376 4.4557, 6.2244 -0.6677 4.4659, 6.2244 -0.6381 4.467, 6.2244 -0.6395 4.4776, 6.2205 -0.698 4.5216, 6.2205 -0.6786 4.5397, 6.2205 -0.6912 4.5165, 6.2205 -0.6706 4.5332, 6.2205 -0.6872 4.5127, 6.2205 -0.665 4.5279, 6.2205 -0.6822 4.5069, 6.2205 -0.6587 4.5208, 6.2205 -0.6779 4.5004, 6.2205 -0.6533 4.5133, 6.2205 -0.6742 4.4932, 6.2205 -0.6486 4.5053, 6.2205 -0.6713 4.4851, 6.2205 -0.707 4.3794, 6.2205 -0.6998 4.3548, 6.2205 -0.7149 4.3757, 6.2205 -0.7095 4.351, 6.2205 -0.7237 4.3727, 6.2205 -0.7199 4.3479, 6.2205 -0.7333 4.3705, 6.2205 -0.7309 4.3456, 6.2205 -0.744 4.3691, 6.2205 -0.7428 4.3442, 6.2205 -0.7555 4.3687, 6.2205 -0.7553 4.3438, 6.2205 -0.7872 4.3687, 6.2205 -0.8154 4.3438, 6.2205 -0.7872 4.537, 6.2205 -0.8154 4.5621, 6.2205 -0.7542 4.537, 6.2205 -0.7531 4.5621, 6.2205 -0.7515 4.537, 6.2205 -0.7491 4.5621, 6.2205 -0.7409 4.5364, 6.2205 -0.7372 4.5613, 6.2205 -0.7309 4.5349, 6.2205 -0.7261 4.5598, 6.2205 -0.7217 4.5327, 6.2205 -0.7156 4.5574, 6.2205 -0.7132 4.5298, 6.2205 -0.7056 4.5542, 6.2205 -0.7053 4.5261, 6.2205 -0.6962 4.5502, 6.2205 -0.6872 4.5453, 6.2205 -0.6704 4.4274, 6.2205 -0.6441 4.4147, 6.2205 -0.673 4.4189, 6.2205 -0.6478 4.4057, 6.2205 -0.6763 4.4111, 6.2205 -0.6522 4.3972, 6.2205 -0.6803 4.404, 6.2205 -0.6575 4.3891, 6.2205 -0.6851 4.3974, 6.2205 -0.6636 4.3815, 6.2205 -0.6906 4.3914, 6.2205 -0.6706 4.3744, 6.2205 -0.6933 4.3889, 6.2205 -0.6743 4.3711, 6.2205 -0.6998 4.3838, 6.2205 -0.6823 4.3649, 6.2205 -0.6908 4.3595, 6.2205 -0.6448 4.4967, 6.2205 -0.6417 4.4875, 6.2205 -0.6691 4.476, 6.2205 -0.6395 4.4776, 6.2205 -0.6677 4.4659, 6.2205 -0.6381 4.467, 6.2205 -0.6673 4.455, 6.2205 -0.6376 4.4557, 6.2205 -0.6675 4.4467, 6.2205 -0.638 4.4452, 6.2205 -0.6686 4.4366, 6.2205 -0.6392 4.4344, 6.2205 -0.6413 4.4242, 6.2244 -0.5645 4.4282, 6.2244 -0.5734 4.4035, 6.2244 -0.4912 4.4282, 6.2244 -0.4825 4.4035, 6.2244 -0.5318 4.5189, 6.2244 -0.5424 4.5621, 6.2244 -0.6255 4.3438, 6.2244 -0.5944 4.3438, 6.2244 -0.5299 4.5254, 6.2244 -0.5283 4.5342, 6.2244 -0.5122 4.5621, 6.2244 -0.5276 4.5342, 6.2244 -0.5258 4.525, 6.2244 -0.5242 4.5189, 6.2244 -0.4291 4.3438, 6.2244 -0.4602 4.3438, 6.2205 -0.4912 4.4282, 6.2205 -0.5242 4.5189, 6.2205 -0.5122 4.5621, 6.2205 -0.5258 4.525, 6.2205 -0.5276 4.5342, 6.2205 -0.5424 4.5621, 6.2205 -0.5283 4.5342, 6.2205 -0.5299 4.5254, 6.2205 -0.5318 4.5189, 6.2205 -0.5645 4.4282, 6.2205 -0.6255 4.3438, 6.2205 -0.4291 4.3438, 6.2205 -0.4602 4.3438, 6.2205 -0.4825 4.4035, 6.2205 -0.5944 4.3438, 6.2205 -0.5734 4.4035, 6.2244 -1.1878 4.0223, 6.2244 -1.1878 3.9974, 6.2205 -1.1878 4.0223, 6.2205 -1.1878 3.9974, 6.2244 -1.2771 4.0223, 6.2205 -1.2771 4.0223, 6.2244 -1.2771 4.0958, 6.2205 -1.2771 4.0958, 6.2244 -1.199 4.0958, 6.2205 -1.199 4.0958, 6.2244 -1.199 4.1208, 6.2205 -1.199 4.1208, 6.2244 -1.2771 4.1208, 6.2205 -1.2771 4.1208, 6.2244 -1.2771 4.1906, 6.2205 -1.2771 4.1906, 6.2244 -1.1928 4.1906, 6.2205 -1.1928 4.1906, 6.2244 -1.1928 4.2158, 6.2205 -1.1928 4.2158, 6.2244 -1.3053 4.2158, 6.2205 -1.3053 4.2158, 6.2244 -1.3053 3.9974, 6.2205 -1.3053 3.9974, 6.2244 -1.0637 3.9974, 6.2244 -1.0364 3.9974, 6.2244 -1.0637 4.0215, 6.2244 -1.0364 4.0978, 6.2244 -1.0846 4.1334, 6.2244 -1.0803 4.1318, 6.2244 -1.069 4.1536, 6.2244 -1.1333 4.0839, 6.2244 -1.1392 4.0809, 6.2244 -1.1236 4.0636, 6.2244 -1.1267 4.0612, 6.2244 -1.0636 4.1515, 6.2244 -1.0766 4.1298, 6.2244 -1.0588 4.1489, 6.2244 -1.0735 4.1272, 6.2244 -1.0544 4.1458, 6.2244 -1.1288 4.0261, 6.2244 -1.131 4.0293, 6.2244 -1.1538 4.0122, 6.2244 -1.1442 4.0776, 6.2244 -1.1485 4.074, 6.2244 -1.1292 4.0582, 6.2244 -1.1265 4.0864, 6.2244 -1.1198 4.0657, 6.2244 -1.1186 4.0885, 6.2244 -1.115 4.0676, 6.2244 -1.1099 4.0901, 6.2244 -1.0505 4.1422, 6.2244 -1.0707 4.1241, 6.2244 -1.047 4.1381, 6.2244 -1.0685 4.1204, 6.2244 -1.044 4.1333, 6.2244 -1.1494 4.0731, 6.2244 -1.1529 4.069, 6.2244 -1.1312 4.0548, 6.2244 -1.1557 4.0646, 6.2244 -1.1327 4.051, 6.2244 -1.0691 4.0377, 6.2244 -1.0645 4.0215, 6.2244 -1.072 4.0331, 6.2244 -1.0658 4.0193, 6.2244 -1.0994 4.0165, 6.2244 -1.0932 3.9967, 6.2244 -1.0941 4.0175, 6.2244 -1.0878 3.999, 6.2244 -1.0892 4.0192, 6.2244 -1.0827 4.0018, 6.2244 -1.0847 4.0214, 6.2244 -1.0637 4.0593, 6.2244 -1.0642 4.0534, 6.2244 -1.0652 4.0478, 6.2244 -1.0669 4.0426, 6.2244 -1.0414 4.1279, 6.2244 -1.0666 4.1161, 6.2244 -1.0393 4.1217, 6.2244 -1.0652 4.1111, 6.2244 -1.0377 4.1146, 6.2244 -1.126 4.0232, 6.2244 -1.1394 3.9998, 6.2244 -1.1227 4.0207, 6.2244 -1.1343 3.9975, 6.2244 -1.1189 4.0187, 6.2244 -1.1288 3.9957, 6.2244 -1.1148 4.0173, 6.2244 -1.1505 4.0082, 6.2244 -1.1483 4.006, 6.2244 -1.144 4.0026, 6.2244 -1.1336 4.037, 6.2244 -1.1603 4.0268, 6.2244 -1.1326 4.0329, 6.2244 -1.1587 4.0215, 6.2244 -1.1565 4.0166, 6.2244 -1.0637 4.0757, 6.2244 -1.0637 4.0966, 6.2244 -1.1002 4.0708, 6.2244 -1.1088 4.0692, 6.2244 -1.078 4.0052, 6.2244 -1.0737 4.0092, 6.2244 -1.0805 4.0242, 6.2244 -1.0696 4.0139, 6.2244 -1.0766 4.0277, 6.2244 -1.0754 4.0289, 6.2244 -1.0367 4.1066, 6.2244 -1.0642 4.1053, 6.2244 -1.0637 4.0985, 6.2244 -1.0637 4.0607, 6.2244 -1.1227 3.9945, 6.2244 -1.116 3.9938, 6.2244 -1.1101 4.0165, 6.2244 -1.1122 3.9938, 6.2244 -1.1051 4.0162, 6.2244 -1.1054 3.9941, 6.2244 -1.0991 3.9951, 6.2244 -1.158 4.0598, 6.2244 -1.1598 4.0545, 6.2244 -1.1336 4.0467, 6.2244 -1.161 4.0488, 6.2244 -1.1339 4.0414, 6.2244 -1.0751 4.1552, 6.2244 -1.0818 4.1563, 6.2244 -1.0897 4.1344, 6.2244 -1.0893 4.1569, 6.2244 -1.0953 4.1347, 6.2244 -1.0927 4.1569, 6.2244 -1.0981 4.1347, 6.2244 -1.1019 4.1566, 6.2244 -1.1054 4.1341, 6.2244 -1.1108 4.1556, 6.2244 -1.1125 4.1328, 6.2244 -1.1191 4.1539, 6.2244 -1.1195 4.1309, 6.2244 -1.127 4.1516, 6.2244 -1.1264 4.1283, 6.2244 -1.1345 4.1488, 6.2244 -1.1332 4.1249, 6.2244 -1.1416 4.1453, 6.2244 -1.1399 4.1207, 6.2244 -1.1464 4.1424, 6.2244 -1.1464 4.1159, 6.2244 -1.1616 4.0425, 6.2244 -1.1617 4.0392, 6.2244 -1.1613 4.0328, 6.2205 -1.1399 4.1207, 6.2205 -1.1464 4.1159, 6.2205 -1.1464 4.1424, 6.2205 -1.0766 4.1298, 6.2205 -1.0588 4.1489, 6.2205 -1.0735 4.1272, 6.2205 -1.0544 4.1458, 6.2205 -1.0707 4.1241, 6.2205 -1.0652 4.0478, 6.2205 -1.0642 4.0534, 6.2205 -1.0364 4.0978, 6.2205 -1.1288 4.0261, 6.2205 -1.1538 4.0122, 6.2205 -1.131 4.0293, 6.2205 -1.1565 4.0166, 6.2205 -1.1326 4.0329, 6.2205 -1.0505 4.1422, 6.2205 -1.047 4.1381, 6.2205 -1.0685 4.1204, 6.2205 -1.044 4.1333, 6.2205 -1.0666 4.1161, 6.2205 -1.0897 4.1344, 6.2205 -1.0818 4.1563, 6.2205 -1.0846 4.1334, 6.2205 -1.0751 4.1552, 6.2205 -1.0803 4.1318, 6.2205 -1.069 4.1536, 6.2205 -1.0636 4.1515, 6.2205 -1.0669 4.0426, 6.2205 -1.0637 4.0215, 6.2205 -1.0637 3.9974, 6.2205 -1.0364 3.9974, 6.2205 -1.1267 4.0612, 6.2205 -1.1392 4.0809, 6.2205 -1.1236 4.0636, 6.2205 -1.1333 4.0839, 6.2205 -1.1198 4.0657, 6.2205 -1.1265 4.0864, 6.2205 -1.115 4.0676, 6.2205 -1.1186 4.0885, 6.2205 -1.1088 4.0692, 6.2205 -1.1099 4.0901, 6.2205 -1.1292 4.0582, 6.2205 -1.1485 4.074, 6.2205 -1.1442 4.0776, 6.2205 -1.126 4.0232, 6.2205 -1.1483 4.006, 6.2205 -1.1505 4.0082, 6.2205 -1.1227 4.0207, 6.2205 -1.1394 3.9998, 6.2205 -1.144 4.0026, 6.2205 -1.0637 4.0757, 6.2205 -1.0367 4.1066, 6.2205 -1.0637 4.0607, 6.2205 -1.0637 4.0593, 6.2205 -1.1312 4.0548, 6.2205 -1.1529 4.069, 6.2205 -1.1494 4.0731, 6.2205 -1.0414 4.1279, 6.2205 -1.0393 4.1217, 6.2205 -1.0652 4.1111, 6.2205 -1.0377 4.1146, 6.2205 -1.0642 4.1053, 6.2205 -1.0637 4.0985, 6.2205 -1.1587 4.0215, 6.2205 -1.1603 4.0268, 6.2205 -1.1336 4.037, 6.2205 -1.0637 4.0966, 6.2205 -1.1002 4.0708, 6.2205 -1.1332 4.1249, 6.2205 -1.1416 4.1453, 6.2205 -1.1264 4.1283, 6.2205 -1.1345 4.1488, 6.2205 -1.1195 4.1309, 6.2205 -1.127 4.1516, 6.2205 -1.1125 4.1328, 6.2205 -1.1191 4.1539, 6.2205 -1.1054 4.1341, 6.2205 -1.1108 4.1556, 6.2205 -1.0981 4.1347, 6.2205 -1.1019 4.1566, 6.2205 -1.0953 4.1347, 6.2205 -1.0927 4.1569, 6.2205 -1.0893 4.1569, 6.2205 -1.1336 4.0467, 6.2205 -1.1598 4.0545, 6.2205 -1.1327 4.051, 6.2205 -1.158 4.0598, 6.2205 -1.1557 4.0646, 6.2205 -1.1613 4.0328, 6.2205 -1.1617 4.0392, 6.2205 -1.1339 4.0414, 6.2205 -1.1616 4.0425, 6.2205 -1.161 4.0488, 6.2205 -1.0658 4.0193, 6.2205 -1.0696 4.0139, 6.2205 -1.0805 4.0242, 6.2205 -1.0737 4.0092, 6.2205 -1.0847 4.0214, 6.2205 -1.078 4.0052, 6.2205 -1.0892 4.0192, 6.2205 -1.0827 4.0018, 6.2205 -1.0941 4.0175, 6.2205 -1.1101 4.0165, 6.2205 -1.116 3.9938, 6.2205 -1.1148 4.0173, 6.2205 -1.1227 3.9945, 6.2205 -1.1189 4.0187, 6.2205 -1.1288 3.9957, 6.2205 -1.1343 3.9975, 6.2205 -1.0878 3.999, 6.2205 -1.0932 3.9967, 6.2205 -1.0994 4.0165, 6.2205 -1.0991 3.9951, 6.2205 -1.1051 4.0162, 6.2205 -1.1054 3.9941, 6.2205 -1.1122 3.9938, 6.2205 -1.0766 4.0277, 6.2205 -1.0754 4.0289, 6.2205 -1.0645 4.0215, 6.2205 -1.072 4.0331, 6.2205 -1.0691 4.0377, 6.2244 -0.9543 4.0161, 6.2205 -0.9543 4.0161, 6.2205 -0.9613 4.0164, 6.2244 -0.9613 4.0164, 6.2205 -0.9682 4.0174, 6.2244 -0.9682 4.0174, 6.2205 -0.9748 4.019, 6.2244 -0.9748 4.019, 6.2205 -0.9813 4.0212, 6.2244 -0.9813 4.0212, 6.2205 -0.9877 4.0241, 6.2244 -0.9877 4.0241, 6.2205 -0.9941 4.0276, 6.2244 -0.9941 4.0276, 6.2205 -0.9993 4.0311, 6.2244 -0.9993 4.0311, 6.2244 -0.9993 4.0029, 6.2205 -0.9993 4.0029, 6.2205 -0.9928 4.0, 6.2244 -0.9928 4.0, 6.2205 -0.9858 3.9976, 6.2244 -0.9858 3.9976, 6.2205 -0.9785 3.9958, 6.2244 -0.9785 3.9958, 6.2205 -0.9707 3.9946, 6.2244 -0.9707 3.9946, 6.2205 -0.9624 3.9939, 6.2244 -0.9624 3.9939, 6.2205 -0.957 3.9938, 6.2244 -0.957 3.9938, 6.2205 -0.9483 3.9941, 6.2244 -0.9483 3.9941, 6.2205 -0.9402 3.995, 6.2244 -0.9402 3.995, 6.2205 -0.9329 3.9966, 6.2244 -0.9329 3.9966, 6.2205 -0.9261 3.9986, 6.2244 -0.9261 3.9986, 6.2205 -0.9201 4.0012, 6.2244 -0.9201 4.0012, 6.2205 -0.9145 4.0042, 6.2244 -0.9145 4.0042, 6.2205 -0.9116 4.0061, 6.2244 -0.9116 4.0061, 6.2205 -0.9072 4.0096, 6.2244 -0.9072 4.0096, 6.2205 -0.9034 4.0134, 6.2244 -0.9034 4.0134, 6.2205 -0.9004 4.0174, 6.2244 -0.9004 4.0174, 6.2205 -0.8979 4.0216, 6.2244 -0.8979 4.0216, 6.2205 -0.8961 4.0261, 6.2244 -0.8961 4.0261, 6.2205 -0.8948 4.031, 6.2244 -0.8948 4.031, 6.2205 -0.8941 4.0362, 6.2244 -0.8941 4.0362, 6.2205 -0.894 4.0399, 6.2244 -0.894 4.0399, 6.2205 -0.8943 4.0454, 6.2244 -0.8943 4.0454, 6.2205 -0.8953 4.0506, 6.2244 -0.8953 4.0506, 6.2205 -0.8968 4.0553, 6.2244 -0.8968 4.0553, 6.2205 -0.8989 4.0597, 6.2244 -0.8989 4.0597, 6.2205 -0.9015 4.0637, 6.2244 -0.9015 4.0637, 6.2205 -0.9032 4.0656, 6.2244 -0.9032 4.0656, 6.2205 -0.9066 4.069, 6.2244 -0.9066 4.069, 6.2205 -0.911 4.0724, 6.2244 -0.911 4.0724, 6.2205 -0.9166 4.0759, 6.2244 -0.9166 4.0759, 6.2205 -0.9237 4.0796, 6.2244 -0.9237 4.0796, 6.2205 -0.9324 4.0835, 6.2244 -0.9324 4.0835, 6.2205 -0.9384 4.0858, 6.2244 -0.9384 4.0858, 6.2205 -0.9503 4.0908, 6.2244 -0.9503 4.0908, 6.2205 -0.9577 4.0944, 6.2244 -0.9577 4.0944, 6.2205 -0.9625 4.0973, 6.2244 -0.9625 4.0973, 6.2205 -0.965 4.0992, 6.2244 -0.965 4.0992, 6.2205 -0.9673 4.1017, 6.2244 -0.9673 4.1017, 6.2205 -0.969 4.1044, 6.2244 -0.969 4.1044, 6.2205 -0.9702 4.1076, 6.2244 -0.9702 4.1076, 6.2205 -0.9708 4.1111, 6.2244 -0.9708 4.1111, 6.2205 -0.971 4.1137, 6.2244 -0.971 4.1137, 6.2205 -0.9707 4.1173, 6.2244 -0.9707 4.1173, 6.2205 -0.9697 4.1205, 6.2244 -0.9697 4.1205, 6.2205 -0.9682 4.1234, 6.2244 -0.9682 4.1234, 6.2205 -0.9661 4.1261, 6.2244 -0.9661 4.1261, 6.2205 -0.9634 4.1284, 6.2244 -0.9634 4.1284, 6.2205 -0.9627 4.1289, 6.2244 -0.9627 4.1289, 6.2205 -0.9591 4.1311, 6.2244 -0.9591 4.1311, 6.2205 -0.955 4.1327, 6.2244 -0.955 4.1327, 6.2205 -0.9505 4.1339, 6.2244 -0.9505 4.1339, 6.2205 -0.9453 4.1346, 6.2244 -0.9453 4.1346, 6.2205 -0.9411 4.1347, 6.2244 -0.9411 4.1347, 6.2205 -0.9338 4.1344, 6.2244 -0.9338 4.1344, 6.2205 -0.9268 4.1334, 6.2244 -0.9268 4.1334, 6.2205 -0.9201 4.1319, 6.2244 -0.9201 4.1319, 6.2205 -0.9137 4.1297, 6.2244 -0.9137 4.1297, 6.2205 -0.9076 4.127, 6.2244 -0.9076 4.127, 6.2205 -0.9015 4.1235, 6.2244 -0.9015 4.1235, 6.2244 -0.9015 4.15, 6.2205 -0.9015 4.15, 6.2205 -0.9086 4.1526, 6.2244 -0.9086 4.1526, 6.2205 -0.9159 4.1545, 6.2244 -0.9159 4.1545, 6.2205 -0.9235 4.1559, 6.2244 -0.9235 4.1559, 6.2205 -0.9315 4.1567, 6.2244 -0.9315 4.1567, 6.2205 -0.9384 4.1569, 6.2244 -0.9384 4.1569, 6.2205 -0.9465 4.1566, 6.2244 -0.9465 4.1566, 6.2205 -0.954 4.1557, 6.2244 -0.954 4.1557, 6.2205 -0.961 4.1541, 6.2244 -0.961 4.1541, 6.2205 -0.9675 4.152, 6.2244 -0.9675 4.152, 6.2205 -0.9735 4.1494, 6.2244 -0.9735 4.1494, 6.2205 -0.9791 4.1462, 6.2244 -0.9791 4.1462, 6.2205 -0.9816 4.1446, 6.2244 -0.9816 4.1446, 6.2205 -0.9861 4.1409, 6.2244 -0.9861 4.1409, 6.2205 -0.9899 4.137, 6.2244 -0.9899 4.137, 6.2205 -0.993 4.1329, 6.2244 -0.993 4.1329, 6.2205 -0.9954 4.1286, 6.2244 -0.9954 4.1286, 6.2205 -0.9972 4.1241, 6.2244 -0.9972 4.1241, 6.2205 -0.9985 4.1193, 6.2244 -0.9985 4.1193, 6.2205 -0.9991 4.1141, 6.2244 -0.9991 4.1141, 6.2205 -0.9992 4.1113, 6.2244 -0.9992 4.1113, 6.2205 -0.9988 4.1056, 6.2244 -0.9988 4.1056, 6.2205 -0.9979 4.1003, 6.2244 -0.9979 4.1003, 6.2205 -0.9963 4.0954, 6.2244 -0.9963 4.0954, 6.2205 -0.9942 4.091, 6.2244 -0.9942 4.091, 6.2205 -0.9918 4.0871, 6.2244 -0.9918 4.0871, 6.2205 -0.9914 4.0866, 6.2244 -0.9914 4.0866, 6.2205 -0.9886 4.0835, 6.2244 -0.9886 4.0835, 6.2205 -0.9849 4.0803, 6.2244 -0.9849 4.0803, 6.2205 -0.98 4.0769, 6.2244 -0.98 4.0769, 6.2205 -0.9736 4.0732, 6.2244 -0.9736 4.0732, 6.2205 -0.9654 4.0692, 6.2244 -0.9654 4.0692, 6.2205 -0.9577 4.066, 6.2244 -0.9577 4.066, 6.2205 -0.9458 4.0612, 6.2244 -0.9458 4.0612, 6.2205 -0.9379 4.0575, 6.2244 -0.9379 4.0575, 6.2205 -0.9325 4.0544, 6.2244 -0.9325 4.0544, 6.2205 -0.9291 4.052, 6.2244 -0.9291 4.052, 6.2205 -0.9264 4.0494, 6.2244 -0.9264 4.0494, 6.2205 -0.9244 4.0464, 6.2244 -0.9244 4.0464, 6.2205 -0.923 4.0433, 6.2244 -0.923 4.0433, 6.2205 -0.9223 4.04, 6.2244 -0.9223 4.04, 6.2205 -0.9221 4.0372, 6.2244 -0.9221 4.0372, 6.2205 -0.9224 4.0332, 6.2244 -0.9224 4.0332, 6.2205 -0.9233 4.0297, 6.2244 -0.9233 4.0297, 6.2205 -0.9248 4.0267, 6.2244 -0.9248 4.0267, 6.2205 -0.9268 4.0241, 6.2244 -0.9268 4.0241, 6.2205 -0.9294 4.0219, 6.2244 -0.9294 4.0219, 6.2205 -0.9326 4.02, 6.2244 -0.9326 4.02, 6.2205 -0.9365 4.0184, 6.2244 -0.9365 4.0184, 6.2205 -0.9412 4.0172, 6.2244 -0.9412 4.0172, 6.2205 -0.9468 4.0164, 6.2244 -0.9468 4.0164, 6.2244 -0.7585 4.1534, 6.2244 -0.7301 4.1534, 6.2205 -0.7585 4.1534, 6.2205 -0.7301 4.1534, 6.2244 -0.801 4.0359, 6.2205 -0.801 4.0359, 6.2205 -0.8031 4.0287, 6.2244 -0.8031 4.0287, 6.2205 -0.8044 4.0233, 6.2244 -0.8044 4.0233, 6.2244 -0.8051 4.0233, 6.2205 -0.8051 4.0233, 6.2244 -0.8085 4.0362, 6.2205 -0.8085 4.0362, 6.2244 -0.8492 4.1534, 6.2205 -0.8492 4.1534, 6.2244 -0.8798 4.1534, 6.2205 -0.8798 4.1534, 6.2244 -0.8186 3.9978, 6.2205 -0.8186 3.9978, 6.2244 -0.8306 3.9694, 6.2205 -0.8306 3.9694, 6.2205 -0.8338 3.9629, 6.2244 -0.8338 3.9629, 6.2205 -0.8371 3.9581, 6.2244 -0.8371 3.9581, 6.2205 -0.8409 3.954, 6.2244 -0.8409 3.954, 6.2205 -0.8449 3.9511, 6.2244 -0.8449 3.9511, 6.2205 -0.8493 3.949, 6.2244 -0.8493 3.949, 6.2205 -0.8539 3.9478, 6.2244 -0.8539 3.9478, 6.2205 -0.8586 3.9474, 6.2244 -0.8586 3.9474, 6.2205 -0.8645 3.9479, 6.2244 -0.8645 3.9479, 6.2205 -0.8706 3.9493, 6.2244 -0.8706 3.9493, 6.2205 -0.8741 3.9506, 6.2244 -0.8741 3.9506, 6.2244 -0.8741 3.9262, 6.2205 -0.8741 3.9262, 6.2205 -0.8677 3.9248, 6.2244 -0.8677 3.9248, 6.2205 -0.8602 3.9241, 6.2244 -0.8602 3.9241, 6.2205 -0.8565 3.924, 6.2244 -0.8565 3.924, 6.2205 -0.8498 3.9244, 6.2244 -0.8498 3.9244, 6.2205 -0.8434 3.9258, 6.2244 -0.8434 3.9258, 6.2205 -0.8374 3.928, 6.2244 -0.8374 3.928, 6.2205 -0.8317 3.9311, 6.2244 -0.8317 3.9311, 6.2205 -0.8263 3.9351, 6.2244 -0.8263 3.9351, 6.2205 -0.8209 3.9402, 6.2244 -0.8209 3.9402, 6.2205 -0.8158 3.9462, 6.2244 -0.8158 3.9462, 6.2205 -0.8109 3.9535, 6.2244 -0.8109 3.9535, 6.2205 -0.8061 3.9621, 6.2244 -0.8061 3.9621, 6.2205 -0.8016 3.9722, 6.2244 -0.8016 3.9722, 6.2205 -0.8009 3.9739, 6.2244 -0.8009 3.9739, 6.2244 -0.5832 4.0223, 6.2244 -0.5832 3.9974, 6.2205 -0.5832 4.0223, 6.2205 -0.5832 3.9974, 6.2244 -0.6725 4.0223, 6.2205 -0.6725 4.0223, 6.2244 -0.6725 4.0958, 6.2205 -0.6725 4.0958, 6.2244 -0.5944 4.0958, 6.2205 -0.5944 4.0958, 6.2244 -0.5944 4.1208, 6.2205 -0.5944 4.1208, 6.2244 -0.6725 4.1208, 6.2205 -0.6725 4.1208, 6.2244 -0.6725 4.1906, 6.2205 -0.6725 4.1906, 6.2244 -0.5882 4.1906, 6.2205 -0.5882 4.1906, 6.2244 -0.5882 4.2158, 6.2205 -0.5882 4.2158, 6.2244 -0.7006 4.2158, 6.2205 -0.7006 4.2158, 6.2244 -0.7006 3.9974, 6.2205 -0.7006 3.9974, 6.2244 -0.4415 4.0293, 6.2244 -0.4264 4.0085, 6.2244 -0.4336 4.033, 6.2244 -0.4174 4.0131, 6.2244 -0.4264 4.0374, 6.2244 -0.4089 4.0185, 6.2244 -0.4199 4.0425, 6.2244 -0.4009 4.0247, 6.2244 -0.4172 4.0451, 6.2244 -0.3972 4.028, 6.2244 -0.4117 4.0511, 6.2244 -0.3902 4.0352, 6.2244 -0.4069 4.0577, 6.2244 -0.3841 4.0428, 6.2244 -0.4029 4.0648, 6.2244 -0.3788 4.0508, 6.2244 -0.3996 4.0726, 6.2244 -0.3957 4.1297, 6.2244 -0.3683 4.1411, 6.2244 -0.3979 4.1387, 6.2244 -0.3714 4.1503, 6.2244 -0.4008 4.1468, 6.2244 -0.3752 4.1589, 6.2244 -0.4045 4.1541, 6.2244 -0.3799 4.167, 6.2244 -0.4088 4.1606, 6.2244 -0.3853 4.1745, 6.2244 -0.3916 4.1816, 6.2244 -0.4138 4.1664, 6.2244 -0.3972 4.1869, 6.2244 -0.4178 4.1701, 6.2244 -0.4052 4.1933, 6.2244 -0.4246 4.1753, 6.2244 -0.4138 4.199, 6.2244 -0.4319 4.1797, 6.2244 -0.4228 4.2038, 6.2244 -0.4398 4.1834, 6.2244 -0.4322 4.2078, 6.2244 -0.4483 4.1864, 6.2244 -0.4422 4.211, 6.2244 -0.4575 4.1886, 6.2244 -0.4527 4.2134, 6.2244 -0.4675 4.19, 6.2244 -0.4638 4.215, 6.2244 -0.4781 4.1906, 6.2244 -0.4757 4.2157, 6.2244 -0.4808 4.1906, 6.2244 -0.4797 4.2158, 6.2244 -0.5138 4.1906, 6.2244 -0.542 4.2158, 6.2244 -0.5138 4.0223, 6.2244 -0.542 3.9974, 6.2244 -0.4821 4.0223, 6.2244 -0.4819 3.9974, 6.2244 -0.4706 4.0228, 6.2244 -0.4694 3.9979, 6.2244 -0.4599 4.0242, 6.2244 -0.4575 3.9993, 6.2244 -0.4503 4.0264, 6.2244 -0.4465 4.0015, 6.2244 -0.4361 4.0046, 6.2244 -0.3744 4.0593, 6.2244 -0.3707 4.0683, 6.2244 -0.397 4.081, 6.2244 -0.3679 4.0779, 6.2244 -0.3952 4.0903, 6.2244 -0.3658 4.088, 6.2244 -0.3941 4.1003, 6.2244 -0.3646 4.0989, 6.2244 -0.3939 4.1086, 6.2244 -0.3642 4.1094, 6.2244 -0.3943 4.1196, 6.2244 -0.3647 4.1206, 6.2244 -0.3661 4.1313, 6.2205 -0.4246 4.1753, 6.2205 -0.4052 4.1933, 6.2205 -0.4178 4.1701, 6.2205 -0.3972 4.1869, 6.2205 -0.4138 4.1664, 6.2205 -0.3916 4.1816, 6.2205 -0.4088 4.1606, 6.2205 -0.3853 4.1745, 6.2205 -0.4045 4.1541, 6.2205 -0.3799 4.167, 6.2205 -0.4008 4.1468, 6.2205 -0.3752 4.1589, 6.2205 -0.3979 4.1387, 6.2205 -0.4336 4.033, 6.2205 -0.4264 4.0085, 6.2205 -0.4415 4.0293, 6.2205 -0.4361 4.0046, 6.2205 -0.4503 4.0264, 6.2205 -0.4465 4.0015, 6.2205 -0.4599 4.0242, 6.2205 -0.4575 3.9993, 6.2205 -0.4706 4.0228, 6.2205 -0.4694 3.9979, 6.2205 -0.4821 4.0223, 6.2205 -0.4819 3.9974, 6.2205 -0.5138 4.0223, 6.2205 -0.542 3.9974, 6.2205 -0.5138 4.1906, 6.2205 -0.542 4.2158, 6.2205 -0.4808 4.1906, 6.2205 -0.4797 4.2158, 6.2205 -0.4781 4.1906, 6.2205 -0.4757 4.2157, 6.2205 -0.4675 4.19, 6.2205 -0.4638 4.215, 6.2205 -0.4575 4.1886, 6.2205 -0.4527 4.2134, 6.2205 -0.4483 4.1864, 6.2205 -0.4422 4.211, 6.2205 -0.4398 4.1834, 6.2205 -0.4322 4.2078, 6.2205 -0.4319 4.1797, 6.2205 -0.4228 4.2038, 6.2205 -0.4138 4.199, 6.2205 -0.397 4.081, 6.2205 -0.3707 4.0683, 6.2205 -0.3996 4.0726, 6.2205 -0.3744 4.0593, 6.2205 -0.4029 4.0648, 6.2205 -0.3788 4.0508, 6.2205 -0.4069 4.0577, 6.2205 -0.3841 4.0428, 6.2205 -0.4117 4.0511, 6.2205 -0.3902 4.0352, 6.2205 -0.4172 4.0451, 6.2205 -0.3972 4.028, 6.2205 -0.4199 4.0425, 6.2205 -0.4009 4.0247, 6.2205 -0.4264 4.0374, 6.2205 -0.4089 4.0185, 6.2205 -0.4174 4.0131, 6.2205 -0.3714 4.1503, 6.2205 -0.3683 4.1411, 6.2205 -0.3957 4.1297, 6.2205 -0.3661 4.1313, 6.2205 -0.3943 4.1196, 6.2205 -0.3647 4.1206, 6.2205 -0.3939 4.1086, 6.2205 -0.3642 4.1094, 6.2205 -0.3941 4.1003, 6.2205 -0.3646 4.0989, 6.2205 -0.3952 4.0903, 6.2205 -0.3658 4.088, 6.2205 -0.3679 4.0779, 6.2244 -0.2911 4.0818, 6.2244 -0.3 4.0572, 6.2244 -0.2178 4.0818, 6.2244 -0.2091 4.0572, 6.2244 -0.2584 4.1726, 6.2244 -0.269 4.2158, 6.2244 -0.3521 3.9974, 6.2244 -0.321 3.9974, 6.2244 -0.2565 4.1791, 6.2244 -0.2548 4.1879, 6.2244 -0.2388 4.2158, 6.2244 -0.2542 4.1879, 6.2244 -0.2524 4.1786, 6.2244 -0.2508 4.1726, 6.2244 -0.1557 3.9974, 6.2244 -0.1868 3.9974, 6.2205 -0.2178 4.0818, 6.2205 -0.2508 4.1726, 6.2205 -0.2388 4.2158, 6.2205 -0.2524 4.1786, 6.2205 -0.2542 4.1879, 6.2205 -0.269 4.2158, 6.2205 -0.2548 4.1879, 6.2205 -0.2565 4.1791, 6.2205 -0.2584 4.1726, 6.2205 -0.2911 4.0818, 6.2205 -0.3521 3.9974, 6.2205 -0.1557 3.9974, 6.2205 -0.1868 3.9974, 6.2205 -0.2091 4.0572, 6.2205 -0.321 3.9974, 6.2205 -0.3 4.0572, 6.2244 -2.2463 3.9379, 6.2244 -2.2293 3.9237, 6.2244 -2.2835 4.1038, 6.2244 -2.1503 4.3846, 6.2244 -2.1391 4.3785, 6.2244 -2.1872 4.4918, 6.2244 -2.0484 4.494, 6.2244 -2.022 4.5082, 6.2244 -2.0704 4.589, 6.2244 -1.7397 4.4142, 6.2244 -1.7269 4.3869, 6.2244 -1.6377 4.4173, 6.2244 -1.718 4.358, 6.2244 -1.7138 4.3335, 6.2244 -2.1286 4.1075, 6.2244 -2.114 4.1029, 6.2244 -2.0815 4.1959, 6.2244 -1.6549 4.1001, 6.2244 -1.6764 4.0935, 6.2244 -1.6535 4.0012, 6.2244 -2.285 3.9998, 6.2244 -2.2755 3.9771, 6.2244 -2.2626 3.9564, 6.2244 -1.765 4.1798, 6.2244 -1.8131 4.2621, 6.2244 -1.9823 4.065, 6.2244 -2.0211 4.1535, 6.2244 -1.9823 4.0495, 6.2244 -2.0663 3.9117, 6.2244 -1.9836 4.0296, 6.2244 -2.0453 3.9248, 6.2244 -2.0279 3.9398, 6.2244 -2.153 3.989, 6.2244 -2.159 3.8957, 6.2244 -2.1391 3.9874, 6.2244 -2.1375 3.8942, 6.2244 -2.1243 3.9892, 6.2244 -2.1797 4.003, 6.2244 -2.1673 3.9944, 6.2244 -2.2077 3.9107, 6.2244 -2.184 3.9012, 6.2244 -2.0834 4.0718, 6.2244 -2.0793 4.0576, 6.2244 -2.0788 4.0426, 6.2244 -2.0821 4.0276, 6.2244 -2.089 4.014, 6.2244 -2.2662 4.3952, 6.2244 -2.2861 4.4869, 6.2244 -2.3163 4.4769, 6.2244 -1.6827 3.9967, 6.2244 -1.6921 4.0914, 6.2244 -1.7743 3.9967, 6.2244 -1.7619 4.0914, 6.2244 -1.7821 3.9978, 6.2244 -2.0374 4.6028, 6.2244 -1.9938 4.5186, 6.2244 -2.0034 4.6127, 6.2244 -2.3059 4.1163, 6.2244 -2.3322 4.0169, 6.2244 -2.3026 4.005, 6.2244 -2.2899 4.3858, 6.2244 -2.3453 4.463, 6.2244 -2.3117 4.3726, 6.2244 -2.3724 4.4455, 6.2244 -2.331 4.3562, 6.2244 -2.0115 3.9592, 6.2244 -1.9984 3.981, 6.2244 -1.989 4.0046, 6.2244 -2.1993 4.0416, 6.2244 -2.196 4.0272, 6.2244 -2.1895 4.0143, 6.2244 -2.0589 4.185, 6.2244 -2.1011 4.095, 6.2244 -2.0387 4.1708, 6.2244 -1.5854 4.2473, 6.2244 -1.5032 4.2982, 6.2244 -1.5939 4.2681, 6.2244 -1.5172 4.3241, 6.2244 -1.606 4.287, 6.2244 -1.5349 4.3484, 6.2244 -1.6214 4.3033, 6.2244 -1.5559 4.3702, 6.2244 -1.6391 4.3162, 6.2244 -2.3434 4.151, 6.2244 -2.4092 4.0743, 6.2244 -2.3259 4.1321, 6.2244 -2.3856 4.0516, 6.2244 -2.3599 4.0324, 6.2244 -2.2549 4.4929, 6.2244 -2.2413 4.4005, 6.2244 -2.2229 4.4949, 6.2244 -2.2214 4.4018, 6.2244 -2.2051 4.494, 6.2244 -2.1972 4.3998, 6.2244 -2.1736 4.3941, 6.2244 -2.199 4.0567, 6.2244 -2.1949 4.0715, 6.2244 -2.2765 4.1197, 6.2244 -2.1872 4.0846, 6.2244 -2.1391 4.1084, 6.2244 -2.1623 4.2042, 6.2244 -2.1537 4.1066, 6.2244 -2.1858 4.1984, 6.2244 -2.1673 4.1014, 6.2244 -2.1058 4.203, 6.2244 -2.1295 4.206, 6.2244 -2.1375 4.2062, 6.2244 -2.0989 4.0027, 6.2244 -2.1107 3.9944, 6.2244 -2.0889 3.9021, 6.2244 -2.1126 3.8962, 6.2244 -1.6254 4.0097, 6.2244 -1.5986 4.0219, 6.2244 -1.6351 4.1105, 6.2244 -1.5735 4.0379, 6.2244 -1.6177 4.1243, 6.2244 -1.5504 4.0574, 6.2244 -1.6106 4.1317, 6.2244 -1.5415 4.0665, 6.2244 -1.5976 4.1495, 6.2244 -2.1021 4.5714, 6.2244 -2.1189 4.5601, 6.2244 -2.0725 4.4763, 6.2244 -2.1436 4.5403, 6.2244 -2.0941 4.4555, 6.2244 -2.166 4.5175, 6.2244 -2.1125 4.432, 6.2244 -2.1275 4.4063, 6.2244 -1.6513 4.4485, 6.2244 -1.6685 4.4781, 6.2244 -1.7562 4.4396, 6.2244 -1.6896 4.5065, 6.2244 -1.7759 4.4624, 6.2244 -2.3741 4.2187, 6.2244 -2.4663 4.1805, 6.2244 -2.3674 4.1941, 6.2244 -2.4563 4.15, 6.2244 -2.3567 4.1708, 6.2244 -2.4424 4.1209, 6.2244 -2.4249 4.0936, 6.2244 -2.0907 4.0842, 6.2244 -1.5823 4.1902, 6.2244 -1.4845 4.2004, 6.2244 -1.5803 4.2124, 6.2244 -1.4841 4.214, 6.2244 -1.581 4.2251, 6.2244 -1.4866 4.243, 6.2244 -1.4929 4.271, 6.2244 -1.523 4.0896, 6.2244 -1.5079 4.1148, 6.2244 -1.5881 4.1691, 6.2244 -1.4963 4.1419, 6.2244 -1.4884 4.1707, 6.2244 -2.2084 4.1888, 6.2244 -2.2274 4.1771, 6.2244 -2.1795 4.0929, 6.2244 -2.2466 4.1609, 6.2244 -2.2632 4.1415, 6.2244 -1.7695 4.0928, 6.2244 -1.8072 4.0132, 6.2244 -1.8026 4.0086, 6.2244 -1.9327 4.6207, 6.2244 -1.9311 4.5275, 6.2244 -1.9218 4.6205, 6.2244 -1.9015 4.5255, 6.2244 -2.3592 4.3178, 6.2244 -2.4543 4.342, 6.2244 -2.3687 4.2952, 6.2244 -2.465 4.3118, 6.2244 -2.3746 4.2715, 6.2244 -2.4717 4.2803, 6.2244 -2.3766 4.2466, 6.2244 -2.4743 4.25, 6.2244 -2.3765 4.2421, 6.2244 -2.4744 4.2435, 6.2244 -2.4723 4.2117, 6.2244 -1.7014 4.3335, 6.2244 -1.6794 4.3315, 6.2244 -1.6318 4.4154, 6.2244 -1.6586 4.3257, 6.2244 -1.6059 4.4044, 6.2244 -1.5797 4.389, 6.2244 -1.8193 4.0448, 6.2244 -1.8179 4.0336, 6.2244 -1.8139 4.023, 6.2244 -1.7648 4.0917, 6.2244 -1.7924 4.0016, 6.2244 -1.9686 4.6187, 6.2244 -1.9642 4.5251, 6.2244 -1.9357 4.5275, 6.2244 -1.7828 4.0915, 6.2244 -1.7935 4.0874, 6.2244 -1.8191 4.0495, 6.2244 -1.8031 4.0807, 6.2244 -1.8107 4.0722, 6.2244 -1.8164 4.0614, 6.2244 -2.396 4.4257, 6.2244 -2.4014 4.4204, 6.2244 -2.346 4.3389, 6.2244 -2.4224 4.3966, 6.2244 -2.44 4.3704, 6.2244 -1.7712 4.0929, 6.2244 -1.7144 4.5332, 6.2244 -1.7216 4.54, 6.2244 -1.795 4.4796, 6.2244 -1.7511 4.5629, 6.2244 -1.8194 4.4965, 6.2244 -1.7827 4.5823, 6.2244 -1.8455 4.51, 6.2244 -1.816 4.5979, 6.2244 -1.873 4.5196, 6.2244 -1.8506 4.6096, 6.2244 -1.886 4.6171, 6.2205 -1.8131 4.2621, 6.2205 -1.765 4.1798, 6.2205 -2.0211 4.1535, 6.2205 -1.9823 4.065, 6.2205 -2.0663 3.9117, 6.2205 -1.9823 4.0495, 6.2205 -1.9836 4.0296, 6.2205 -2.0453 3.9248, 6.2205 -2.0279 3.9398, 6.2205 -2.1537 4.1066, 6.2205 -2.1673 4.1014, 6.2205 -2.2835 4.1038, 6.2205 -2.1795 4.0929, 6.2205 -2.022 4.5082, 6.2205 -2.0484 4.494, 6.2205 -2.1021 4.5714, 6.2205 -2.2463 3.9379, 6.2205 -2.2626 3.9564, 6.2205 -2.1949 4.0715, 6.2205 -2.2755 3.9771, 6.2205 -2.285 3.9998, 6.2205 -2.089 4.014, 6.2205 -2.0821 4.0276, 6.2205 -2.0788 4.0426, 6.2205 -2.0793 4.0576, 6.2205 -2.3674 4.1941, 6.2205 -2.3567 4.1708, 6.2205 -2.4424 4.1209, 6.2205 -1.989 4.0046, 6.2205 -1.9984 3.981, 6.2205 -2.0115 3.9592, 6.2205 -2.1391 3.9874, 6.2205 -2.1243 3.9892, 6.2205 -2.1126 3.8962, 6.2205 -2.2899 4.3858, 6.2205 -2.3163 4.4769, 6.2205 -2.2662 4.3952, 6.2205 -2.2861 4.4869, 6.2205 -2.2413 4.4005, 6.2205 -2.2549 4.4929, 6.2205 -2.2214 4.4018, 6.2205 -2.4249 4.0936, 6.2205 -2.3434 4.151, 6.2205 -2.4092 4.0743, 6.2205 -2.3259 4.1321, 6.2205 -2.3856 4.0516, 6.2205 -2.3599 4.0324, 6.2205 -2.3059 4.1163, 6.2205 -2.3322 4.0169, 6.2205 -2.3026 4.005, 6.2205 -2.1872 4.0846, 6.2205 -1.7562 4.4396, 6.2205 -1.6685 4.4781, 6.2205 -1.7397 4.4142, 6.2205 -1.6513 4.4485, 6.2205 -1.7269 4.3869, 6.2205 -1.6377 4.4173, 6.2205 -1.718 4.358, 6.2205 -2.1189 4.5601, 6.2205 -2.0725 4.4763, 6.2205 -2.1436 4.5403, 6.2205 -1.6586 4.3257, 6.2205 -1.6794 4.3315, 6.2205 -2.199 4.0567, 6.2205 -2.1993 4.0416, 6.2205 -2.196 4.0272, 6.2205 -2.166 4.5175, 6.2205 -2.0941 4.4555, 6.2205 -2.1872 4.4918, 6.2205 -2.1125 4.432, 6.2205 -2.1275 4.4063, 6.2205 -1.5881 4.1691, 6.2205 -1.5079 4.1148, 6.2205 -1.5976 4.1495, 6.2205 -1.523 4.0896, 6.2205 -1.6106 4.1317, 6.2205 -1.5415 4.0665, 6.2205 -1.6177 4.1243, 6.2205 -1.5504 4.0574, 6.2205 -1.6351 4.1105, 6.2205 -1.5939 4.2681, 6.2205 -1.5032 4.2982, 6.2205 -1.5854 4.2473, 6.2205 -1.4929 4.271, 6.2205 -1.581 4.2251, 6.2205 -1.4866 4.243, 6.2205 -1.5803 4.2124, 6.2205 -1.7014 4.3335, 6.2205 -1.7138 4.3335, 6.2205 -2.1673 3.9944, 6.2205 -2.2293 3.9237, 6.2205 -2.1797 4.003, 6.2205 -2.1895 4.0143, 6.2205 -2.1391 4.1084, 6.2205 -2.1295 4.206, 6.2205 -2.1286 4.1075, 6.2205 -2.1058 4.203, 6.2205 -2.114 4.1029, 6.2205 -2.2229 4.4949, 6.2205 -2.2051 4.494, 6.2205 -2.1972 4.3998, 6.2205 -2.1736 4.3941, 6.2205 -2.0889 3.9021, 6.2205 -2.1107 3.9944, 6.2205 -2.0989 4.0027, 6.2205 -2.0815 4.1959, 6.2205 -2.0589 4.185, 6.2205 -2.1011 4.095, 6.2205 -2.0387 4.1708, 6.2205 -2.0907 4.0842, 6.2205 -2.0834 4.0718, 6.2205 -2.2084 4.1888, 6.2205 -2.1858 4.1984, 6.2205 -2.1503 4.3846, 6.2205 -2.1391 4.3785, 6.2205 -1.8026 4.0086, 6.2205 -1.8072 4.0132, 6.2205 -1.7695 4.0928, 6.2205 -1.8139 4.023, 6.2205 -1.4841 4.214, 6.2205 -1.4845 4.2004, 6.2205 -1.5823 4.1902, 6.2205 -1.4884 4.1707, 6.2205 -1.4963 4.1419, 6.2205 -1.6318 4.4154, 6.2205 -1.6059 4.4044, 6.2205 -1.6391 4.3162, 6.2205 -1.5797 4.389, 6.2205 -1.6214 4.3033, 6.2205 -1.5559 4.3702, 6.2205 -1.606 4.287, 6.2205 -1.5349 4.3484, 6.2205 -1.5172 4.3241, 6.2205 -2.1375 3.8942, 6.2205 -2.159 3.8957, 6.2205 -2.153 3.989, 6.2205 -2.184 3.9012, 6.2205 -2.2077 3.9107, 6.2205 -2.2632 4.1415, 6.2205 -2.2466 4.1609, 6.2205 -2.2274 4.1771, 6.2205 -2.1623 4.2042, 6.2205 -2.1375 4.2062, 6.2205 -2.3687 4.2952, 6.2205 -2.4543 4.342, 6.2205 -2.3592 4.3178, 6.2205 -2.44 4.3704, 6.2205 -2.346 4.3389, 6.2205 -2.4563 4.15, 6.2205 -2.4663 4.1805, 6.2205 -2.3741 4.2187, 6.2205 -2.4723 4.2117, 6.2205 -2.3765 4.2421, 6.2205 -2.4744 4.2435, 6.2205 -2.3766 4.2466, 6.2205 -2.4743 4.25, 6.2205 -2.3746 4.2715, 6.2205 -2.4717 4.2803, 6.2205 -2.465 4.3118, 6.2205 -1.5735 4.0379, 6.2205 -1.5986 4.0219, 6.2205 -1.6549 4.1001, 6.2205 -1.6254 4.0097, 6.2205 -1.6764 4.0935, 6.2205 -1.6535 4.0012, 6.2205 -1.6921 4.0914, 6.2205 -1.6827 3.9967, 6.2205 -1.7619 4.0914, 6.2205 -1.7743 3.9967, 6.2205 -1.7648 4.0917, 6.2205 -1.7821 3.9978, 6.2205 -1.7924 4.0016, 6.2205 -1.8179 4.0336, 6.2205 -1.8193 4.0448, 6.2205 -1.8191 4.0495, 6.2205 -2.2765 4.1197, 6.2205 -2.4224 4.3966, 6.2205 -2.4014 4.4204, 6.2205 -2.331 4.3562, 6.2205 -2.396 4.4257, 6.2205 -2.3117 4.3726, 6.2205 -2.3724 4.4455, 6.2205 -2.3453 4.463, 6.2205 -1.8164 4.0614, 6.2205 -1.8107 4.0722, 6.2205 -1.8031 4.0807, 6.2205 -1.7935 4.0874, 6.2205 -1.795 4.4796, 6.2205 -1.7216 4.54, 6.2205 -1.7759 4.4624, 6.2205 -1.7144 4.5332, 6.2205 -1.6896 4.5065, 6.2205 -2.0704 4.589, 6.2205 -2.0374 4.6028, 6.2205 -1.9938 4.5186, 6.2205 -2.0034 4.6127, 6.2205 -1.9642 4.5251, 6.2205 -1.9686 4.6187, 6.2205 -1.9357 4.5275, 6.2205 -1.9327 4.6207, 6.2205 -1.9311 4.5275, 6.2205 -1.9218 4.6205, 6.2205 -1.9015 4.5255, 6.2205 -1.886 4.6171, 6.2205 -1.873 4.5196, 6.2205 -1.8506 4.6096, 6.2205 -1.8455 4.51, 6.2205 -1.816 4.5979, 6.2205 -1.8194 4.4965, 6.2205 -1.7827 4.5823, 6.2205 -1.7511 4.5629, 6.2205 -1.7828 4.0915, 6.2205 -1.7712 4.0929, 6.2205 -1.7712 4.0929
            ]
        }
        coordIndex [
            0,1,2,-1,2,1,3,-1,4,0,5,-1,5,0,2,-1,6,4,7,-1,7,4,5,-1,8,6,9,-1,9,6,7,-1,10,8,11,-1,11,8,9,-1,1,10,3,-1,3,10,11,-1,6,8,4,-1,4,8,10,-1,4,10,0,-1,0,10,1,-1,2,3,5,-1,5,3,11,-1,5,11,7,-1,7,11,9,-1,12,13,14,-1,12,14,15,-1,15,14,16,-1,15,16,17,-1,17,16,18,-1,17,18,19,-1,19,18,20,-1,19,20,21,-1,21,20,22,-1,21,22,23,-1,23,22,24,-1,23,24,25,-1,26,25,27,-1,27,25,24,-1,26,27,28,-1,26,28,29,-1,29,28,30,-1,29,30,31,-1,31,30,32,-1,31,32,33,-1,33,32,34,-1,33,34,35,-1,35,34,36,-1,35,36,37,-1,37,36,38,-1,37,38,39,-1,39,38,40,-1,39,40,41,-1,41,40,42,-1,41,42,43,-1,43,42,44,-1,43,44,45,-1,45,44,46,-1,45,46,47,-1,47,46,48,-1,47,48,49,-1,49,48,50,-1,49,50,51,-1,51,50,52,-1,51,52,53,-1,53,52,54,-1,53,54,55,-1,55,54,56,-1,55,56,57,-1,57,56,58,-1,57,58,59,-1,59,58,60,-1,59,60,61,-1,61,60,62,-1,61,62,63,-1,63,62,64,-1,63,64,65,-1,65,64,66,-1,65,66,67,-1,67,66,68,-1,67,68,69,-1,69,68,70,-1,69,70,71,-1,71,70,72,-1,71,72,73,-1,73,72,74,-1,73,74,75,-1,75,74,76,-1,75,76,77,-1,77,76,78,-1,77,78,79,-1,79,78,80,-1,79,80,81,-1,81,80,82,-1,81,82,83,-1,83,82,84,-1,83,84,85,-1,85,84,86,-1,85,86,87,-1,87,86,88,-1,87,88,89,-1,89,88,90,-1,89,90,91,-1,91,90,92,-1,91,92,93,-1,93,92,94,-1,93,94,95,-1,95,94,96,-1,95,96,97,-1,97,96,98,-1,97,98,99,-1,99,98,100,-1,99,100,101,-1,101,100,102,-1,101,102,103,-1,103,102,104,-1,103,104,105,-1,105,104,106,-1,105,106,107,-1,107,106,108,-1,107,108,109,-1,109,108,110,-1,109,110,111,-1,111,110,112,-1,111,112,113,-1,113,112,114,-1,113,114,115,-1,116,115,117,-1,117,115,114,-1,116,117,118,-1,116,118,119,-1,119,118,120,-1,119,120,121,-1,121,120,122,-1,121,122,123,-1,123,122,124,-1,123,124,125,-1,125,124,126,-1,125,126,127,-1,127,126,128,-1,127,128,129,-1,129,128,130,-1,129,130,131,-1,131,130,132,-1,131,132,133,-1,133,132,134,-1,133,134,135,-1,135,134,136,-1,135,136,137,-1,137,136,138,-1,137,138,139,-1,139,138,140,-1,139,140,141,-1,141,140,142,-1,141,142,143,-1,143,142,144,-1,143,144,145,-1,145,144,146,-1,145,146,147,-1,147,146,148,-1,147,148,149,-1,149,148,150,-1,149,150,151,-1,151,150,152,-1,151,152,153,-1,153,152,154,-1,153,154,155,-1,155,154,156,-1,155,156,157,-1,157,156,158,-1,157,158,159,-1,159,158,160,-1,159,160,161,-1,161,160,162,-1,161,162,163,-1,163,162,164,-1,163,164,165,-1,165,164,166,-1,165,166,167,-1,167,166,168,-1,167,168,169,-1,169,168,170,-1,169,170,171,-1,171,170,172,-1,171,172,173,-1,173,172,174,-1,173,174,175,-1,175,174,176,-1,175,176,177,-1,177,176,178,-1,177,178,179,-1,179,178,180,-1,179,180,181,-1,181,180,182,-1,181,182,183,-1,183,182,184,-1,183,184,185,-1,185,184,186,-1,185,186,187,-1,187,186,188,-1,187,188,189,-1,189,188,190,-1,189,190,191,-1,191,190,192,-1,191,192,193,-1,193,192,194,-1,193,194,195,-1,195,194,196,-1,195,196,197,-1,197,196,13,-1,197,13,12,-1,113,115,116,-1,57,177,179,-1,57,179,55,-1,55,179,181,-1,55,181,53,-1,53,181,183,-1,53,183,51,-1,51,183,185,-1,51,185,49,-1,49,185,187,-1,49,187,47,-1,33,21,31,-1,31,21,23,-1,31,23,29,-1,29,23,25,-1,29,25,26,-1,187,189,47,-1,47,189,191,-1,47,191,45,-1,45,191,193,-1,45,193,43,-1,43,193,195,-1,43,195,41,-1,41,195,197,-1,41,197,39,-1,39,197,12,-1,39,12,37,-1,37,12,15,-1,37,15,35,-1,35,15,17,-1,35,17,33,-1,33,17,19,-1,33,19,21,-1,89,143,87,-1,87,143,145,-1,87,145,85,-1,85,145,147,-1,85,147,83,-1,83,147,149,-1,83,149,81,-1,81,149,151,-1,81,151,79,-1,79,151,153,-1,79,153,77,-1,77,153,155,-1,77,155,75,-1,113,116,111,-1,111,116,119,-1,111,119,109,-1,109,119,121,-1,109,121,107,-1,107,121,123,-1,107,123,105,-1,105,123,125,-1,105,125,103,-1,103,125,127,-1,103,127,101,-1,101,127,129,-1,101,129,99,-1,99,129,131,-1,99,131,97,-1,97,131,133,-1,97,133,95,-1,95,133,135,-1,95,135,93,-1,93,135,137,-1,93,137,91,-1,91,137,139,-1,91,139,89,-1,89,139,141,-1,89,141,143,-1,177,57,175,-1,175,57,59,-1,175,59,173,-1,173,59,61,-1,173,61,171,-1,171,61,63,-1,171,63,169,-1,169,63,65,-1,169,65,167,-1,167,65,165,-1,165,65,67,-1,165,67,163,-1,155,157,75,-1,75,157,159,-1,75,159,73,-1,73,159,161,-1,73,161,71,-1,71,161,163,-1,71,163,69,-1,69,163,67,-1,28,27,24,-1,28,24,30,-1,44,190,46,-1,46,190,188,-1,46,188,48,-1,48,188,186,-1,48,186,50,-1,50,186,184,-1,50,184,52,-1,52,184,182,-1,52,182,54,-1,114,112,117,-1,117,112,110,-1,117,110,118,-1,118,110,108,-1,182,180,54,-1,54,180,178,-1,54,178,56,-1,56,178,176,-1,56,176,58,-1,58,176,174,-1,58,174,60,-1,60,174,172,-1,60,172,62,-1,24,22,30,-1,30,22,20,-1,30,20,32,-1,32,20,18,-1,32,18,34,-1,34,18,16,-1,34,16,36,-1,36,16,14,-1,36,14,38,-1,38,14,13,-1,38,13,40,-1,40,13,196,-1,40,196,42,-1,42,196,194,-1,42,194,44,-1,44,194,192,-1,44,192,190,-1,82,146,84,-1,84,146,144,-1,84,144,86,-1,86,144,142,-1,86,142,88,-1,88,142,140,-1,88,140,90,-1,90,140,138,-1,90,138,92,-1,92,138,136,-1,92,136,94,-1,94,136,134,-1,94,134,96,-1,96,134,132,-1,96,132,98,-1,98,132,130,-1,98,130,100,-1,100,130,128,-1,100,128,102,-1,102,128,126,-1,102,126,104,-1,104,126,124,-1,104,124,106,-1,106,124,122,-1,106,122,108,-1,108,122,120,-1,108,120,118,-1,162,160,72,-1,72,160,158,-1,72,158,74,-1,74,158,156,-1,74,156,76,-1,76,156,154,-1,76,154,78,-1,78,154,152,-1,78,152,80,-1,80,152,150,-1,80,150,82,-1,82,150,148,-1,82,148,146,-1,172,170,62,-1,62,170,168,-1,62,168,64,-1,64,168,166,-1,64,166,66,-1,66,166,164,-1,66,164,68,-1,68,164,162,-1,68,162,70,-1,70,162,72,-1,198,199,200,-1,200,199,201,-1,202,198,203,-1,203,198,200,-1,204,202,205,-1,205,202,203,-1,206,204,207,-1,207,204,205,-1,208,206,209,-1,209,206,207,-1,210,208,211,-1,211,208,209,-1,212,210,213,-1,213,210,211,-1,214,212,215,-1,215,212,213,-1,216,214,217,-1,217,214,215,-1,218,216,219,-1,219,216,217,-1,220,218,221,-1,221,218,219,-1,199,220,201,-1,201,220,221,-1,220,199,198,-1,198,202,220,-1,220,202,204,-1,220,204,218,-1,214,216,212,-1,212,216,218,-1,212,218,210,-1,210,218,204,-1,210,204,208,-1,208,204,206,-1,217,215,219,-1,219,215,213,-1,209,207,211,-1,211,207,205,-1,200,201,203,-1,203,201,221,-1,203,221,205,-1,205,221,219,-1,205,219,211,-1,211,219,213,-1,222,223,224,-1,224,223,225,-1,224,225,226,-1,226,225,227,-1,226,227,228,-1,228,227,229,-1,228,229,230,-1,230,229,231,-1,230,231,232,-1,232,231,233,-1,232,233,234,-1,234,233,235,-1,234,235,236,-1,236,235,237,-1,236,237,238,-1,239,240,241,-1,241,240,242,-1,241,242,243,-1,243,242,244,-1,243,244,245,-1,245,244,246,-1,245,246,247,-1,246,248,247,-1,247,248,249,-1,247,249,250,-1,250,249,251,-1,250,251,252,-1,252,251,253,-1,252,253,254,-1,254,253,255,-1,254,255,256,-1,256,255,257,-1,256,257,258,-1,258,257,259,-1,258,259,260,-1,260,259,261,-1,260,261,262,-1,262,261,263,-1,262,263,264,-1,264,263,265,-1,264,265,266,-1,266,265,267,-1,266,267,268,-1,268,267,269,-1,268,269,270,-1,270,269,271,-1,270,271,272,-1,272,271,273,-1,272,273,274,-1,274,273,275,-1,274,275,276,-1,276,275,277,-1,276,277,278,-1,278,277,279,-1,278,279,280,-1,280,279,281,-1,280,281,222,-1,222,281,282,-1,222,282,223,-1,237,283,238,-1,238,283,284,-1,238,284,285,-1,285,284,286,-1,285,286,287,-1,287,286,288,-1,287,288,289,-1,289,288,290,-1,289,290,291,-1,291,290,292,-1,291,292,293,-1,293,292,294,-1,293,294,239,-1,239,294,295,-1,239,295,240,-1,296,297,298,-1,298,297,299,-1,298,299,300,-1,300,299,301,-1,300,301,302,-1,302,301,303,-1,302,303,304,-1,304,303,305,-1,304,305,306,-1,306,305,307,-1,306,307,308,-1,309,310,311,-1,311,310,312,-1,311,312,313,-1,313,312,314,-1,313,314,315,-1,315,314,316,-1,315,316,317,-1,317,316,318,-1,317,318,319,-1,319,318,320,-1,319,320,321,-1,321,320,322,-1,321,322,323,-1,323,322,324,-1,323,324,325,-1,325,324,326,-1,325,326,327,-1,327,326,328,-1,327,328,329,-1,329,328,330,-1,329,330,331,-1,331,330,332,-1,331,332,333,-1,333,332,334,-1,333,334,335,-1,335,334,336,-1,335,336,337,-1,337,336,338,-1,337,338,296,-1,296,338,339,-1,296,339,297,-1,340,341,342,-1,342,341,343,-1,342,343,344,-1,344,343,345,-1,344,345,346,-1,346,345,347,-1,346,347,348,-1,348,347,349,-1,348,349,350,-1,350,349,351,-1,350,351,352,-1,352,351,353,-1,352,353,354,-1,354,353,355,-1,354,355,309,-1,309,355,356,-1,309,356,310,-1,307,357,308,-1,308,357,358,-1,308,358,359,-1,359,358,360,-1,359,360,361,-1,361,360,362,-1,361,362,363,-1,363,362,364,-1,363,364,365,-1,365,364,366,-1,365,366,367,-1,367,366,368,-1,367,368,340,-1,340,368,369,-1,340,369,341,-1,275,273,320,-1,320,273,322,-1,275,320,318,-1,275,318,277,-1,277,318,316,-1,277,316,279,-1,279,316,314,-1,279,314,281,-1,281,314,312,-1,281,312,282,-1,282,312,310,-1,282,310,223,-1,223,310,356,-1,223,356,225,-1,225,356,355,-1,225,355,227,-1,227,355,353,-1,227,353,229,-1,229,353,351,-1,229,351,231,-1,231,351,349,-1,231,349,233,-1,233,349,347,-1,233,347,235,-1,235,347,345,-1,235,345,237,-1,237,345,343,-1,237,343,283,-1,283,343,341,-1,283,341,284,-1,284,341,369,-1,284,369,286,-1,286,369,368,-1,286,368,288,-1,288,368,366,-1,288,366,290,-1,290,366,364,-1,290,364,292,-1,292,364,362,-1,292,362,294,-1,294,362,360,-1,294,360,295,-1,295,360,358,-1,295,358,240,-1,240,358,357,-1,240,357,242,-1,242,357,307,-1,242,307,244,-1,244,307,305,-1,244,305,246,-1,246,305,303,-1,246,303,248,-1,248,303,301,-1,248,301,249,-1,249,301,299,-1,249,299,251,-1,251,299,297,-1,251,297,253,-1,253,297,339,-1,253,339,255,-1,255,339,338,-1,255,338,257,-1,257,338,336,-1,257,336,259,-1,259,336,334,-1,259,334,261,-1,261,334,332,-1,261,332,263,-1,263,332,330,-1,263,330,265,-1,265,330,328,-1,265,328,267,-1,267,328,326,-1,267,326,269,-1,271,269,324,-1,324,269,326,-1,273,271,322,-1,322,271,324,-1,268,270,325,-1,325,270,323,-1,270,272,323,-1,323,272,321,-1,272,274,321,-1,321,274,319,-1,230,350,352,-1,230,352,228,-1,228,352,354,-1,228,354,226,-1,226,354,309,-1,226,309,224,-1,224,309,311,-1,224,311,222,-1,222,311,313,-1,222,313,280,-1,280,313,315,-1,280,315,278,-1,278,315,317,-1,278,317,276,-1,276,317,319,-1,276,319,274,-1,291,363,365,-1,291,365,289,-1,289,365,367,-1,289,367,287,-1,287,367,340,-1,287,340,285,-1,285,340,342,-1,285,342,238,-1,238,342,344,-1,238,344,236,-1,236,344,346,-1,236,346,234,-1,234,346,348,-1,234,348,232,-1,232,348,350,-1,232,350,230,-1,252,298,300,-1,252,300,250,-1,250,300,302,-1,250,302,247,-1,247,302,304,-1,247,304,245,-1,245,304,306,-1,245,306,243,-1,243,306,308,-1,243,308,241,-1,241,308,359,-1,241,359,239,-1,239,359,361,-1,239,361,293,-1,293,361,363,-1,293,363,291,-1,268,325,327,-1,268,327,266,-1,266,327,329,-1,266,329,264,-1,264,329,331,-1,264,331,262,-1,262,331,333,-1,262,333,260,-1,260,333,335,-1,260,335,258,-1,258,335,337,-1,258,337,256,-1,256,337,296,-1,256,296,254,-1,254,296,298,-1,254,298,252,-1,370,371,372,-1,372,371,373,-1,374,375,370,-1,370,375,376,-1,370,376,371,-1,371,376,377,-1,374,378,375,-1,375,378,379,-1,375,379,380,-1,380,379,381,-1,380,381,382,-1,382,383,380,-1,380,383,372,-1,380,372,384,-1,384,372,373,-1,384,373,385,-1,386,387,388,-1,387,389,388,-1,388,389,390,-1,388,390,391,-1,391,390,392,-1,391,392,393,-1,393,394,391,-1,391,394,395,-1,391,395,396,-1,397,398,399,-1,400,396,401,-1,401,396,395,-1,401,395,399,-1,399,395,386,-1,399,386,397,-1,397,386,388,-1,380,384,388,-1,388,384,397,-1,375,380,391,-1,391,380,388,-1,376,375,396,-1,396,375,391,-1,377,376,400,-1,400,376,396,-1,371,377,401,-1,401,377,400,-1,373,371,399,-1,399,371,401,-1,385,373,398,-1,398,373,399,-1,384,385,397,-1,397,385,398,-1,370,372,395,-1,395,372,386,-1,372,383,386,-1,386,383,387,-1,381,390,389,-1,381,389,382,-1,382,389,387,-1,382,387,383,-1,381,379,390,-1,390,379,392,-1,374,394,393,-1,374,393,378,-1,378,393,392,-1,378,392,379,-1,374,370,394,-1,394,370,395,-1,402,403,404,-1,404,403,405,-1,406,402,407,-1,407,402,404,-1,408,406,409,-1,409,406,407,-1,410,408,411,-1,411,408,409,-1,412,410,413,-1,413,410,411,-1,414,412,415,-1,415,412,413,-1,416,414,417,-1,417,414,415,-1,418,416,419,-1,419,416,417,-1,420,418,421,-1,421,418,419,-1,422,420,423,-1,423,420,421,-1,424,422,425,-1,425,422,423,-1,403,424,405,-1,405,424,425,-1,418,420,416,-1,416,420,422,-1,416,422,414,-1,403,402,424,-1,424,402,406,-1,424,406,408,-1,410,412,408,-1,408,412,414,-1,408,414,424,-1,424,414,422,-1,423,421,419,-1,419,417,423,-1,423,417,415,-1,423,415,425,-1,404,405,407,-1,407,405,425,-1,407,425,409,-1,409,425,415,-1,409,415,411,-1,411,415,413,-1,426,427,428,-1,428,427,429,-1,430,431,432,-1,433,434,435,-1,435,434,436,-1,432,431,437,-1,437,431,438,-1,437,438,439,-1,439,438,440,-1,439,440,441,-1,442,443,444,-1,434,445,436,-1,436,445,446,-1,436,446,447,-1,433,435,448,-1,448,435,449,-1,448,449,450,-1,450,449,451,-1,450,451,452,-1,441,440,453,-1,453,440,454,-1,453,454,455,-1,455,454,456,-1,455,456,457,-1,446,458,447,-1,447,458,459,-1,447,459,460,-1,460,459,461,-1,460,461,462,-1,428,463,464,-1,464,463,465,-1,464,465,466,-1,467,468,469,-1,469,468,470,-1,469,470,471,-1,471,470,472,-1,471,472,473,-1,474,475,429,-1,429,475,476,-1,429,476,428,-1,428,476,477,-1,428,477,463,-1,457,456,478,-1,478,456,479,-1,478,479,480,-1,480,479,481,-1,480,481,482,-1,483,484,485,-1,485,484,486,-1,485,486,487,-1,487,486,488,-1,487,488,489,-1,444,490,442,-1,442,490,491,-1,442,491,483,-1,483,491,492,-1,483,492,484,-1,493,494,495,-1,495,494,496,-1,495,496,443,-1,443,496,497,-1,443,497,444,-1,498,499,500,-1,500,499,452,-1,500,452,501,-1,501,452,451,-1,472,502,473,-1,473,502,503,-1,473,503,504,-1,504,503,505,-1,504,505,506,-1,506,505,466,-1,506,466,507,-1,507,466,465,-1,482,481,508,-1,508,481,509,-1,508,509,510,-1,510,499,508,-1,508,499,498,-1,508,498,429,-1,429,498,511,-1,429,511,474,-1,488,512,489,-1,489,512,513,-1,489,513,514,-1,514,513,515,-1,514,515,516,-1,516,515,517,-1,516,517,467,-1,467,517,518,-1,467,518,468,-1,461,519,462,-1,462,519,520,-1,462,520,521,-1,521,520,522,-1,521,522,523,-1,432,524,430,-1,430,524,525,-1,430,525,526,-1,526,525,527,-1,526,527,528,-1,528,527,529,-1,528,529,530,-1,530,529,531,-1,530,531,532,-1,532,531,533,-1,532,533,534,-1,534,533,535,-1,534,535,536,-1,536,535,537,-1,536,537,538,-1,538,537,539,-1,538,539,540,-1,540,539,541,-1,540,541,542,-1,542,541,543,-1,542,543,544,-1,522,545,523,-1,523,545,546,-1,523,546,493,-1,493,546,547,-1,493,547,494,-1,548,549,550,-1,551,552,553,-1,553,552,554,-1,553,554,555,-1,556,557,558,-1,559,560,561,-1,561,560,562,-1,561,562,563,-1,554,564,555,-1,555,564,565,-1,555,565,566,-1,566,565,567,-1,566,567,568,-1,569,570,571,-1,571,570,572,-1,571,572,573,-1,573,572,574,-1,573,574,551,-1,551,574,575,-1,551,575,552,-1,576,556,577,-1,577,556,558,-1,577,558,578,-1,578,558,579,-1,580,581,582,-1,582,581,583,-1,582,583,584,-1,584,583,585,-1,584,585,586,-1,586,585,587,-1,586,587,588,-1,588,587,589,-1,590,591,580,-1,580,591,592,-1,580,592,581,-1,593,594,559,-1,559,594,595,-1,559,595,560,-1,596,597,593,-1,593,597,598,-1,593,598,594,-1,599,600,601,-1,601,600,558,-1,601,558,602,-1,602,558,557,-1,603,604,590,-1,590,604,605,-1,590,605,591,-1,567,606,568,-1,568,606,607,-1,568,607,608,-1,608,607,609,-1,608,609,610,-1,610,609,600,-1,610,600,611,-1,562,612,563,-1,563,612,613,-1,563,613,614,-1,611,600,615,-1,615,600,599,-1,615,599,589,-1,589,599,616,-1,589,616,588,-1,548,550,617,-1,617,550,618,-1,617,618,619,-1,619,618,620,-1,619,620,621,-1,621,620,622,-1,621,622,623,-1,623,622,624,-1,623,624,625,-1,625,624,626,-1,625,626,627,-1,627,626,628,-1,627,628,629,-1,629,628,630,-1,629,630,569,-1,569,630,631,-1,569,631,570,-1,632,633,634,-1,634,633,635,-1,634,635,603,-1,603,635,636,-1,603,636,604,-1,613,637,614,-1,614,637,638,-1,614,638,639,-1,639,638,640,-1,639,640,632,-1,632,640,641,-1,632,641,633,-1,642,643,644,-1,644,643,645,-1,644,645,646,-1,646,645,647,-1,646,647,648,-1,648,647,649,-1,648,649,650,-1,651,652,653,-1,653,652,654,-1,653,654,655,-1,655,654,656,-1,655,656,596,-1,596,656,657,-1,596,657,597,-1,649,658,650,-1,650,658,659,-1,650,659,660,-1,660,659,661,-1,660,661,662,-1,662,661,663,-1,662,663,651,-1,651,663,664,-1,651,664,652,-1,644,665,642,-1,642,665,666,-1,642,666,667,-1,667,666,668,-1,667,668,577,-1,577,668,669,-1,577,669,576,-1,529,630,628,-1,529,628,531,-1,531,628,626,-1,531,626,533,-1,533,626,624,-1,533,624,535,-1,535,624,622,-1,535,622,537,-1,537,622,620,-1,537,620,539,-1,539,620,618,-1,539,618,541,-1,541,618,550,-1,541,550,543,-1,544,543,549,-1,549,543,550,-1,544,549,548,-1,544,548,542,-1,542,548,617,-1,542,617,540,-1,540,617,619,-1,540,619,538,-1,538,619,621,-1,538,621,536,-1,536,621,623,-1,536,623,534,-1,534,623,625,-1,534,625,532,-1,532,625,627,-1,532,627,530,-1,530,627,629,-1,530,629,528,-1,528,629,569,-1,528,569,526,-1,526,569,571,-1,526,571,430,-1,430,571,573,-1,430,573,431,-1,431,573,551,-1,431,551,438,-1,438,551,553,-1,438,553,440,-1,440,553,555,-1,440,555,454,-1,454,555,566,-1,454,566,456,-1,456,566,568,-1,456,568,479,-1,479,568,608,-1,479,608,481,-1,481,608,610,-1,481,610,509,-1,509,610,611,-1,509,611,510,-1,510,611,615,-1,510,615,499,-1,452,499,589,-1,589,499,615,-1,452,589,587,-1,452,587,450,-1,450,587,585,-1,450,585,448,-1,448,585,583,-1,448,583,433,-1,433,583,581,-1,433,581,434,-1,434,581,592,-1,434,592,445,-1,445,592,591,-1,445,591,446,-1,446,591,605,-1,446,605,458,-1,458,605,604,-1,458,604,459,-1,459,604,636,-1,459,636,461,-1,461,636,635,-1,461,635,519,-1,519,635,633,-1,519,633,520,-1,520,633,641,-1,520,641,522,-1,522,641,640,-1,522,640,545,-1,545,640,638,-1,545,638,546,-1,546,638,637,-1,546,637,547,-1,547,637,613,-1,547,613,494,-1,494,613,612,-1,494,612,496,-1,496,612,562,-1,496,562,497,-1,497,562,560,-1,497,560,444,-1,444,560,595,-1,444,595,490,-1,490,595,594,-1,490,594,491,-1,491,594,598,-1,491,598,492,-1,492,598,597,-1,492,597,484,-1,484,597,657,-1,484,657,486,-1,486,657,656,-1,486,656,488,-1,488,656,654,-1,488,654,512,-1,512,654,652,-1,512,652,513,-1,513,652,664,-1,513,664,515,-1,515,664,663,-1,515,663,517,-1,517,663,661,-1,517,661,518,-1,518,661,659,-1,518,659,468,-1,468,659,658,-1,468,658,470,-1,470,658,649,-1,470,649,472,-1,472,649,647,-1,472,647,502,-1,502,647,645,-1,502,645,503,-1,503,645,643,-1,503,643,505,-1,505,643,642,-1,505,642,466,-1,466,642,667,-1,466,667,464,-1,428,464,577,-1,577,464,667,-1,426,428,578,-1,578,428,577,-1,427,426,579,-1,579,426,578,-1,429,427,558,-1,558,427,579,-1,429,558,600,-1,429,600,508,-1,508,600,609,-1,508,609,482,-1,482,609,607,-1,482,607,480,-1,480,607,606,-1,480,606,478,-1,478,606,567,-1,478,567,457,-1,457,567,565,-1,457,565,455,-1,455,565,564,-1,455,564,453,-1,453,564,554,-1,453,554,441,-1,441,554,552,-1,441,552,439,-1,439,552,575,-1,439,575,437,-1,437,575,574,-1,437,574,432,-1,432,574,572,-1,432,572,524,-1,524,572,570,-1,524,570,525,-1,525,570,631,-1,525,631,527,-1,527,631,630,-1,527,630,529,-1,436,580,582,-1,436,582,435,-1,435,582,584,-1,435,584,449,-1,449,584,586,-1,449,586,451,-1,451,586,588,-1,451,588,501,-1,501,588,616,-1,501,616,500,-1,523,639,632,-1,523,632,521,-1,521,632,634,-1,521,634,462,-1,462,634,603,-1,462,603,460,-1,460,603,590,-1,460,590,447,-1,447,590,580,-1,447,580,436,-1,483,593,559,-1,483,559,442,-1,442,559,561,-1,442,561,443,-1,443,561,563,-1,443,563,495,-1,495,563,614,-1,495,614,493,-1,493,614,639,-1,493,639,523,-1,516,662,651,-1,516,651,514,-1,514,651,653,-1,514,653,489,-1,489,653,655,-1,489,655,487,-1,487,655,596,-1,487,596,485,-1,485,596,593,-1,485,593,483,-1,507,666,665,-1,507,665,506,-1,506,665,644,-1,506,644,504,-1,504,644,646,-1,504,646,473,-1,473,646,648,-1,473,648,471,-1,471,648,650,-1,471,650,469,-1,469,650,660,-1,469,660,467,-1,467,660,662,-1,467,662,516,-1,511,601,602,-1,511,602,474,-1,474,602,557,-1,474,557,475,-1,475,557,556,-1,475,556,476,-1,476,556,576,-1,476,576,477,-1,477,576,669,-1,477,669,463,-1,463,669,668,-1,463,668,465,-1,465,668,666,-1,465,666,507,-1,511,498,601,-1,601,498,599,-1,498,500,599,-1,599,500,616,-1,670,671,672,-1,670,672,673,-1,673,672,674,-1,673,674,675,-1,675,674,676,-1,675,676,677,-1,677,676,678,-1,677,678,679,-1,679,678,680,-1,679,680,681,-1,681,680,682,-1,681,682,683,-1,683,682,684,-1,683,684,685,-1,686,685,687,-1,687,685,684,-1,686,687,688,-1,686,688,689,-1,689,688,690,-1,689,690,691,-1,691,690,692,-1,691,692,693,-1,693,692,694,-1,693,694,695,-1,695,694,696,-1,695,696,697,-1,697,696,698,-1,697,698,699,-1,699,698,700,-1,699,700,701,-1,701,700,702,-1,701,702,703,-1,703,702,704,-1,703,704,705,-1,705,704,706,-1,705,706,707,-1,707,706,708,-1,707,708,709,-1,709,708,710,-1,709,710,711,-1,711,710,712,-1,711,712,713,-1,713,712,714,-1,713,714,715,-1,715,714,716,-1,715,716,717,-1,717,716,718,-1,717,718,719,-1,719,718,720,-1,719,720,721,-1,721,720,722,-1,721,722,723,-1,723,722,724,-1,723,724,725,-1,725,724,726,-1,725,726,727,-1,727,726,728,-1,727,728,729,-1,729,728,730,-1,729,730,731,-1,731,730,732,-1,731,732,733,-1,733,732,734,-1,733,734,735,-1,735,734,736,-1,735,736,737,-1,737,736,738,-1,737,738,739,-1,739,738,740,-1,739,740,741,-1,741,740,742,-1,741,742,743,-1,743,742,744,-1,743,744,745,-1,745,744,746,-1,745,746,747,-1,747,746,748,-1,747,748,749,-1,749,748,750,-1,749,750,751,-1,751,750,752,-1,751,752,753,-1,753,752,754,-1,753,754,755,-1,755,754,756,-1,755,756,757,-1,757,756,758,-1,757,758,759,-1,759,758,760,-1,759,760,761,-1,761,760,762,-1,761,762,763,-1,763,762,764,-1,763,764,765,-1,765,764,766,-1,765,766,767,-1,767,766,768,-1,767,768,769,-1,769,768,770,-1,769,770,771,-1,771,770,772,-1,771,772,773,-1,773,772,774,-1,773,774,775,-1,775,774,776,-1,775,776,777,-1,777,776,778,-1,777,778,779,-1,779,778,780,-1,779,780,781,-1,781,780,782,-1,781,782,783,-1,783,782,784,-1,783,784,785,-1,785,784,786,-1,785,786,787,-1,787,786,788,-1,787,788,789,-1,789,788,790,-1,789,790,791,-1,791,790,792,-1,791,792,793,-1,793,792,794,-1,793,794,795,-1,795,794,796,-1,795,796,797,-1,797,796,798,-1,797,798,799,-1,799,798,800,-1,799,800,801,-1,801,800,802,-1,801,802,803,-1,803,802,804,-1,803,804,805,-1,806,805,807,-1,807,805,804,-1,806,807,808,-1,806,808,809,-1,809,808,810,-1,809,810,811,-1,811,810,812,-1,811,812,813,-1,813,812,814,-1,813,814,815,-1,815,814,816,-1,815,816,817,-1,817,816,818,-1,817,818,819,-1,819,818,820,-1,819,820,821,-1,821,820,822,-1,821,822,823,-1,823,822,824,-1,823,824,825,-1,825,824,826,-1,825,826,827,-1,827,826,828,-1,827,828,829,-1,829,828,830,-1,829,830,831,-1,831,830,832,-1,831,832,833,-1,833,832,834,-1,833,834,835,-1,835,834,836,-1,835,836,837,-1,837,836,838,-1,837,838,839,-1,839,838,840,-1,839,840,841,-1,841,840,842,-1,841,842,843,-1,843,842,844,-1,843,844,845,-1,845,844,846,-1,845,846,847,-1,847,846,848,-1,847,848,849,-1,849,848,850,-1,849,850,851,-1,851,850,852,-1,851,852,853,-1,853,852,854,-1,853,854,855,-1,855,854,856,-1,855,856,857,-1,857,856,858,-1,857,858,859,-1,859,858,860,-1,859,860,861,-1,861,860,862,-1,861,862,863,-1,863,862,864,-1,863,864,865,-1,865,864,866,-1,865,866,867,-1,867,866,868,-1,867,868,869,-1,869,868,870,-1,869,870,871,-1,871,870,872,-1,871,872,873,-1,873,872,874,-1,873,874,875,-1,875,874,876,-1,875,876,877,-1,877,876,878,-1,877,878,879,-1,879,878,880,-1,879,880,881,-1,881,880,882,-1,881,882,883,-1,883,882,884,-1,883,884,885,-1,885,884,886,-1,885,886,887,-1,887,886,888,-1,887,888,889,-1,889,888,890,-1,889,890,891,-1,891,890,892,-1,891,892,893,-1,893,892,894,-1,893,894,895,-1,895,894,896,-1,895,896,897,-1,897,896,898,-1,897,898,899,-1,899,898,900,-1,899,900,901,-1,901,900,902,-1,901,902,903,-1,903,902,904,-1,903,904,905,-1,905,904,906,-1,905,906,907,-1,907,906,671,-1,907,671,670,-1,683,685,686,-1,803,805,806,-1,713,715,897,-1,897,715,895,-1,777,837,775,-1,775,837,839,-1,775,839,773,-1,715,717,895,-1,895,717,719,-1,895,719,893,-1,779,833,777,-1,777,833,835,-1,777,835,837,-1,713,897,711,-1,711,897,899,-1,711,899,709,-1,709,899,901,-1,709,901,707,-1,707,901,903,-1,707,903,705,-1,855,765,853,-1,853,765,767,-1,737,883,735,-1,735,883,885,-1,839,841,773,-1,773,841,843,-1,773,843,771,-1,843,845,771,-1,771,845,847,-1,771,847,769,-1,769,847,849,-1,769,849,767,-1,767,849,851,-1,767,851,853,-1,855,857,765,-1,765,857,859,-1,765,859,763,-1,763,859,861,-1,763,861,761,-1,761,861,863,-1,761,863,759,-1,759,863,865,-1,759,865,757,-1,889,729,887,-1,887,729,731,-1,887,731,885,-1,885,731,733,-1,885,733,735,-1,719,721,893,-1,893,721,723,-1,893,723,891,-1,891,723,725,-1,891,725,889,-1,889,725,727,-1,889,727,729,-1,737,739,883,-1,883,739,741,-1,883,741,881,-1,881,741,743,-1,881,743,879,-1,879,743,745,-1,879,745,877,-1,877,745,747,-1,877,747,875,-1,705,903,703,-1,703,903,905,-1,703,905,701,-1,701,905,907,-1,701,907,699,-1,699,907,670,-1,699,670,697,-1,697,670,673,-1,697,673,695,-1,695,673,675,-1,695,675,693,-1,693,675,677,-1,693,677,691,-1,691,677,679,-1,691,679,689,-1,689,679,686,-1,686,679,681,-1,686,681,683,-1,747,749,875,-1,875,749,751,-1,875,751,873,-1,873,751,753,-1,873,753,871,-1,871,753,755,-1,871,755,869,-1,869,755,757,-1,869,757,867,-1,867,757,865,-1,803,806,801,-1,801,806,809,-1,801,809,799,-1,799,809,811,-1,799,811,797,-1,797,811,813,-1,797,813,795,-1,795,813,815,-1,795,815,793,-1,793,815,817,-1,793,817,791,-1,791,817,819,-1,791,819,789,-1,789,819,821,-1,789,821,787,-1,787,821,823,-1,787,823,785,-1,785,823,825,-1,785,825,783,-1,783,825,827,-1,783,827,781,-1,781,827,829,-1,781,829,779,-1,779,829,831,-1,779,831,833,-1,894,714,896,-1,896,714,712,-1,896,712,898,-1,898,712,710,-1,898,710,900,-1,776,774,836,-1,856,764,858,-1,858,764,762,-1,892,718,894,-1,894,718,716,-1,894,716,714,-1,886,884,732,-1,732,884,734,-1,734,884,882,-1,734,882,736,-1,856,854,764,-1,764,854,852,-1,764,852,766,-1,766,852,850,-1,766,850,768,-1,880,740,882,-1,882,740,738,-1,882,738,736,-1,770,842,772,-1,772,842,840,-1,772,840,774,-1,774,840,838,-1,774,838,836,-1,890,722,892,-1,892,722,720,-1,892,720,718,-1,850,848,768,-1,768,848,846,-1,768,846,770,-1,770,846,844,-1,770,844,842,-1,710,708,900,-1,900,708,706,-1,900,706,902,-1,902,706,704,-1,902,704,904,-1,904,704,702,-1,904,702,906,-1,906,702,700,-1,906,700,671,-1,671,700,698,-1,671,698,672,-1,672,698,696,-1,672,696,674,-1,674,696,694,-1,674,694,676,-1,732,730,886,-1,886,730,728,-1,886,728,888,-1,888,728,726,-1,888,726,890,-1,890,726,724,-1,890,724,722,-1,694,692,676,-1,676,692,690,-1,676,690,678,-1,678,690,688,-1,678,688,680,-1,680,688,687,-1,680,687,682,-1,682,687,684,-1,872,870,754,-1,754,870,868,-1,754,868,756,-1,756,868,866,-1,756,866,758,-1,758,866,864,-1,758,864,760,-1,760,864,862,-1,760,862,762,-1,762,862,860,-1,762,860,858,-1,836,834,776,-1,776,834,832,-1,776,832,778,-1,778,832,830,-1,778,830,780,-1,780,830,828,-1,780,828,782,-1,782,828,826,-1,782,826,784,-1,784,826,824,-1,784,824,786,-1,786,824,822,-1,786,822,788,-1,788,822,820,-1,788,820,790,-1,790,820,818,-1,790,818,792,-1,792,818,816,-1,792,816,794,-1,794,816,814,-1,794,814,796,-1,796,814,812,-1,796,812,798,-1,798,812,810,-1,798,810,800,-1,800,810,808,-1,800,808,802,-1,802,808,807,-1,802,807,804,-1,754,752,872,-1,872,752,750,-1,872,750,874,-1,874,750,748,-1,874,748,876,-1,876,748,746,-1,876,746,878,-1,878,746,744,-1,878,744,880,-1,880,744,742,-1,880,742,740,-1,908,909,910,-1,910,909,911,-1,912,908,913,-1,913,908,910,-1,912,913,914,-1,912,914,915,-1,915,914,916,-1,915,916,917,-1,918,917,919,-1,919,917,916,-1,920,918,921,-1,921,918,919,-1,922,920,923,-1,923,920,921,-1,924,922,925,-1,925,922,923,-1,926,924,927,-1,927,924,925,-1,928,926,929,-1,929,926,927,-1,928,929,930,-1,928,930,931,-1,931,930,932,-1,931,932,933,-1,933,932,934,-1,933,934,935,-1,935,934,936,-1,935,936,937,-1,937,936,938,-1,937,938,939,-1,939,938,940,-1,939,940,941,-1,941,940,942,-1,941,942,943,-1,943,942,944,-1,943,944,945,-1,945,944,946,-1,945,946,947,-1,947,946,948,-1,947,948,949,-1,950,949,951,-1,951,949,948,-1,950,951,952,-1,950,952,953,-1,953,952,954,-1,953,954,955,-1,955,954,956,-1,955,956,957,-1,957,956,958,-1,957,958,959,-1,959,958,960,-1,959,960,961,-1,961,960,962,-1,961,962,963,-1,963,962,964,-1,963,964,965,-1,965,964,966,-1,965,966,967,-1,967,966,968,-1,967,968,969,-1,969,968,970,-1,969,970,971,-1,971,970,972,-1,971,972,973,-1,973,972,974,-1,973,974,975,-1,975,974,976,-1,975,976,977,-1,977,976,978,-1,977,978,979,-1,909,979,911,-1,911,979,978,-1,915,917,979,-1,909,908,979,-1,979,908,912,-1,979,912,915,-1,922,924,920,-1,920,924,926,-1,920,926,918,-1,933,935,967,-1,967,935,965,-1,965,935,937,-1,965,937,963,-1,963,937,939,-1,963,939,961,-1,961,939,959,-1,959,939,941,-1,959,941,957,-1,957,941,943,-1,957,943,955,-1,967,969,933,-1,933,969,971,-1,933,971,931,-1,931,971,973,-1,931,973,928,-1,955,943,953,-1,953,943,945,-1,953,945,950,-1,950,945,947,-1,950,947,949,-1,973,975,928,-1,928,975,977,-1,928,977,926,-1,926,977,979,-1,926,979,918,-1,918,979,917,-1,940,938,960,-1,927,925,923,-1,910,911,913,-1,913,911,978,-1,960,938,962,-1,962,938,936,-1,962,936,964,-1,960,958,940,-1,940,958,956,-1,940,956,942,-1,942,956,954,-1,942,954,944,-1,944,954,952,-1,944,952,946,-1,946,952,951,-1,946,951,948,-1,964,936,966,-1,966,936,934,-1,966,934,968,-1,968,934,932,-1,968,932,970,-1,970,932,930,-1,970,930,972,-1,972,930,974,-1,974,930,929,-1,974,929,976,-1,919,916,978,-1,978,916,914,-1,978,914,913,-1,923,921,927,-1,927,921,919,-1,927,919,929,-1,929,919,978,-1,929,978,976,-1,980,981,982,-1,982,981,983,-1,984,980,985,-1,985,980,982,-1,986,984,987,-1,987,984,985,-1,988,986,989,-1,989,986,987,-1,990,988,991,-1,991,988,989,-1,992,990,993,-1,993,990,991,-1,994,992,995,-1,995,992,993,-1,996,994,997,-1,997,994,995,-1,998,996,999,-1,999,996,997,-1,1000,998,1001,-1,1001,998,999,-1,1002,1000,1003,-1,1003,1000,1001,-1,981,1002,983,-1,983,1002,1003,-1,1002,981,980,-1,980,984,1002,-1,1002,984,986,-1,1002,986,1000,-1,996,998,994,-1,994,998,1000,-1,994,1000,992,-1,992,1000,986,-1,992,986,990,-1,990,986,988,-1,982,983,985,-1,985,983,1003,-1,985,1003,987,-1,999,997,1001,-1,1001,997,995,-1,1001,995,993,-1,991,989,993,-1,993,989,987,-1,993,987,1001,-1,1001,987,1003,-1,1004,1005,1006,-1,1006,1005,1007,-1,1006,1007,1008,-1,1008,1007,1009,-1,1008,1009,1010,-1,1010,1009,1011,-1,1010,1011,1012,-1,1012,1011,1013,-1,1012,1013,1014,-1,1014,1013,1015,-1,1014,1015,1016,-1,1016,1015,1017,-1,1016,1017,1018,-1,1018,1017,1019,-1,1018,1019,1020,-1,1021,1022,1023,-1,1023,1022,1024,-1,1023,1024,1025,-1,1025,1024,1026,-1,1025,1026,1027,-1,1027,1026,1028,-1,1027,1028,1029,-1,1028,1030,1029,-1,1029,1030,1031,-1,1029,1031,1032,-1,1032,1031,1033,-1,1032,1033,1034,-1,1034,1033,1035,-1,1034,1035,1036,-1,1036,1035,1037,-1,1036,1037,1038,-1,1038,1037,1039,-1,1038,1039,1040,-1,1040,1039,1041,-1,1040,1041,1042,-1,1042,1041,1043,-1,1042,1043,1044,-1,1044,1043,1045,-1,1044,1045,1046,-1,1046,1045,1047,-1,1046,1047,1048,-1,1048,1047,1049,-1,1048,1049,1050,-1,1050,1049,1051,-1,1050,1051,1052,-1,1052,1051,1053,-1,1052,1053,1054,-1,1054,1053,1055,-1,1054,1055,1056,-1,1056,1055,1057,-1,1056,1057,1058,-1,1058,1057,1059,-1,1058,1059,1060,-1,1060,1059,1061,-1,1060,1061,1062,-1,1062,1061,1063,-1,1062,1063,1004,-1,1004,1063,1064,-1,1004,1064,1005,-1,1019,1065,1020,-1,1020,1065,1066,-1,1020,1066,1067,-1,1067,1066,1068,-1,1067,1068,1069,-1,1069,1068,1070,-1,1069,1070,1071,-1,1071,1070,1072,-1,1071,1072,1073,-1,1073,1072,1074,-1,1073,1074,1075,-1,1075,1074,1076,-1,1075,1076,1021,-1,1021,1076,1077,-1,1021,1077,1022,-1,1078,1079,1080,-1,1080,1079,1081,-1,1080,1081,1082,-1,1082,1081,1083,-1,1082,1083,1084,-1,1084,1083,1085,-1,1084,1085,1086,-1,1086,1085,1087,-1,1086,1087,1088,-1,1088,1087,1089,-1,1088,1089,1090,-1,1091,1092,1093,-1,1093,1092,1094,-1,1093,1094,1095,-1,1095,1094,1096,-1,1095,1096,1097,-1,1097,1096,1098,-1,1097,1098,1099,-1,1099,1098,1100,-1,1099,1100,1101,-1,1101,1100,1102,-1,1101,1102,1103,-1,1103,1102,1104,-1,1103,1104,1105,-1,1105,1104,1106,-1,1105,1106,1107,-1,1107,1106,1108,-1,1107,1108,1109,-1,1109,1108,1110,-1,1109,1110,1111,-1,1111,1110,1112,-1,1111,1112,1113,-1,1113,1112,1114,-1,1113,1114,1115,-1,1115,1114,1116,-1,1115,1116,1117,-1,1117,1116,1118,-1,1117,1118,1119,-1,1119,1118,1120,-1,1119,1120,1078,-1,1078,1120,1121,-1,1078,1121,1079,-1,1122,1123,1124,-1,1124,1123,1125,-1,1124,1125,1126,-1,1126,1125,1127,-1,1126,1127,1128,-1,1128,1127,1129,-1,1128,1129,1130,-1,1130,1129,1131,-1,1130,1131,1132,-1,1132,1131,1133,-1,1132,1133,1134,-1,1134,1133,1135,-1,1134,1135,1136,-1,1136,1135,1137,-1,1136,1137,1091,-1,1091,1137,1138,-1,1091,1138,1092,-1,1089,1139,1090,-1,1090,1139,1140,-1,1090,1140,1141,-1,1141,1140,1142,-1,1141,1142,1143,-1,1143,1142,1144,-1,1143,1144,1145,-1,1145,1144,1146,-1,1145,1146,1147,-1,1147,1146,1148,-1,1147,1148,1149,-1,1149,1148,1150,-1,1149,1150,1122,-1,1122,1150,1151,-1,1122,1151,1123,-1,1057,1055,1102,-1,1102,1055,1104,-1,1057,1102,1100,-1,1057,1100,1059,-1,1059,1100,1098,-1,1059,1098,1061,-1,1061,1098,1096,-1,1061,1096,1063,-1,1063,1096,1094,-1,1063,1094,1064,-1,1064,1094,1092,-1,1064,1092,1005,-1,1005,1092,1138,-1,1005,1138,1007,-1,1007,1138,1137,-1,1007,1137,1009,-1,1009,1137,1135,-1,1009,1135,1011,-1,1011,1135,1133,-1,1011,1133,1013,-1,1013,1133,1131,-1,1013,1131,1015,-1,1015,1131,1129,-1,1015,1129,1017,-1,1017,1129,1127,-1,1017,1127,1019,-1,1019,1127,1125,-1,1019,1125,1065,-1,1065,1125,1123,-1,1065,1123,1066,-1,1066,1123,1151,-1,1066,1151,1068,-1,1068,1151,1150,-1,1068,1150,1070,-1,1070,1150,1148,-1,1070,1148,1072,-1,1072,1148,1146,-1,1072,1146,1074,-1,1074,1146,1144,-1,1074,1144,1076,-1,1076,1144,1142,-1,1076,1142,1077,-1,1077,1142,1140,-1,1077,1140,1022,-1,1022,1140,1139,-1,1022,1139,1024,-1,1024,1139,1089,-1,1024,1089,1026,-1,1026,1089,1087,-1,1026,1087,1028,-1,1028,1087,1085,-1,1028,1085,1030,-1,1030,1085,1083,-1,1030,1083,1031,-1,1031,1083,1081,-1,1031,1081,1033,-1,1033,1081,1079,-1,1033,1079,1035,-1,1035,1079,1121,-1,1035,1121,1037,-1,1037,1121,1120,-1,1037,1120,1039,-1,1039,1120,1118,-1,1039,1118,1041,-1,1041,1118,1116,-1,1041,1116,1043,-1,1043,1116,1114,-1,1043,1114,1045,-1,1045,1114,1112,-1,1045,1112,1047,-1,1047,1112,1110,-1,1047,1110,1049,-1,1049,1110,1108,-1,1049,1108,1051,-1,1053,1051,1106,-1,1106,1051,1108,-1,1055,1053,1104,-1,1104,1053,1106,-1,1050,1052,1107,-1,1107,1052,1105,-1,1052,1054,1105,-1,1105,1054,1103,-1,1054,1056,1103,-1,1103,1056,1101,-1,1012,1132,1134,-1,1012,1134,1010,-1,1010,1134,1136,-1,1010,1136,1008,-1,1008,1136,1091,-1,1008,1091,1006,-1,1006,1091,1093,-1,1006,1093,1004,-1,1004,1093,1095,-1,1004,1095,1062,-1,1062,1095,1097,-1,1062,1097,1060,-1,1060,1097,1099,-1,1060,1099,1058,-1,1058,1099,1101,-1,1058,1101,1056,-1,1073,1145,1147,-1,1073,1147,1071,-1,1071,1147,1149,-1,1071,1149,1069,-1,1069,1149,1122,-1,1069,1122,1067,-1,1067,1122,1124,-1,1067,1124,1020,-1,1020,1124,1126,-1,1020,1126,1018,-1,1018,1126,1128,-1,1018,1128,1016,-1,1016,1128,1130,-1,1016,1130,1014,-1,1014,1130,1132,-1,1014,1132,1012,-1,1034,1080,1082,-1,1034,1082,1032,-1,1032,1082,1084,-1,1032,1084,1029,-1,1029,1084,1086,-1,1029,1086,1027,-1,1027,1086,1088,-1,1027,1088,1025,-1,1025,1088,1090,-1,1025,1090,1023,-1,1023,1090,1141,-1,1023,1141,1021,-1,1021,1141,1143,-1,1021,1143,1075,-1,1075,1143,1145,-1,1075,1145,1073,-1,1050,1107,1109,-1,1050,1109,1048,-1,1048,1109,1111,-1,1048,1111,1046,-1,1046,1111,1113,-1,1046,1113,1044,-1,1044,1113,1115,-1,1044,1115,1042,-1,1042,1115,1117,-1,1042,1117,1040,-1,1040,1117,1119,-1,1040,1119,1038,-1,1038,1119,1078,-1,1038,1078,1036,-1,1036,1078,1080,-1,1036,1080,1034,-1,1152,1153,1154,-1,1154,1153,1155,-1,1156,1157,1152,-1,1152,1157,1158,-1,1152,1158,1153,-1,1153,1158,1159,-1,1156,1160,1157,-1,1157,1160,1161,-1,1157,1161,1162,-1,1162,1161,1163,-1,1162,1163,1164,-1,1164,1165,1162,-1,1162,1165,1154,-1,1162,1154,1166,-1,1166,1154,1155,-1,1166,1155,1167,-1,1168,1169,1170,-1,1169,1171,1170,-1,1170,1171,1172,-1,1170,1172,1173,-1,1173,1172,1174,-1,1173,1174,1175,-1,1175,1176,1173,-1,1173,1176,1177,-1,1173,1177,1178,-1,1179,1180,1181,-1,1182,1178,1183,-1,1183,1178,1177,-1,1183,1177,1181,-1,1181,1177,1168,-1,1181,1168,1179,-1,1179,1168,1170,-1,1162,1166,1170,-1,1170,1166,1179,-1,1157,1162,1173,-1,1173,1162,1170,-1,1158,1157,1178,-1,1178,1157,1173,-1,1159,1158,1182,-1,1182,1158,1178,-1,1153,1159,1183,-1,1183,1159,1182,-1,1155,1153,1181,-1,1181,1153,1183,-1,1167,1155,1180,-1,1180,1155,1181,-1,1166,1167,1179,-1,1179,1167,1180,-1,1152,1154,1177,-1,1177,1154,1168,-1,1154,1165,1168,-1,1168,1165,1169,-1,1163,1172,1171,-1,1163,1171,1164,-1,1164,1171,1169,-1,1164,1169,1165,-1,1163,1161,1172,-1,1172,1161,1174,-1,1156,1176,1175,-1,1156,1175,1160,-1,1160,1175,1174,-1,1160,1174,1161,-1,1156,1152,1176,-1,1176,1152,1177,-1,1184,1185,1186,-1,1187,1188,1189,-1,1190,1191,1192,-1,1193,1194,1195,-1,1195,1194,1196,-1,1195,1196,1197,-1,1198,1199,1200,-1,1201,1202,1203,-1,1204,1205,1186,-1,1186,1205,1206,-1,1186,1206,1184,-1,1207,1208,1209,-1,1209,1208,1210,-1,1209,1210,1211,-1,1211,1210,1212,-1,1211,1212,1213,-1,1213,1212,1214,-1,1213,1214,1215,-1,1216,1217,1218,-1,1218,1217,1219,-1,1218,1219,1220,-1,1221,1185,1222,-1,1222,1185,1223,-1,1222,1223,1216,-1,1216,1223,1224,-1,1216,1224,1217,-1,1225,1226,1210,-1,1210,1226,1227,-1,1210,1227,1212,-1,1212,1227,1228,-1,1212,1228,1229,-1,1230,1231,1232,-1,1203,1202,1233,-1,1233,1202,1234,-1,1233,1234,1235,-1,1235,1234,1236,-1,1235,1236,1237,-1,1192,1191,1238,-1,1238,1191,1239,-1,1238,1239,1240,-1,1241,1242,1186,-1,1186,1242,1243,-1,1186,1243,1204,-1,1230,1232,1244,-1,1244,1232,1245,-1,1244,1245,1246,-1,1246,1245,1247,-1,1246,1247,1248,-1,1215,1249,1213,-1,1213,1249,1250,-1,1213,1250,1251,-1,1252,1186,1253,-1,1253,1186,1185,-1,1253,1185,1254,-1,1254,1185,1221,-1,1200,1199,1255,-1,1255,1199,1256,-1,1255,1256,1257,-1,1258,1259,1260,-1,1260,1259,1261,-1,1260,1261,1262,-1,1262,1261,1263,-1,1262,1263,1264,-1,1264,1263,1265,-1,1264,1265,1266,-1,1267,1268,1269,-1,1269,1268,1270,-1,1269,1270,1241,-1,1241,1270,1271,-1,1241,1271,1242,-1,1231,1230,1272,-1,1272,1230,1273,-1,1272,1273,1274,-1,1274,1273,1275,-1,1274,1275,1276,-1,1276,1275,1277,-1,1276,1277,1189,-1,1189,1277,1278,-1,1189,1278,1187,-1,1252,1279,1186,-1,1186,1279,1280,-1,1186,1280,1281,-1,1281,1280,1282,-1,1283,1284,1285,-1,1285,1284,1286,-1,1285,1286,1287,-1,1200,1288,1198,-1,1198,1288,1289,-1,1198,1289,1283,-1,1283,1289,1290,-1,1283,1290,1284,-1,1229,1291,1212,-1,1212,1291,1292,-1,1212,1292,1293,-1,1293,1292,1220,-1,1293,1220,1294,-1,1294,1220,1219,-1,1203,1295,1201,-1,1201,1295,1296,-1,1201,1296,1297,-1,1297,1296,1298,-1,1297,1298,1299,-1,1299,1298,1300,-1,1299,1300,1301,-1,1301,1300,1302,-1,1301,1302,1303,-1,1192,1304,1190,-1,1190,1304,1305,-1,1190,1305,1306,-1,1306,1305,1307,-1,1306,1307,1308,-1,1308,1307,1309,-1,1308,1309,1310,-1,1310,1309,1189,-1,1310,1189,1311,-1,1311,1189,1188,-1,1195,1312,1193,-1,1193,1312,1313,-1,1193,1313,1314,-1,1314,1313,1315,-1,1314,1315,1316,-1,1317,1318,1319,-1,1319,1318,1320,-1,1319,1320,1321,-1,1321,1320,1322,-1,1321,1322,1267,-1,1267,1322,1323,-1,1267,1323,1268,-1,1257,1256,1210,-1,1210,1256,1324,-1,1210,1324,1225,-1,1325,1326,1327,-1,1327,1326,1328,-1,1327,1328,1329,-1,1329,1328,1330,-1,1329,1330,1258,-1,1258,1330,1331,-1,1258,1331,1259,-1,1302,1332,1303,-1,1303,1332,1333,-1,1303,1333,1334,-1,1334,1333,1335,-1,1334,1335,1325,-1,1325,1335,1336,-1,1325,1336,1326,-1,1286,1337,1287,-1,1287,1337,1338,-1,1287,1338,1339,-1,1339,1338,1340,-1,1339,1340,1282,-1,1282,1340,1341,-1,1282,1341,1281,-1,1342,1343,1344,-1,1345,1346,1347,-1,1347,1346,1348,-1,1349,1350,1351,-1,1351,1350,1352,-1,1351,1352,1353,-1,1353,1352,1354,-1,1353,1354,1355,-1,1355,1354,1356,-1,1355,1356,1357,-1,1357,1356,1358,-1,1357,1358,1317,-1,1317,1358,1359,-1,1317,1359,1318,-1,1197,1360,1195,-1,1195,1360,1361,-1,1195,1361,1362,-1,1362,1361,1363,-1,1362,1363,1364,-1,1364,1363,1266,-1,1364,1266,1365,-1,1365,1266,1265,-1,1366,1367,1342,-1,1342,1367,1368,-1,1342,1368,1343,-1,1236,1369,1237,-1,1237,1369,1342,-1,1237,1342,1370,-1,1370,1342,1344,-1,1240,1239,1371,-1,1371,1239,1372,-1,1371,1372,1345,-1,1345,1372,1373,-1,1345,1373,1346,-1,1374,1375,1376,-1,1375,1377,1376,-1,1376,1377,1378,-1,1376,1378,1379,-1,1247,1380,1248,-1,1248,1380,1381,-1,1248,1381,1382,-1,1382,1381,1383,-1,1382,1383,1349,-1,1349,1383,1384,-1,1349,1384,1350,-1,1366,1342,1376,-1,1376,1342,1385,-1,1376,1385,1374,-1,1315,1386,1316,-1,1316,1386,1387,-1,1316,1387,1388,-1,1388,1387,1389,-1,1388,1389,1390,-1,1390,1389,1391,-1,1390,1391,1392,-1,1392,1391,1393,-1,1392,1393,1394,-1,1394,1393,1395,-1,1394,1395,1348,-1,1348,1395,1396,-1,1348,1396,1347,-1,1397,1398,1399,-1,1399,1398,1400,-1,1399,1400,1401,-1,1400,1402,1401,-1,1401,1402,1403,-1,1401,1403,1404,-1,1404,1403,1405,-1,1406,1407,1408,-1,1408,1407,1409,-1,1410,1411,1412,-1,1413,1414,1415,-1,1415,1414,1416,-1,1415,1416,1417,-1,1418,1419,1401,-1,1401,1419,1420,-1,1401,1420,1399,-1,1399,1420,1421,-1,1422,1423,1424,-1,1425,1426,1403,-1,1403,1426,1427,-1,1403,1427,1405,-1,1428,1429,1430,-1,1431,1432,1433,-1,1433,1432,1434,-1,1433,1434,1435,-1,1435,1434,1436,-1,1435,1436,1437,-1,1424,1423,1438,-1,1438,1423,1439,-1,1438,1439,1440,-1,1440,1439,1441,-1,1440,1441,1442,-1,1442,1441,1443,-1,1443,1441,1444,-1,1443,1444,1445,-1,1445,1444,1408,-1,1445,1408,1446,-1,1446,1408,1409,-1,1446,1409,1417,-1,1417,1409,1447,-1,1417,1447,1415,-1,1448,1449,1450,-1,1450,1449,1451,-1,1450,1451,1452,-1,1452,1451,1453,-1,1452,1453,1454,-1,1412,1411,1455,-1,1455,1411,1456,-1,1455,1456,1457,-1,1458,1459,1453,-1,1415,1460,1413,-1,1413,1460,1461,-1,1413,1461,1462,-1,1457,1456,1463,-1,1463,1456,1464,-1,1463,1464,1465,-1,1465,1464,1466,-1,1465,1466,1467,-1,1468,1469,1470,-1,1470,1469,1471,-1,1470,1471,1472,-1,1472,1471,1473,-1,1472,1473,1474,-1,1474,1473,1475,-1,1474,1475,1476,-1,1477,1478,1479,-1,1479,1478,1480,-1,1479,1480,1481,-1,1481,1480,1482,-1,1481,1482,1483,-1,1459,1484,1453,-1,1453,1484,1485,-1,1453,1485,1454,-1,1486,1487,1488,-1,1488,1487,1413,-1,1488,1413,1489,-1,1489,1413,1462,-1,1490,1491,1492,-1,1492,1491,1493,-1,1492,1493,1494,-1,1436,1495,1437,-1,1437,1495,1496,-1,1437,1496,1497,-1,1497,1496,1465,-1,1497,1465,1498,-1,1430,1429,1499,-1,1499,1429,1500,-1,1499,1500,1401,-1,1401,1500,1501,-1,1401,1501,1418,-1,1493,1502,1494,-1,1494,1502,1503,-1,1494,1503,1504,-1,1504,1503,1505,-1,1504,1505,1506,-1,1506,1505,1399,-1,1506,1399,1507,-1,1507,1399,1421,-1,1490,1508,1509,-1,1498,1465,1510,-1,1510,1465,1467,-1,1510,1467,1511,-1,1512,1513,1514,-1,1514,1513,1515,-1,1482,1516,1483,-1,1483,1516,1517,-1,1483,1517,1518,-1,1518,1517,1519,-1,1518,1519,1468,-1,1468,1519,1520,-1,1468,1520,1469,-1,1453,1521,1458,-1,1458,1521,1522,-1,1458,1522,1523,-1,1523,1522,1524,-1,1523,1524,1525,-1,1525,1524,1526,-1,1525,1526,1527,-1,1527,1526,1528,-1,1527,1528,1477,-1,1477,1528,1529,-1,1477,1529,1478,-1,1430,1530,1428,-1,1428,1530,1531,-1,1428,1531,1532,-1,1532,1531,1533,-1,1532,1533,1486,-1,1486,1533,1534,-1,1486,1534,1487,-1,1535,1536,1490,-1,1490,1536,1537,-1,1490,1537,1508,-1,1509,1538,1490,-1,1490,1538,1539,-1,1490,1539,1491,-1,1540,1541,1542,-1,1542,1541,1543,-1,1542,1543,1544,-1,1424,1545,1422,-1,1422,1545,1546,-1,1422,1546,1547,-1,1547,1546,1548,-1,1547,1548,1549,-1,1549,1548,1550,-1,1549,1550,1551,-1,1551,1550,1552,-1,1551,1552,1553,-1,1553,1552,1554,-1,1553,1554,1540,-1,1540,1554,1555,-1,1540,1555,1541,-1,1475,1556,1476,-1,1476,1556,1557,-1,1476,1557,1558,-1,1558,1557,1559,-1,1558,1559,1560,-1,1560,1559,1561,-1,1560,1561,1562,-1,1562,1561,1563,-1,1562,1563,1564,-1,1564,1563,1565,-1,1564,1565,1566,-1,1566,1565,1567,-1,1566,1567,1514,-1,1514,1567,1568,-1,1514,1568,1512,-1,1515,1569,1514,-1,1514,1569,1570,-1,1514,1570,1571,-1,1406,1408,1490,-1,1490,1408,1572,-1,1490,1572,1535,-1,1543,1573,1544,-1,1544,1573,1574,-1,1544,1574,1575,-1,1575,1574,1576,-1,1575,1576,1577,-1,1577,1576,1578,-1,1577,1578,1431,-1,1431,1578,1579,-1,1431,1579,1432,-1,1580,1581,1571,-1,1571,1581,1582,-1,1571,1582,1583,-1,1584,1585,1586,-1,1586,1585,1587,-1,1586,1587,1448,-1,1448,1587,1588,-1,1448,1588,1449,-1,1412,1589,1410,-1,1410,1589,1590,-1,1410,1590,1591,-1,1591,1590,1592,-1,1591,1592,1593,-1,1593,1592,1594,-1,1593,1594,1595,-1,1595,1594,1596,-1,1595,1596,1597,-1,1597,1596,1598,-1,1597,1598,1599,-1,1599,1598,1600,-1,1599,1600,1601,-1,1601,1600,1602,-1,1601,1602,1603,-1,1603,1602,1604,-1,1603,1604,1605,-1,1605,1604,1606,-1,1605,1606,1584,-1,1584,1606,1607,-1,1584,1607,1585,-1,1583,1608,1571,-1,1571,1608,1609,-1,1571,1609,1514,-1,1328,1516,1482,-1,1328,1482,1330,-1,1330,1482,1480,-1,1330,1480,1331,-1,1331,1480,1478,-1,1331,1478,1259,-1,1259,1478,1529,-1,1259,1529,1261,-1,1261,1529,1528,-1,1261,1528,1263,-1,1263,1528,1526,-1,1263,1526,1265,-1,1265,1526,1524,-1,1265,1524,1365,-1,1365,1524,1522,-1,1365,1522,1364,-1,1364,1522,1521,-1,1364,1521,1362,-1,1362,1521,1453,-1,1362,1453,1195,-1,1195,1453,1451,-1,1195,1451,1312,-1,1312,1451,1449,-1,1312,1449,1313,-1,1313,1449,1588,-1,1313,1588,1315,-1,1315,1588,1587,-1,1315,1587,1386,-1,1386,1587,1585,-1,1386,1585,1387,-1,1387,1585,1607,-1,1387,1607,1389,-1,1389,1607,1606,-1,1389,1606,1391,-1,1391,1606,1604,-1,1391,1604,1393,-1,1393,1604,1602,-1,1393,1602,1395,-1,1395,1602,1600,-1,1395,1600,1396,-1,1396,1600,1598,-1,1396,1598,1347,-1,1347,1598,1596,-1,1347,1596,1345,-1,1345,1596,1594,-1,1345,1594,1371,-1,1371,1594,1592,-1,1371,1592,1240,-1,1240,1592,1590,-1,1240,1590,1238,-1,1238,1590,1589,-1,1238,1589,1192,-1,1192,1589,1412,-1,1192,1412,1304,-1,1304,1412,1455,-1,1304,1455,1305,-1,1305,1455,1457,-1,1305,1457,1307,-1,1307,1457,1463,-1,1307,1463,1309,-1,1309,1463,1465,-1,1309,1465,1189,-1,1189,1465,1496,-1,1189,1496,1276,-1,1276,1496,1495,-1,1276,1495,1274,-1,1274,1495,1436,-1,1274,1436,1272,-1,1272,1436,1434,-1,1272,1434,1231,-1,1231,1434,1432,-1,1231,1432,1232,-1,1232,1432,1579,-1,1232,1579,1245,-1,1245,1579,1578,-1,1245,1578,1247,-1,1247,1578,1576,-1,1247,1576,1380,-1,1380,1576,1574,-1,1380,1574,1381,-1,1381,1574,1573,-1,1381,1573,1383,-1,1383,1573,1543,-1,1383,1543,1384,-1,1384,1543,1541,-1,1384,1541,1350,-1,1350,1541,1555,-1,1350,1555,1352,-1,1352,1555,1554,-1,1352,1554,1354,-1,1354,1554,1552,-1,1354,1552,1356,-1,1356,1552,1550,-1,1356,1550,1358,-1,1358,1550,1548,-1,1358,1548,1359,-1,1359,1548,1546,-1,1359,1546,1318,-1,1318,1546,1545,-1,1318,1545,1320,-1,1320,1545,1424,-1,1320,1424,1322,-1,1322,1424,1438,-1,1322,1438,1323,-1,1323,1438,1440,-1,1323,1440,1268,-1,1268,1440,1442,-1,1268,1442,1270,-1,1270,1442,1443,-1,1270,1443,1271,-1,1271,1443,1445,-1,1271,1445,1242,-1,1242,1445,1446,-1,1242,1446,1243,-1,1243,1446,1417,-1,1243,1417,1204,-1,1204,1417,1416,-1,1204,1416,1205,-1,1205,1416,1414,-1,1205,1414,1206,-1,1206,1414,1413,-1,1206,1413,1184,-1,1184,1413,1487,-1,1184,1487,1185,-1,1185,1487,1534,-1,1185,1534,1223,-1,1223,1534,1533,-1,1223,1533,1224,-1,1224,1533,1531,-1,1224,1531,1217,-1,1217,1531,1530,-1,1217,1530,1219,-1,1219,1530,1430,-1,1219,1430,1294,-1,1294,1430,1499,-1,1294,1499,1293,-1,1293,1499,1401,-1,1293,1401,1212,-1,1212,1401,1404,-1,1212,1404,1214,-1,1214,1404,1405,-1,1214,1405,1215,-1,1215,1405,1427,-1,1215,1427,1249,-1,1249,1427,1426,-1,1249,1426,1250,-1,1250,1426,1425,-1,1250,1425,1251,-1,1251,1425,1403,-1,1251,1403,1213,-1,1213,1403,1402,-1,1213,1402,1211,-1,1209,1211,1400,-1,1400,1211,1402,-1,1207,1209,1398,-1,1398,1209,1400,-1,1208,1207,1397,-1,1397,1207,1398,-1,1210,1208,1399,-1,1399,1208,1397,-1,1210,1399,1505,-1,1210,1505,1257,-1,1257,1505,1503,-1,1257,1503,1255,-1,1255,1503,1502,-1,1255,1502,1200,-1,1200,1502,1493,-1,1200,1493,1288,-1,1288,1493,1491,-1,1288,1491,1289,-1,1289,1491,1539,-1,1289,1539,1290,-1,1290,1539,1538,-1,1290,1538,1284,-1,1284,1538,1509,-1,1284,1509,1286,-1,1286,1509,1508,-1,1286,1508,1337,-1,1337,1508,1537,-1,1337,1537,1338,-1,1338,1537,1536,-1,1338,1536,1340,-1,1340,1536,1535,-1,1340,1535,1341,-1,1341,1535,1572,-1,1341,1572,1281,-1,1281,1572,1408,-1,1281,1408,1186,-1,1186,1408,1444,-1,1186,1444,1241,-1,1241,1444,1441,-1,1241,1441,1269,-1,1269,1441,1439,-1,1269,1439,1267,-1,1267,1439,1423,-1,1267,1423,1321,-1,1321,1423,1422,-1,1321,1422,1319,-1,1319,1422,1547,-1,1319,1547,1317,-1,1317,1547,1549,-1,1317,1549,1357,-1,1357,1549,1551,-1,1357,1551,1355,-1,1355,1551,1553,-1,1355,1553,1353,-1,1353,1553,1540,-1,1353,1540,1351,-1,1351,1540,1542,-1,1351,1542,1349,-1,1349,1542,1544,-1,1349,1544,1382,-1,1382,1544,1575,-1,1382,1575,1248,-1,1248,1575,1577,-1,1248,1577,1246,-1,1246,1577,1431,-1,1246,1431,1244,-1,1244,1431,1433,-1,1244,1433,1230,-1,1230,1433,1435,-1,1230,1435,1273,-1,1273,1435,1437,-1,1273,1437,1275,-1,1275,1437,1497,-1,1275,1497,1277,-1,1277,1497,1498,-1,1277,1498,1278,-1,1278,1498,1510,-1,1278,1510,1187,-1,1187,1510,1511,-1,1187,1511,1188,-1,1188,1511,1467,-1,1188,1467,1311,-1,1311,1467,1466,-1,1311,1466,1310,-1,1310,1466,1464,-1,1310,1464,1308,-1,1308,1464,1456,-1,1308,1456,1306,-1,1306,1456,1411,-1,1306,1411,1190,-1,1190,1411,1410,-1,1190,1410,1191,-1,1191,1410,1591,-1,1191,1591,1239,-1,1239,1591,1593,-1,1239,1593,1372,-1,1372,1593,1595,-1,1372,1595,1373,-1,1373,1595,1597,-1,1373,1597,1346,-1,1346,1597,1599,-1,1346,1599,1348,-1,1348,1599,1601,-1,1348,1601,1394,-1,1394,1601,1603,-1,1394,1603,1392,-1,1392,1603,1605,-1,1392,1605,1390,-1,1390,1605,1584,-1,1390,1584,1388,-1,1388,1584,1586,-1,1388,1586,1316,-1,1316,1586,1448,-1,1316,1448,1314,-1,1314,1448,1450,-1,1314,1450,1193,-1,1193,1450,1452,-1,1193,1452,1194,-1,1194,1452,1454,-1,1194,1454,1196,-1,1196,1454,1485,-1,1196,1485,1197,-1,1360,1197,1484,-1,1484,1197,1485,-1,1360,1484,1459,-1,1360,1459,1361,-1,1361,1459,1458,-1,1361,1458,1363,-1,1363,1458,1523,-1,1363,1523,1266,-1,1266,1523,1525,-1,1266,1525,1264,-1,1264,1525,1527,-1,1264,1527,1262,-1,1262,1527,1477,-1,1262,1477,1260,-1,1260,1477,1479,-1,1260,1479,1258,-1,1258,1479,1481,-1,1258,1481,1329,-1,1329,1481,1483,-1,1329,1483,1327,-1,1327,1483,1518,-1,1327,1518,1325,-1,1325,1518,1468,-1,1325,1468,1334,-1,1334,1468,1470,-1,1334,1470,1303,-1,1303,1470,1472,-1,1303,1472,1301,-1,1301,1472,1474,-1,1301,1474,1299,-1,1299,1474,1476,-1,1299,1476,1297,-1,1297,1476,1558,-1,1297,1558,1201,-1,1201,1558,1560,-1,1201,1560,1202,-1,1202,1560,1562,-1,1202,1562,1234,-1,1236,1234,1564,-1,1564,1234,1562,-1,1236,1564,1566,-1,1236,1566,1369,-1,1369,1566,1514,-1,1369,1514,1342,-1,1342,1514,1609,-1,1342,1609,1385,-1,1385,1609,1608,-1,1385,1608,1374,-1,1374,1608,1583,-1,1374,1583,1375,-1,1375,1583,1582,-1,1375,1582,1377,-1,1377,1582,1581,-1,1377,1581,1378,-1,1378,1581,1580,-1,1378,1580,1379,-1,1379,1580,1571,-1,1379,1571,1376,-1,1376,1571,1570,-1,1376,1570,1366,-1,1366,1570,1569,-1,1366,1569,1367,-1,1367,1569,1515,-1,1367,1515,1368,-1,1368,1515,1513,-1,1368,1513,1343,-1,1343,1513,1512,-1,1343,1512,1344,-1,1344,1512,1568,-1,1344,1568,1370,-1,1370,1568,1567,-1,1370,1567,1237,-1,1237,1567,1565,-1,1237,1565,1235,-1,1233,1235,1563,-1,1563,1235,1565,-1,1233,1563,1561,-1,1233,1561,1203,-1,1203,1561,1559,-1,1203,1559,1295,-1,1295,1559,1557,-1,1295,1557,1296,-1,1296,1557,1556,-1,1296,1556,1298,-1,1298,1556,1475,-1,1298,1475,1300,-1,1300,1475,1473,-1,1300,1473,1302,-1,1302,1473,1471,-1,1302,1471,1332,-1,1332,1471,1469,-1,1332,1469,1333,-1,1333,1469,1520,-1,1333,1520,1335,-1,1335,1520,1519,-1,1335,1519,1336,-1,1336,1519,1517,-1,1336,1517,1326,-1,1326,1517,1516,-1,1326,1516,1328,-1,1283,1490,1492,-1,1283,1492,1198,-1,1198,1492,1494,-1,1198,1494,1199,-1,1199,1494,1504,-1,1199,1504,1256,-1,1256,1504,1506,-1,1256,1506,1324,-1,1324,1506,1507,-1,1324,1507,1225,-1,1225,1507,1421,-1,1225,1421,1226,-1,1226,1421,1420,-1,1226,1420,1227,-1,1227,1420,1419,-1,1227,1419,1228,-1,1228,1419,1418,-1,1228,1418,1229,-1,1229,1418,1501,-1,1229,1501,1291,-1,1291,1501,1500,-1,1291,1500,1292,-1,1292,1500,1429,-1,1292,1429,1220,-1,1220,1429,1428,-1,1220,1428,1218,-1,1218,1428,1532,-1,1218,1532,1216,-1,1216,1532,1486,-1,1216,1486,1222,-1,1222,1486,1488,-1,1222,1488,1221,-1,1221,1488,1489,-1,1221,1489,1254,-1,1254,1489,1462,-1,1254,1462,1253,-1,1253,1462,1461,-1,1253,1461,1252,-1,1252,1461,1460,-1,1252,1460,1279,-1,1279,1460,1415,-1,1279,1415,1280,-1,1280,1415,1447,-1,1280,1447,1282,-1,1282,1447,1409,-1,1282,1409,1339,-1,1339,1409,1407,-1,1339,1407,1287,-1,1287,1407,1406,-1,1287,1406,1285,-1,1285,1406,1490,-1,1285,1490,1283,-1,
        ]
    }
}