#VRML V2.0 utf8
# 3D model generated by easyeda2kicad.py (https://github.com/uPesy/easyeda2kicad.py)

Shape{
    appearance Appearance {
        material  Material 	{
            diffuseColor 0.10980392156862745 0.10980392156862745 0.10980392156862745
            specularColor 0.0784313725490196 0.0784313725490196 0.0784313725490196
            ambientIntensity 0.2
            transparency 0
            shininess 0.5
        }
    }
    geometry IndexedFaceSet {
        ccw TRUE
        solid FALSE
        coord DEF co Coordinate {
            point [
                0.4047 -1.0761 0.0394, 0.3875 -1.0761 0.0394, 0.3831 -0.255 0.0394, 0.8031 -0.255 0.0394, 0.8031 0.4094 0.0394, 1.2047 0.4094 0.0394, -2.5225 -2.5495 0.0394, -2.5225 -3.0839 0.0394, -3.1496 -3.0839 0.0394, -1.9136 1.3012 0.0394, -1.7756 1.3012 0.0394, -1.7756 0.4094 0.0394, 0.1702 0.6497 0.0394, 0.1858 0.6476 0.0394, 0.1858 0.4094 0.0394, 0.3831 0.4094 0.0394, 0.3831 1.3012 0.0394, 0.6073 1.3012 0.0394, 1.7756 1.3012 0.0394, 1.9136 1.3012 0.0394, 2.5197 0.4094 0.0394, 1.9136 3.0512 0.0394, 2.3366 3.0512 0.0394, 2.5197 3.0512 0.0394, 0.8858 0.7638 0.0394, 0.8899 0.7332 0.0394, 0.8031 1.3012 0.0394, 0.9449 0.8661 0.0394, 0.9204 0.8473 0.0394, 0.9017 0.8228 0.0394, 0.8899 0.7943 0.0394, 1.118 0.7332 0.0394, 1.122 0.7638 0.0394, 1.118 0.7943 0.0394, 1.1062 0.8228 0.0394, 1.2047 1.3012 0.0394, 1.0875 0.8473 0.0394, 1.063 0.8661 0.0394, 1.0345 0.8779 0.0394, 1.0039 0.8819 0.0394, 0.9734 0.8779 0.0394, 0.9017 0.7047 0.0394, 0.9204 0.6803 0.0394, 0.9449 0.6615 0.0394, 1.063 0.6615 0.0394, 1.0875 0.6803 0.0394, 1.1062 0.7047 0.0394, 0.9734 0.6497 0.0394, 1.0039 0.6457 0.0394, 1.0345 0.6497 0.0394, 0.6073 0.4094 0.0394, 0.2843 0.6803 0.0394, 0.3031 0.7047 0.0394, 0.2722 0.8566 0.0394, 0.2722 1.3012 0.0394, 0.2843 0.8473 0.0394, 0.3031 0.8228 0.0394, 0.2722 0.671 0.0394, 0.3149 0.7332 0.0394, 0.3189 0.7638 0.0394, 0.3149 0.7943 0.0394, 0.2598 0.8661 0.0394, 0.2314 0.8779 0.0394, 0.1858 1.3012 0.0394, 0.2008 0.8819 0.0394, 0.1858 0.8799 0.0394, 0.0795 1.3012 0.0394, 0.1702 0.8779 0.0394, 0.1417 0.8661 0.0394, 0.1173 0.8473 0.0394, 0.0985 0.8228 0.0394, 0.0867 0.7943 0.0394, 0.0827 0.7638 0.0394, 0.0795 0.4094 0.0394, 0.0867 0.7332 0.0394, 0.0985 0.7047 0.0394, 0.1173 0.6803 0.0394, 0.1417 0.6615 0.0394, -0.4016 1.3012 0.0394, -0.0334 1.3012 0.0394, -0.4016 0.4094 0.0394, -0.0334 0.4094 0.0394, -0.8031 1.3012 0.0394, -0.6614 0.8661 0.0394, -0.6859 0.8473 0.0394, -0.7046 0.8228 0.0394, -0.7164 0.7943 0.0394, -0.7205 0.7638 0.0394, -0.5001 0.7047 0.0394, -0.5188 0.6803 0.0394, -0.5433 0.6615 0.0394, -0.5188 0.8473 0.0394, -0.5433 0.8661 0.0394, -0.8031 0.4094 0.0394, -0.7164 0.7332 0.0394, -0.6329 0.6497 0.0394, -0.6024 0.6457 0.0394, -0.5718 0.6497 0.0394, -0.5001 0.8228 0.0394, -0.5718 0.8779 0.0394, -0.6024 0.8819 0.0394, -0.6329 0.8779 0.0394, -0.7046 0.7047 0.0394, -0.6859 0.6803 0.0394, -0.6614 0.6615 0.0394, -0.4883 0.7332 0.0394, -0.4843 0.7638 0.0394, -0.4883 0.7943 0.0394, -1.4646 0.8661 0.0394, -1.489 0.8473 0.0394, -1.5078 0.8228 0.0394, -1.5196 0.7943 0.0394, -1.5236 0.7638 0.0394, -1.5196 0.7332 0.0394, -1.2047 0.4094 0.0394, -1.2914 0.7332 0.0394, -1.2874 0.7638 0.0394, -1.2914 0.7943 0.0394, -1.3032 0.8228 0.0394, -1.2047 1.3012 0.0394, -1.322 0.8473 0.0394, -1.3465 0.8661 0.0394, -1.3749 0.8779 0.0394, -1.4055 0.8819 0.0394, -1.4361 0.8779 0.0394, -1.5078 0.7047 0.0394, -1.489 0.6803 0.0394, -1.4646 0.6615 0.0394, -1.4361 0.6497 0.0394, -1.4055 0.6457 0.0394, -1.3749 0.6497 0.0394, -1.3465 0.6615 0.0394, -1.322 0.6803 0.0394, -1.3032 0.7047 0.0394, -3.1496 0.4094 0.0394, -3.1496 3.0512 0.0394, -1.9136 3.0512 0.0394, -2.7339 -1.3722 0.0394, -2.6181 -1.4113 0.0394, -2.2029 -1.3057 0.0394, -2.2008 -1.3035 0.0394, -1.7756 -1.3035 0.0394, -2.4213 -1.4113 0.0394, -1.7756 -2.5495 0.0394, -2.3055 -1.3722 0.0394, -1.2047 -1.3035 0.0394, -1.2047 -2.5495 0.0394, -0.8031 -1.3035 0.0394, -0.8031 -2.5495 0.0394, -0.4016 -1.3035 0.0394, -0.4016 -2.5495 0.0394, -0.0334 -1.3035 0.0394, -0.0334 -2.5495 0.0394, 0.0795 -1.3035 0.0394, 0.0795 -2.5495 0.0394, 0.1858 -1.3035 0.0394, 0.1858 -2.5495 0.0394, 0.2722 -1.3035 0.0394, 0.2722 -2.5495 0.0394, 0.3831 -1.3035 0.0394, 0.3831 -2.5495 0.0394, 0.6073 -1.3035 0.0394, 0.6073 -2.5495 0.0394, 0.8031 -1.3035 0.0394, 0.8031 -2.5495 0.0394, 1.2047 -1.3035 0.0394, 1.2047 -2.5495 0.0394, 1.7756 -1.3035 0.0394, 1.7756 -2.5495 0.0394, 2.2008 -1.3035 0.0394, 2.5197 -1.3035 0.0394, 2.6181 -1.3035 0.0394, 2.6181 -1.4113 0.0394, 3.0807 -3.0839 0.0394, 2.5225 -3.0839 0.0394, 3.0807 -1.3035 0.0394, 2.5225 -2.5495 0.0394, 2.8365 -1.3057 0.0394, 2.7339 -1.3722 0.0394, 2.5197 -2.5495 0.0394, -2.0314 -0.9902 0.0394, -2.0314 -0.868 0.0394, -1.7756 -0.255 0.0394, -2.4213 -1.3035 0.0394, -2.6181 -1.3035 0.0394, -2.4213 -0.447 0.0394, -2.6181 -0.447 0.0394, -3.1496 -0.255 0.0394, -2.2029 -0.5525 0.0394, -2.3055 -0.4861 0.0394, -2.1199 -1.2161 0.0394, -2.0615 -1.1087 0.0394, -2.0615 -0.7496 0.0394, -2.1199 -0.6422 0.0394, -2.9779 -1.1087 0.0394, -2.9195 -1.2161 0.0394, -3.1496 -1.3035 0.0394, -2.8385 -1.3035 0.0394, -2.8365 -1.3057 0.0394, -2.7339 -0.4861 0.0394, -2.8365 -0.5525 0.0394, -2.9195 -0.6422 0.0394, -2.9779 -0.7496 0.0394, -3.008 -0.868 0.0394, -3.008 -0.9902 0.0394, 2.9195 -0.6422 0.0394, 2.8365 -0.5525 0.0394, 3.0807 -0.255 0.0394, 2.6181 -0.447 0.0394, 2.5197 -0.255 0.0394, 2.7339 -0.4861 0.0394, 2.8385 -1.3035 0.0394, 2.9195 -1.2161 0.0394, 2.9779 -1.1087 0.0394, 3.008 -0.9902 0.0394, 3.008 -0.868 0.0394, 2.9779 -0.7496 0.0394, 2.2029 -1.3057 0.0394, 2.3055 -1.3722 0.0394, 2.4213 -1.4113 0.0394, 2.4213 -1.3035 0.0394, 2.0314 -0.868 0.0394, 2.0314 -0.9902 0.0394, 2.0615 -1.1087 0.0394, 2.1199 -1.2161 0.0394, 2.4213 -0.447 0.0394, 2.3055 -0.4861 0.0394, 1.7756 -0.255 0.0394, 2.2029 -0.5525 0.0394, 2.1199 -0.6422 0.0394, 2.0615 -0.7496 0.0394, 0.5001 -0.0039 0.0394, 0.5188 -0.0284 0.0394, 0.5718 -0.059 0.0394, 0.6024 -0.063 0.0394, 0.6073 -0.255 0.0394, 0.5718 0.1692 0.0394, 0.5433 0.1574 0.0394, 0.5188 0.1386 0.0394, 0.5001 0.1142 0.0394, 0.6024 0.1732 0.0394, 0.4883 0.0857 0.0394, 0.4843 0.0551 0.0394, 0.4883 0.0245 0.0394, 0.5433 -0.0472 0.0394, 0.6859 -0.0284 0.0394, 0.7046 -0.0039 0.0394, 0.7046 0.1142 0.0394, 0.6859 0.1386 0.0394, 0.6614 0.1574 0.0394, 0.6329 0.1692 0.0394, 0.6073 0.1726 0.0394, 0.7164 0.0245 0.0394, 0.7205 0.0551 0.0394, 0.7164 0.0857 0.0394, 0.6073 -0.0623 0.0394, 0.6329 -0.059 0.0394, 0.6614 -0.0472 0.0394, 0.2008 0.6457 0.0394, 0.2314 0.6497 0.0394, 0.2722 0.4094 0.0394, 0.2598 0.6615 0.0394, -1.2047 -0.255 0.0394, -1.0875 -0.0284 0.0394, -1.1062 -0.0039 0.0394, -1.118 0.0245 0.0394, -1.122 0.0551 0.0394, -1.118 0.0857 0.0394, -0.9449 0.1574 0.0394, -0.9204 0.1386 0.0394, -0.9017 0.1142 0.0394, -1.063 0.1574 0.0394, -1.0875 0.1386 0.0394, -1.1062 0.1142 0.0394, -1.063 -0.0472 0.0394, -1.0345 -0.059 0.0394, -0.8031 -0.255 0.0394, -1.0039 -0.063 0.0394, -0.9734 -0.059 0.0394, -0.9449 -0.0472 0.0394, -0.9204 -0.0284 0.0394, -0.9017 -0.0039 0.0394, -0.9734 0.1692 0.0394, -1.0039 0.1732 0.0394, -1.0345 0.1692 0.0394, -0.8899 0.0245 0.0394, -0.8858 0.0551 0.0394, -0.8899 0.0857 0.0394, -0.4016 -0.255 0.0394, -0.2598 0.1574 0.0394, -0.2843 0.1386 0.0394, -0.3031 0.1142 0.0394, -0.3031 -0.0039 0.0394, -0.2843 -0.0284 0.0394, -0.3149 0.0857 0.0394, -0.3189 0.0551 0.0394, -0.3149 0.0245 0.0394, -0.0985 0.1142 0.0394, -0.1173 0.1386 0.0394, -0.1417 0.1574 0.0394, -0.1702 -0.059 0.0394, -0.1417 -0.0472 0.0394, -0.0334 -0.255 0.0394, -0.1173 -0.0284 0.0394, -0.0827 0.0551 0.0394, -0.0867 0.0857 0.0394, -0.1702 0.1692 0.0394, -0.2008 0.1732 0.0394, -0.2314 0.1692 0.0394, -0.0985 -0.0039 0.0394, -0.0867 0.0245 0.0394, -0.2598 -0.0472 0.0394, -0.2314 -0.059 0.0394, -0.2008 -0.063 0.0394, 0.0795 -0.255 0.0394, 0.1858 -0.255 0.0394, 0.2722 -0.255 0.0394, 1.2047 -0.255 0.0394, 1.2874 0.0551 0.0394, 1.2914 0.0245 0.0394, 1.489 -0.0284 0.0394, 1.5078 -0.0039 0.0394, 1.3749 0.1692 0.0394, 1.3465 0.1574 0.0394, 1.2914 0.0857 0.0394, 1.3032 -0.0039 0.0394, 1.322 -0.0284 0.0394, 1.3465 -0.0472 0.0394, 1.4646 -0.0472 0.0394, 1.7756 0.4094 0.0394, 1.5078 0.1142 0.0394, 1.489 0.1386 0.0394, 1.322 0.1386 0.0394, 1.3032 0.1142 0.0394, 1.3749 -0.059 0.0394, 1.4055 -0.063 0.0394, 1.4361 -0.059 0.0394, 1.4646 0.1574 0.0394, 1.4361 0.1692 0.0394, 1.4055 0.1732 0.0394, 1.5196 0.0245 0.0394, 1.5236 0.0551 0.0394, 1.5196 0.0857 0.0394, 3.0807 3.0512 0.0394, 3.0807 0.4094 0.0394, 0.0763 -1.0761 0.0394, 0.0158 -1.0761 0.0394, 0.0158 -1.1943 0.0394, 0.0317 -1.1943 0.0394, 0.0317 -1.0891 0.0394, 0.0763 -1.0891 0.0394, 0.1743 -1.0823 0.0394, 0.1743 -1.0952 0.0394, 0.0927 -1.1632 0.0394, 0.0997 -1.1744 0.0394, 0.11 -1.1843 0.0394, 0.1466 -1.1827 0.0394, 0.1722 -1.0941 0.0394, 0.161 -1.1809 0.0394, 0.1743 -1.1752 0.0394, 0.1743 -1.191 0.0394, 0.1606 -1.1947 0.0394, 0.0975 -1.0954 0.0394, 0.0912 -1.1065 0.0394, 0.1273 -1.0762 0.0394, 0.1158 -1.0801 0.0394, 0.1062 -1.0863 0.0394, 0.0876 -1.1192 0.0394, 0.0864 -1.133 0.0394, 0.0881 -1.1497 0.0394, 0.135 -1.1814 0.0394, 0.1262 -1.1782 0.0394, 0.1178 -1.1726 0.0394, 0.1107 -1.1647 0.0394, 0.1059 -1.1556 0.0394, 0.1028 -1.1428 0.0394, 0.1023 -1.1339 0.0394, 0.1035 -1.1212 0.0394, 0.1067 -1.111 0.0394, 0.144 -1.0877 0.0394, 0.1171 -1.097 0.0394, 0.133 -1.0889 0.0394, 0.1243 -1.0921 0.0394, 0.1116 -1.1028 0.0394, 0.1596 -1.0894 0.0394, 0.1211 -1.1907 0.0394, 0.134 -1.1946 0.0394, 0.1465 -1.1957 0.0394, 0.1617 -1.0771 0.0394, 0.145 -1.0748 0.0394, 0.1418 -1.0747 0.0394, 0.2607 -1.0761 0.0394, 0.1973 -1.0761 0.0394, 0.1973 -1.1943 0.0394, 0.2578 -1.1943 0.0394, 0.2578 -1.1813 0.0394, 0.2607 -1.0891 0.0394, 0.2132 -1.1294 0.0394, 0.2132 -1.0891 0.0394, 0.2549 -1.1294 0.0394, 0.2549 -1.1424 0.0394, 0.2132 -1.1424 0.0394, 0.2132 -1.1813 0.0394, 0.3341 -1.1924 0.0394, 0.348 -1.1876 0.0394, 0.3597 -1.18 0.0394, 0.3729 -1.1086 0.0394, 0.3663 -1.0982 0.0394, 0.3567 -1.0888 0.0394, 0.3444 -1.0816 0.0394, 0.3171 -1.1943 0.0394, 0.3308 -1.0775 0.0394, 0.3159 -1.0761 0.0394, 0.2838 -1.0761 0.0394, 0.2838 -1.1943 0.0394, 0.3643 -1.1757 0.0394, 0.3713 -1.1665 0.0394, 0.3763 -1.155 0.0394, 0.3786 -1.1425 0.0394, 0.3788 -1.1367 0.0394, 0.3772 -1.1209 0.0394, 0.4321 -1.1943 0.0394, 0.448 -1.1943 0.0394, 0.494 -1.0761 0.0394, 0.4648 -1.1093 0.0394, 0.416 -1.1093 0.0394, 0.4768 -1.0761 0.0394, 3.1496 3.0512 0.0394, 3.1496 0.4094 0.0394, 3.1496 -0.255 0.0394, 3.1496 -1.3035 0.0394, 3.1496 -3.0839 0.0394, 2.9528 3.0512 5.1575, 3.1496 3.0512 5.1575, 2.9528 3.0512 5.0787, 3.1496 3.0512 2.9582, 2.3366 3.0512 5.0787, 1.3002 3.0512 3.4121, 1.3163 3.0512 3.3824, 1.2047 3.0512 2.9582, 1.3377 3.0512 3.3584, 1.4947 3.0512 3.3824, 1.5108 3.0512 3.4121, 2.3366 3.0512 2.9582, 1.5206 3.0512 3.4457, 1.5236 3.0512 3.4785, 1.2047 3.0512 5.0787, 1.2874 3.0512 3.4785, 1.2904 3.0512 3.4457, 1.3769 3.0512 3.3362, 1.3911 3.0512 3.333, 1.4055 3.0512 3.3319, 1.4199 3.0512 3.333, 1.35 3.0512 3.3491, 1.3631 3.0512 3.3416, 1.4341 3.0512 3.3362, 1.4479 3.0512 3.3416, 1.461 3.0512 3.3491, 1.4733 3.0512 3.3584, 0.7205 3.0512 3.4785, 0.4843 3.0512 3.4785, 0.4016 3.0512 5.0787, 0.8031 3.0512 2.9582, 0.6916 3.0512 3.3824, 0.7077 3.0512 3.4121, 0.4872 3.0512 3.4457, 0.4971 3.0512 3.4121, 0.4016 3.0512 2.9582, 0.5132 3.0512 3.3824, 0.5346 3.0512 3.3584, 0.7175 3.0512 3.4457, 0.8031 3.0512 5.0787, 0.6024 3.0512 3.3319, 0.588 3.0512 3.333, 0.5738 3.0512 3.3362, 0.6168 3.0512 3.333, 0.631 3.0512 3.3362, 0.6447 3.0512 3.3416, 0.5469 3.0512 3.3491, 0.56 3.0512 3.3416, 0.6579 3.0512 3.3491, 0.6702 3.0512 3.3584, -0.3159 3.0512 3.4457, -0.3061 3.0512 3.4121, -0.4016 3.0512 2.9582, -0.29 3.0512 3.3824, -0.2686 3.0512 3.3584, -0.1116 3.0512 3.3824, -0.0955 3.0512 3.4121, -0.0 3.0512 2.9582, -0.0857 3.0512 3.4457, -0.0827 3.0512 3.4785, -0.3189 3.0512 3.4785, -0.4016 3.0512 5.0787, 0.0 3.0512 5.0787, -0.2152 3.0512 3.333, -0.2008 3.0512 3.3319, -0.1864 3.0512 3.333, -0.1722 3.0512 3.3362, -0.1584 3.0512 3.3416, -0.2563 3.0512 3.3491, -0.2431 3.0512 3.3416, -0.2294 3.0512 3.3362, -0.1453 3.0512 3.3491, -0.133 3.0512 3.3584, -1.122 3.0512 3.4785, -1.1191 3.0512 3.4457, -1.2047 3.0512 2.9582, -0.8031 3.0512 2.9582, -0.9147 3.0512 3.3824, -0.8986 3.0512 3.4121, -1.1092 3.0512 3.4121, -1.0931 3.0512 3.3824, -1.0717 3.0512 3.3584, -1.0183 3.0512 3.333, -1.0039 3.0512 3.3319, -0.8888 3.0512 3.4457, -0.8858 3.0512 3.4785, -0.8031 3.0512 5.0787, -1.2047 3.0512 5.0787, -0.9895 3.0512 3.333, -0.9753 3.0512 3.3362, -0.9616 3.0512 3.3416, -1.0594 3.0512 3.3491, -1.0463 3.0512 3.3416, -1.0325 3.0512 3.3362, -0.9484 3.0512 3.3491, -0.9361 3.0512 3.3584, -3.1496 3.0512 5.1575, -2.9528 3.0512 5.1575, -2.9528 3.0512 5.0787, -3.1496 3.0512 2.9582, -1.9136 3.0512 0.0787, -3.1496 3.0512 1.2413, -1.2047 3.0512 0.0787, 2.3366 3.0512 1.2413, 3.1496 3.0512 1.2413, 1.9136 3.0512 0.0787, 1.2047 3.0512 1.2413, 1.122 3.0512 2.5845, 0.8858 3.0512 2.5845, 1.0931 3.0512 2.4919, 1.1092 3.0512 2.5205, 0.8888 3.0512 2.5529, 0.8986 3.0512 2.5205, 0.8031 3.0512 1.2413, 0.9147 3.0512 2.4919, 0.9361 3.0512 2.4688, 1.1191 3.0512 2.5529, 0.9753 3.0512 2.4473, 0.9895 3.0512 2.4442, 1.0039 3.0512 2.4431, 1.0183 3.0512 2.4442, 1.0325 3.0512 2.4473, 1.0463 3.0512 2.4525, 0.9484 3.0512 2.4597, 0.9616 3.0512 2.4525, 1.0594 3.0512 2.4597, 1.0717 3.0512 2.4688, 0.0857 3.0512 2.5529, 0.0955 3.0512 2.5205, -0.0 3.0512 1.2413, 0.1116 3.0512 2.4919, 0.133 3.0512 2.4688, 0.29 3.0512 2.4919, 0.3061 3.0512 2.5205, 0.4016 3.0512 1.2413, 0.3159 3.0512 2.5529, 0.3189 3.0512 2.5845, 0.0827 3.0512 2.5845, 0.1722 3.0512 2.4473, 0.1864 3.0512 2.4442, 0.2008 3.0512 2.4431, 0.2152 3.0512 2.4442, 0.2294 3.0512 2.4473, 0.2431 3.0512 2.4525, 0.1453 3.0512 2.4597, 0.1584 3.0512 2.4525, 0.2563 3.0512 2.4597, 0.2686 3.0512 2.4688, -0.4016 3.0512 1.2413, -0.7175 3.0512 2.5529, -0.7077 3.0512 2.5205, -0.8031 3.0512 1.2413, -0.6916 3.0512 2.4919, -0.6702 3.0512 2.4688, -0.5132 3.0512 2.4919, -0.4971 3.0512 2.5205, -0.7205 3.0512 2.5845, -0.4843 3.0512 2.5845, -0.4872 3.0512 2.5529, -0.631 3.0512 2.4473, -0.6168 3.0512 2.4442, -0.6024 3.0512 2.4431, -0.588 3.0512 2.4442, -0.5738 3.0512 2.4473, -0.56 3.0512 2.4525, -0.6579 3.0512 2.4597, -0.6447 3.0512 2.4525, -0.5469 3.0512 2.4597, -0.5346 3.0512 2.4688, -1.2047 3.0512 1.2413, -1.3163 3.0512 2.4919, -1.3002 3.0512 2.5205, -1.5108 3.0512 2.5205, -1.5206 3.0512 2.5529, -1.5236 3.0512 2.5845, -1.2874 3.0512 2.5845, -1.2904 3.0512 2.5529, -1.4479 3.0512 2.4525, -1.4341 3.0512 2.4473, -1.4199 3.0512 2.4442, -1.4055 3.0512 2.4431, -1.3911 3.0512 2.4442, -1.3769 3.0512 2.4473, -1.3631 3.0512 2.4525, -1.4947 3.0512 2.4919, -1.4733 3.0512 2.4688, -1.461 3.0512 2.4597, -0.8031 3.0512 0.0787, -0.4016 3.0512 0.0787, -0.0 3.0512 0.0787, 0.4016 3.0512 0.0787, 0.8031 3.0512 0.0787, 1.2047 3.0512 0.0787, -1.35 3.0512 2.4597, -1.3377 3.0512 2.4688, -1.3377 3.0512 2.4688
            ]
        }
        coordIndex [
            0,1,2,-1,3,4,5,-1,6,7,8,-1,9,10,11,-1,12,13,14,-1,15,16,17,-1,18,19,20,-1,19,21,20,-1,20,21,22,-1,20,22,23,-1,4,24,25,-1,26,27,28,-1,28,29,26,-1,26,29,30,-1,26,30,24,-1,5,31,32,-1,33,34,35,-1,35,34,36,-1,35,36,37,-1,37,38,35,-1,35,38,39,-1,35,39,26,-1,26,39,40,-1,26,40,27,-1,25,41,4,-1,4,41,42,-1,4,42,43,-1,44,45,5,-1,5,45,46,-1,5,46,31,-1,43,47,4,-1,4,47,48,-1,4,48,5,-1,5,48,49,-1,5,49,44,-1,24,4,26,-1,26,4,50,-1,26,50,17,-1,51,52,15,-1,53,54,55,-1,55,54,16,-1,55,16,56,-1,51,15,57,-1,52,58,15,-1,15,58,59,-1,15,59,16,-1,16,59,60,-1,16,60,56,-1,53,61,54,-1,54,61,62,-1,54,62,63,-1,62,64,63,-1,63,64,65,-1,63,65,66,-1,66,65,67,-1,67,68,66,-1,66,68,69,-1,66,69,70,-1,70,71,66,-1,66,71,72,-1,66,72,73,-1,73,72,74,-1,74,75,73,-1,73,75,76,-1,73,76,77,-1,78,79,80,-1,80,79,81,-1,82,83,84,-1,84,85,82,-1,82,85,86,-1,82,86,87,-1,88,80,89,-1,89,80,90,-1,91,92,78,-1,93,87,94,-1,95,96,80,-1,80,96,97,-1,80,97,90,-1,91,78,98,-1,92,99,78,-1,78,99,100,-1,78,100,82,-1,82,100,101,-1,82,101,83,-1,94,102,93,-1,93,102,103,-1,93,103,104,-1,88,105,80,-1,80,105,106,-1,80,106,78,-1,78,106,107,-1,78,107,98,-1,10,108,109,-1,109,110,10,-1,10,110,111,-1,10,111,11,-1,11,111,112,-1,11,112,113,-1,114,115,116,-1,117,118,119,-1,119,118,120,-1,119,120,121,-1,121,122,119,-1,119,122,123,-1,119,123,10,-1,10,123,124,-1,10,124,108,-1,113,125,11,-1,11,125,126,-1,11,126,127,-1,128,129,114,-1,114,129,130,-1,114,130,131,-1,131,132,114,-1,114,132,133,-1,114,133,115,-1,87,93,82,-1,82,93,114,-1,82,114,119,-1,119,114,116,-1,119,116,117,-1,134,135,136,-1,137,138,8,-1,139,140,141,-1,6,142,143,-1,143,142,144,-1,143,144,139,-1,139,141,143,-1,143,141,145,-1,143,145,146,-1,146,145,147,-1,146,147,148,-1,148,147,149,-1,148,149,150,-1,150,149,151,-1,150,151,152,-1,152,151,153,-1,152,153,154,-1,154,153,155,-1,154,155,156,-1,156,155,157,-1,156,157,158,-1,158,159,160,-1,160,159,161,-1,160,161,162,-1,162,161,163,-1,162,163,164,-1,164,163,165,-1,164,165,166,-1,166,165,167,-1,166,167,168,-1,168,167,169,-1,170,171,172,-1,173,174,175,-1,175,174,176,-1,177,175,178,-1,178,175,176,-1,178,176,172,-1,172,176,179,-1,172,179,170,-1,180,181,182,-1,6,8,142,-1,142,8,138,-1,142,138,183,-1,183,138,184,-1,183,184,185,-1,185,184,186,-1,185,186,187,-1,182,188,189,-1,140,190,141,-1,141,190,191,-1,141,191,180,-1,181,192,182,-1,182,192,193,-1,182,193,188,-1,194,195,196,-1,196,195,197,-1,196,197,8,-1,8,197,198,-1,8,198,137,-1,186,199,187,-1,187,199,200,-1,187,200,201,-1,201,202,187,-1,187,202,203,-1,187,203,196,-1,196,203,204,-1,196,204,194,-1,205,206,207,-1,171,170,208,-1,208,170,209,-1,208,209,210,-1,177,211,175,-1,175,211,212,-1,175,212,213,-1,213,214,175,-1,175,214,215,-1,175,215,207,-1,207,215,216,-1,207,216,205,-1,169,217,168,-1,168,217,218,-1,168,218,179,-1,179,218,219,-1,179,219,170,-1,170,219,220,-1,170,220,209,-1,221,222,167,-1,222,223,167,-1,167,223,224,-1,167,224,169,-1,225,226,227,-1,227,226,228,-1,228,229,227,-1,227,229,230,-1,227,230,221,-1,231,232,2,-1,233,234,235,-1,236,237,15,-1,15,237,238,-1,15,238,239,-1,17,50,15,-1,15,50,240,-1,15,240,236,-1,239,241,15,-1,15,241,242,-1,15,242,2,-1,2,242,243,-1,2,243,231,-1,233,235,244,-1,245,246,3,-1,4,247,248,-1,248,249,4,-1,4,249,250,-1,4,250,50,-1,50,250,251,-1,50,251,240,-1,246,252,3,-1,3,252,253,-1,3,253,4,-1,4,253,254,-1,4,254,247,-1,234,255,235,-1,235,255,256,-1,235,256,3,-1,3,256,257,-1,3,257,245,-1,258,259,260,-1,260,259,261,-1,136,9,134,-1,134,9,11,-1,134,11,187,-1,187,11,182,-1,187,182,185,-1,185,182,189,-1,127,128,11,-1,11,128,114,-1,11,114,182,-1,182,114,262,-1,263,262,264,-1,264,262,265,-1,265,262,266,-1,266,262,114,-1,266,114,267,-1,268,93,269,-1,269,93,270,-1,271,272,114,-1,114,272,273,-1,114,273,267,-1,263,274,262,-1,262,274,275,-1,262,275,276,-1,276,275,277,-1,276,277,278,-1,278,279,276,-1,276,279,280,-1,276,280,281,-1,268,282,93,-1,93,282,283,-1,93,283,114,-1,114,283,284,-1,114,284,271,-1,281,285,276,-1,276,285,286,-1,276,286,93,-1,93,286,287,-1,93,287,270,-1,104,95,93,-1,93,95,80,-1,93,80,276,-1,276,80,288,-1,289,290,80,-1,80,290,291,-1,292,293,288,-1,291,294,80,-1,80,294,295,-1,80,295,288,-1,288,295,296,-1,288,296,292,-1,297,298,81,-1,81,298,299,-1,300,301,302,-1,302,301,303,-1,302,304,81,-1,81,304,305,-1,81,305,297,-1,299,306,81,-1,81,306,307,-1,81,307,80,-1,80,307,308,-1,80,308,289,-1,303,309,302,-1,302,309,310,-1,302,310,304,-1,293,311,288,-1,288,311,312,-1,288,312,302,-1,302,312,313,-1,302,313,300,-1,77,12,73,-1,73,12,14,-1,73,14,314,-1,314,14,315,-1,261,57,260,-1,260,57,15,-1,260,15,316,-1,316,15,2,-1,317,318,319,-1,320,321,227,-1,5,322,323,-1,324,318,5,-1,5,318,317,-1,5,317,3,-1,319,325,317,-1,317,325,326,-1,317,326,327,-1,320,227,328,-1,329,330,331,-1,323,332,5,-1,5,332,333,-1,5,333,324,-1,327,334,317,-1,317,334,335,-1,317,335,227,-1,227,335,336,-1,227,336,328,-1,331,337,329,-1,329,337,338,-1,329,338,5,-1,5,338,339,-1,5,339,322,-1,321,340,227,-1,227,340,341,-1,227,341,329,-1,329,341,342,-1,329,342,330,-1,220,225,209,-1,209,225,227,-1,209,227,20,-1,20,227,329,-1,20,329,18,-1,18,329,5,-1,18,5,35,-1,35,5,32,-1,35,32,33,-1,23,343,20,-1,20,343,344,-1,20,344,209,-1,209,344,207,-1,209,207,210,-1,210,207,206,-1,180,182,141,-1,141,182,262,-1,141,262,145,-1,145,262,276,-1,145,276,147,-1,147,276,288,-1,147,288,149,-1,149,288,302,-1,149,302,151,-1,345,346,302,-1,302,346,151,-1,151,346,347,-1,151,347,153,-1,153,347,348,-1,153,348,349,-1,79,66,81,-1,81,66,73,-1,81,73,302,-1,302,73,314,-1,302,314,345,-1,345,314,153,-1,345,153,350,-1,350,153,349,-1,315,155,351,-1,351,155,352,-1,353,354,153,-1,153,354,355,-1,356,357,358,-1,358,357,352,-1,358,352,359,-1,359,352,155,-1,359,155,360,-1,360,155,361,-1,314,362,363,-1,364,365,314,-1,314,365,366,-1,314,366,362,-1,363,367,314,-1,314,367,368,-1,314,368,153,-1,153,368,369,-1,153,369,353,-1,356,370,357,-1,357,370,371,-1,357,371,372,-1,372,373,357,-1,357,373,374,-1,357,374,375,-1,375,376,357,-1,357,376,377,-1,357,377,378,-1,379,380,381,-1,381,380,382,-1,378,383,357,-1,357,383,380,-1,357,380,384,-1,384,380,379,-1,355,385,153,-1,153,385,386,-1,153,386,155,-1,155,386,387,-1,155,387,361,-1,351,388,315,-1,315,388,389,-1,315,389,314,-1,314,389,390,-1,314,390,364,-1,391,392,315,-1,315,392,155,-1,155,392,393,-1,155,393,157,-1,157,393,394,-1,157,394,395,-1,395,396,157,-1,157,396,391,-1,157,391,316,-1,316,391,315,-1,316,315,260,-1,260,315,14,-1,260,14,258,-1,258,14,13,-1,397,398,399,-1,399,398,396,-1,399,396,400,-1,400,396,395,-1,400,395,401,-1,401,395,402,-1,403,404,159,-1,159,404,405,-1,406,407,2,-1,2,407,408,-1,2,408,409,-1,158,157,159,-1,159,157,410,-1,159,410,403,-1,409,411,2,-1,2,411,412,-1,2,412,316,-1,316,412,413,-1,316,413,157,-1,157,413,414,-1,157,414,410,-1,405,415,159,-1,159,415,416,-1,159,416,417,-1,417,418,159,-1,159,418,419,-1,159,419,2,-1,2,419,420,-1,2,420,406,-1,2,1,159,-1,159,1,421,-1,159,421,161,-1,161,421,422,-1,161,422,423,-1,424,425,426,-1,426,425,0,-1,426,0,235,-1,235,0,2,-1,235,2,244,-1,244,2,232,-1,221,167,227,-1,227,167,165,-1,227,165,317,-1,317,165,163,-1,317,163,3,-1,3,163,161,-1,3,161,235,-1,235,161,423,-1,235,423,426,-1,343,427,344,-1,344,427,428,-1,344,428,207,-1,207,428,429,-1,207,429,175,-1,175,429,430,-1,175,430,173,-1,173,430,431,-1,432,433,434,-1,434,433,435,-1,434,435,436,-1,437,438,439,-1,439,438,440,-1,441,442,443,-1,443,442,444,-1,436,445,446,-1,446,445,447,-1,446,447,439,-1,439,447,448,-1,439,448,437,-1,449,450,439,-1,439,450,451,-1,439,451,452,-1,440,453,439,-1,439,453,454,-1,439,454,449,-1,455,456,443,-1,456,457,443,-1,443,457,458,-1,443,458,441,-1,459,460,461,-1,462,463,464,-1,465,466,467,-1,467,466,468,-1,467,468,469,-1,464,470,462,-1,462,470,459,-1,462,459,471,-1,471,459,461,-1,472,462,473,-1,473,462,467,-1,473,467,474,-1,472,475,462,-1,462,475,476,-1,462,476,477,-1,469,478,467,-1,467,478,479,-1,467,479,474,-1,477,480,462,-1,462,480,481,-1,462,481,463,-1,482,483,484,-1,484,483,485,-1,484,485,486,-1,487,488,489,-1,489,488,490,-1,489,490,491,-1,482,484,492,-1,492,484,493,-1,492,493,491,-1,491,493,494,-1,491,494,489,-1,489,494,461,-1,489,461,467,-1,467,461,460,-1,467,460,465,-1,495,496,489,-1,496,497,489,-1,489,497,498,-1,489,498,499,-1,486,500,484,-1,484,500,501,-1,484,501,502,-1,499,503,489,-1,489,503,504,-1,489,504,487,-1,505,506,507,-1,508,509,510,-1,506,511,507,-1,507,511,512,-1,507,512,513,-1,514,515,508,-1,510,516,508,-1,508,516,517,-1,508,517,518,-1,518,517,519,-1,515,520,508,-1,508,520,521,-1,508,521,522,-1,513,523,507,-1,507,523,524,-1,507,524,525,-1,522,526,508,-1,508,526,527,-1,508,527,509,-1,528,529,530,-1,517,505,519,-1,519,505,507,-1,519,507,530,-1,530,507,531,-1,530,531,528,-1,136,135,532,-1,532,135,533,-1,532,533,534,-1,343,23,535,-1,535,23,22,-1,535,22,21,-1,427,343,536,-1,536,343,535,-1,536,535,435,-1,435,535,443,-1,435,443,436,-1,436,443,444,-1,436,444,445,-1,21,537,535,-1,535,537,538,-1,535,538,443,-1,443,538,439,-1,443,439,455,-1,455,439,452,-1,539,540,462,-1,538,541,542,-1,543,544,545,-1,545,544,546,-1,545,546,547,-1,542,548,538,-1,538,548,539,-1,538,539,439,-1,439,539,462,-1,439,462,446,-1,446,462,471,-1,549,550,545,-1,545,550,551,-1,545,551,538,-1,551,552,538,-1,538,552,553,-1,538,553,554,-1,547,555,545,-1,545,555,556,-1,545,556,549,-1,554,557,538,-1,538,557,558,-1,538,558,541,-1,559,560,561,-1,561,560,562,-1,561,562,563,-1,564,565,566,-1,566,565,567,-1,566,567,568,-1,559,561,569,-1,569,561,489,-1,569,489,568,-1,568,489,467,-1,568,467,566,-1,566,467,462,-1,566,462,545,-1,545,462,540,-1,545,540,543,-1,570,571,561,-1,561,571,572,-1,561,572,566,-1,572,573,566,-1,566,573,574,-1,566,574,575,-1,563,576,561,-1,561,576,577,-1,561,577,570,-1,575,578,566,-1,566,578,579,-1,566,579,564,-1,561,580,489,-1,489,580,484,-1,489,484,495,-1,495,484,502,-1,581,582,583,-1,583,582,584,-1,583,584,585,-1,580,586,587,-1,581,583,588,-1,588,583,508,-1,588,508,589,-1,587,590,580,-1,580,590,589,-1,580,589,484,-1,484,589,508,-1,484,508,493,-1,493,508,518,-1,591,592,583,-1,583,592,593,-1,583,593,580,-1,593,594,580,-1,580,594,595,-1,580,595,596,-1,585,597,583,-1,583,597,598,-1,583,598,591,-1,596,599,580,-1,580,599,600,-1,580,600,586,-1,583,601,508,-1,508,601,507,-1,508,507,514,-1,514,507,525,-1,601,602,603,-1,604,533,605,-1,605,533,531,-1,605,531,606,-1,606,531,507,-1,606,507,607,-1,607,507,601,-1,607,601,608,-1,608,601,603,-1,609,610,601,-1,601,610,611,-1,601,611,612,-1,612,613,601,-1,601,613,614,-1,601,614,615,-1,604,616,533,-1,533,616,617,-1,533,617,618,-1,618,609,533,-1,533,609,601,-1,533,601,534,-1,534,601,583,-1,534,583,619,-1,619,583,580,-1,619,580,620,-1,620,580,561,-1,620,561,621,-1,621,561,566,-1,621,566,622,-1,622,566,545,-1,622,545,623,-1,623,545,538,-1,623,538,624,-1,624,538,537,-1,615,625,601,-1,601,625,626,-1,601,626,602,-1,
        ]
    }
}
Shape{
    appearance Appearance {
        material  Material 	{
            diffuseColor 0.7764705882352941 0.7568627450980392 0.7372549019607844
            specularColor 0.38823529411764707 0.3764705882352941 0.3686274509803922
            ambientIntensity 0.2
            transparency 0
            shininess 0.5
        }
    }
    geometry IndexedFaceSet {
        ccw TRUE
        solid FALSE
        coord DEF co Coordinate {
            point [
                -3.0984 3.1654 0.2396, -3.1181 3.1654 0.2396, -3.1181 3.1654 1.9093, 3.1496 3.1654 5.1181, 3.1496 3.1654 1.929, 3.0984 3.1654 1.929, 3.1181 3.1654 1.9093, 3.1181 3.1654 0.2396, 3.0984 3.1654 1.9093, 3.0984 3.1654 0.2396, 1.6535 3.1654 0.0787, -1.6535 3.1654 0.0787, 1.6535 3.1654 0.0984, -1.6535 3.1654 0.0984, -1.6732 3.1654 0.0984, -1.6732 3.1654 0.0, -3.0984 3.1654 0.2199, -3.1496 3.1654 0.0, -3.1496 3.1654 0.2199, 3.1496 3.1654 0.2199, 3.1496 3.1654 -0.0, 3.0984 3.1654 0.2199, 1.6732 3.1654 -0.0, 1.6732 3.1654 0.0984, -3.1496 3.1654 1.929, -3.1496 3.1654 5.1181, -3.0984 3.1654 1.929, -3.0984 3.1654 1.9093, 3.1181 3.126 0.2396, 3.1181 3.126 1.9093, 3.0984 3.126 0.2396, 3.0984 3.126 1.9093, 1.6732 3.126 0.0984, 1.6732 3.126 -0.0, 3.0984 3.126 0.2199, 3.1496 3.126 -0.0, 3.1496 3.126 0.2199, -3.1181 3.126 1.9093, -3.1181 3.126 0.2396, -3.0984 3.126 0.2396, -1.6535 3.126 0.0787, 1.6535 3.126 0.0787, -1.6535 3.126 0.0984, 1.6535 3.126 0.0984, -3.1496 3.126 5.1181, -3.1496 3.126 1.929, 3.1496 3.126 5.1181, -3.0984 3.126 1.929, -3.0984 3.126 1.9093, -1.6732 3.126 0.0984, 3.1496 3.126 1.929, 3.0984 3.126 1.929, -3.1496 3.126 0.2199, -3.1496 3.126 0.0, -3.0984 3.126 0.2199, -1.6732 3.126 0.0, -3.2283 -3.0157 0.0787, -3.2283 -3.0157 5.1181, -3.2283 0.7835 0.0, -3.2283 1.7903 0.2396, -3.2283 1.7903 0.0, -3.2283 -3.0157 0.0, -3.2283 0.1929 0.0, -3.2283 0.1929 -1.122, -3.2283 0.7835 -1.122, -3.2283 0.3406 -1.3778, -3.2283 0.2794 -1.3308, -3.2283 1.793 2.0186, -3.2283 1.7903 1.9983, -3.2283 2.3514 0.8842, -3.2283 2.9685 0.2396, -3.2283 2.726 0.8842, -3.2283 3.0195 0.2463, -3.2283 3.0669 0.2659, -3.2283 3.139 1.8109, -3.2283 3.1586 1.7634, -3.2283 2.726 1.387, -3.2283 3.1654 1.7124, -3.2283 3.1654 0.4364, -3.2283 3.1586 0.3855, -3.2283 1.8009 2.0376, -3.2283 0.6358 -1.3778, -3.2283 0.5646 -1.4073, -3.2283 0.697 -1.3308, -3.2283 0.4882 -1.4173, -3.2283 0.7439 -1.2697, -3.2283 0.7734 -1.1985, -3.2283 0.4118 -1.4073, -3.2283 0.2325 -1.2697, -3.2283 0.203 -1.1985, -3.2283 3.1654 2.077, -3.2283 1.8691 2.077, -3.2283 3.1654 5.1969, -3.2283 1.8487 2.0743, -3.2283 -3.0157 5.1969, -3.2283 1.8297 2.0665, -3.2283 1.8134 2.0539, -3.2283 1.7903 1.988, -3.2283 1.7923 1.9705, -3.2283 1.7981 1.9539, -3.2283 1.8075 1.9389, -3.2283 2.3514 1.387, -3.2283 1.82 1.9265, -3.2283 1.8349 1.9171, -3.2283 1.8515 1.9113, -3.2283 1.8691 1.9093, -3.2283 2.9685 1.9093, -3.2283 3.0195 1.9026, -3.2283 3.139 0.338, -3.2283 3.1077 0.2972, -3.2283 3.0669 1.8829, -3.2283 3.1077 1.8516, -3.189 3.1586 1.7634, -3.189 3.139 1.8109, -3.189 2.726 1.387, -3.189 3.1586 0.3855, -3.189 3.1654 0.4364, -3.189 2.726 0.8842, -3.189 -3.0157 0.0787, -3.189 -3.0157 0.0, -3.189 0.1929 0.0, -3.189 -3.0157 5.1181, -3.189 0.7835 0.0, -3.189 0.7835 -1.122, -3.189 0.1929 -1.122, -3.189 0.203 -1.1985, -3.189 0.3406 -1.3778, -3.189 0.4118 -1.4073, -3.189 0.4882 -1.4173, -3.189 0.5646 -1.4073, -3.189 3.0669 0.2659, -3.189 3.0195 0.2463, -3.189 2.9685 0.2396, -3.189 0.2325 -1.2697, -3.189 0.2794 -1.3308, -3.189 0.6358 -1.3778, -3.189 0.697 -1.3308, -3.189 0.7734 -1.1985, -3.189 0.7439 -1.2697, -3.189 1.7981 1.9539, -3.189 1.7923 1.9705, -3.189 -3.0157 5.1969, -3.189 1.793 2.0186, -3.189 1.8691 2.077, -3.189 3.1654 2.077, -3.189 3.1654 5.1969, -3.189 1.8487 2.0743, -3.189 3.1654 1.7124, -3.189 3.1077 0.2972, -3.189 3.139 0.338, -3.189 1.8075 1.9389, -3.189 1.8009 2.0376, -3.189 1.8134 2.0539, -3.189 1.8297 2.0665, -3.189 1.8691 1.9093, -3.189 1.8515 1.9113, -3.189 2.3514 1.387, -3.189 1.8349 1.9171, -3.189 1.7903 0.2396, -3.189 2.3514 0.8842, -3.189 1.7903 1.988, -3.189 1.7903 1.9983, -3.189 2.9685 1.9093, -3.189 3.0195 1.9026, -3.189 1.82 1.9265, -3.189 1.7903 0.0, -3.189 3.1077 1.8516, -3.189 3.0669 1.8829, 3.189 1.7903 -0.0, 3.2283 1.7903 -0.0, 3.189 0.7835 -0.0, 3.2283 0.7835 -0.0, 3.2283 0.7835 -0.0
            ]
        }
        coordIndex [
            0,1,2,-1,3,4,5,-1,6,7,8,-1,8,7,9,-1,10,11,12,-1,12,11,13,-1,14,15,16,-1,16,15,17,-1,16,17,18,-1,19,20,21,-1,21,20,22,-1,21,22,9,-1,9,22,23,-1,9,23,8,-1,8,23,12,-1,8,12,5,-1,5,12,13,-1,5,13,3,-1,24,25,26,-1,26,25,3,-1,26,3,27,-1,27,3,13,-1,27,13,2,-1,2,13,14,-1,2,14,0,-1,0,14,16,-1,28,29,30,-1,30,29,31,-1,31,32,30,-1,30,32,33,-1,30,33,34,-1,34,33,35,-1,34,35,36,-1,37,38,39,-1,40,41,42,-1,42,41,43,-1,44,45,46,-1,46,45,47,-1,46,47,42,-1,42,47,48,-1,42,48,49,-1,50,46,51,-1,51,46,42,-1,51,42,31,-1,31,42,43,-1,31,43,32,-1,52,53,54,-1,54,53,55,-1,54,55,39,-1,39,55,49,-1,39,49,37,-1,37,49,48,-1,18,17,52,-1,52,17,53,-1,45,44,24,-1,24,44,25,-1,4,3,50,-1,50,3,46,-1,36,35,19,-1,19,35,20,-1,56,57,58,-1,58,57,59,-1,58,59,60,-1,61,56,62,-1,62,56,58,-1,62,58,63,-1,63,58,64,-1,65,66,64,-1,57,67,68,-1,59,69,70,-1,70,69,71,-1,70,71,72,-1,72,71,73,-1,74,75,76,-1,76,75,77,-1,76,77,71,-1,71,77,78,-1,71,78,79,-1,67,57,80,-1,81,82,83,-1,83,82,84,-1,83,84,85,-1,85,84,86,-1,86,84,64,-1,64,84,87,-1,64,87,65,-1,66,88,64,-1,64,88,89,-1,64,89,63,-1,90,91,92,-1,92,91,93,-1,92,93,94,-1,94,93,95,-1,94,95,57,-1,57,95,96,-1,57,96,80,-1,68,97,57,-1,57,97,98,-1,57,98,59,-1,59,98,99,-1,59,99,69,-1,69,99,100,-1,69,100,101,-1,101,100,102,-1,101,102,103,-1,103,104,101,-1,101,104,105,-1,101,105,76,-1,76,105,106,-1,76,106,107,-1,79,108,71,-1,71,108,109,-1,71,109,73,-1,107,110,76,-1,76,110,111,-1,76,111,74,-1,112,113,114,-1,115,116,117,-1,118,119,120,-1,121,118,122,-1,122,118,120,-1,122,120,123,-1,123,120,124,-1,123,124,125,-1,126,127,123,-1,123,127,128,-1,123,128,129,-1,130,117,131,-1,131,117,132,-1,125,133,123,-1,123,133,134,-1,123,134,126,-1,129,135,123,-1,123,135,136,-1,123,136,137,-1,137,136,138,-1,139,140,121,-1,141,121,142,-1,143,144,145,-1,143,145,146,-1,117,116,114,-1,114,116,147,-1,114,147,112,-1,130,148,117,-1,117,148,149,-1,117,149,115,-1,139,121,150,-1,142,151,141,-1,141,151,152,-1,141,152,145,-1,145,152,153,-1,145,153,146,-1,154,155,156,-1,156,155,157,-1,132,117,158,-1,158,117,159,-1,158,159,156,-1,140,160,121,-1,121,160,161,-1,121,161,142,-1,154,156,162,-1,162,156,114,-1,162,114,163,-1,157,164,156,-1,156,164,150,-1,156,150,158,-1,158,150,121,-1,158,121,165,-1,165,121,122,-1,113,166,114,-1,114,166,167,-1,114,167,163,-1,120,119,62,-1,62,119,61,-1,58,60,122,-1,122,60,165,-1,168,169,170,-1,170,169,171,-1,
        ]
    }
}
Shape{
    appearance Appearance {
        material  Material 	{
            diffuseColor 0.10980392156862745 0.10980392156862745 0.10980392156862745
            specularColor 0.0784313725490196 0.0784313725490196 0.0784313725490196
            ambientIntensity 0.2
            transparency 0
            shininess 0.5
        }
    }
    geometry IndexedFaceSet {
        ccw TRUE
        solid FALSE
        coord DEF co Coordinate {
            point [
                2.2029 -1.3057 0.0394, 2.3055 -1.3722 -0.748, 2.3055 -1.3722 0.0394, 2.4213 -1.4113 -0.748, 2.4213 -1.4113 0.0394, 2.2008 -1.3035 0.0394, 2.1199 -1.2161 -0.748, 2.2029 -1.3057 -0.748, 2.1199 -1.2161 0.0394, 2.0615 -1.1087 0.0394, 2.0615 -1.1087 -0.748, 2.0314 -0.9902 0.0394, 2.0314 -0.9902 -0.748, 2.0314 -0.868 0.0394, 2.0314 -0.868 -0.748, 2.0615 -0.7496 0.0394, 2.0615 -0.7496 -0.748, 2.1199 -0.6422 0.0394, 2.1199 -0.6422 -0.748, 2.2029 -0.5525 0.0394, 2.2029 -0.5525 -0.748, 2.3055 -0.4861 0.0394, 2.3055 -0.4861 -0.748, 2.4213 -0.447 0.0394, 2.4213 -0.447 -0.748, 2.6181 -0.447 -0.748, 2.6181 -0.447 0.0394, 2.7339 -0.4861 0.0394, 2.7339 -0.4861 -0.748, 2.8365 -0.5525 0.0394, 2.8365 -0.5525 -0.748, 2.9195 -0.6422 0.0394, 2.9195 -0.6422 -0.748, 2.9779 -0.7496 0.0394, 2.9779 -0.7496 -0.748, 3.008 -0.868 0.0394, 3.008 -0.868 -0.748, 3.008 -0.9902 0.0394, 3.008 -0.9902 -0.748, 2.9779 -1.1087 0.0394, 2.9779 -1.1087 -0.748, 2.9195 -1.2161 0.0394, 2.9195 -1.2161 -0.748, 2.8385 -1.3035 0.0394, 2.8365 -1.3057 -0.748, 2.8365 -1.3057 0.0394, 2.7339 -1.3722 0.0394, 2.7339 -1.3722 -0.748, 2.6181 -1.4113 0.0394, 2.6181 -1.4113 -0.748, 2.4213 -1.5712 -0.9055, 2.4213 -1.5712 -0.748, 2.269 -1.5284 -0.9055, 2.2607 -1.5249 -0.748, 2.2613 -1.5239 -0.9055, 2.1229 -1.4434 -0.9055, 2.1173 -1.4391 -0.748, 2.1179 -1.4385 -0.9055, 2.0036 -1.3236 -0.9055, 2.0005 -1.3196 -0.748, 2.0011 -1.3193 -0.9055, 1.9192 -1.177 -0.9055, 1.9181 -1.1743 -0.748, 1.9185 -1.1742 -0.9055, 1.8756 -1.0137 -0.9055, 1.8755 -1.0127 -0.748, 1.8756 -1.0127 -0.9055, 1.8755 -0.8456 -0.748, 1.8756 -0.8456 -0.9055, 1.8756 -0.8446 -0.9055, 1.9181 -0.684 -0.748, 1.9185 -0.6841 -0.9055, 1.9192 -0.6812 -0.9055, 2.0005 -0.5387 -0.748, 2.0011 -0.539 -0.9055, 2.0036 -0.5347 -0.9055, 2.1173 -0.4191 -0.748, 2.1179 -0.4198 -0.9055, 2.1229 -0.4148 -0.9055, 2.2607 -0.3334 -0.748, 2.2613 -0.3343 -0.9055, 2.269 -0.3298 -0.9055, 2.4213 -0.287 -0.748, 2.4213 -0.287 -0.9055, 2.6181 -0.287 -0.9055, 2.6181 -0.287 -0.748, 2.7703 -0.3298 -0.9055, 2.7787 -0.3334 -0.748, 2.7781 -0.3343 -0.9055, 2.9165 -0.4148 -0.9055, 2.9221 -0.4191 -0.748, 2.9214 -0.4198 -0.9055, 3.0358 -0.5347 -0.9055, 3.0388 -0.5387 -0.748, 3.0383 -0.539 -0.9055, 3.1201 -0.6812 -0.9055, 3.1213 -0.684 -0.748, 3.1209 -0.6841 -0.9055, 3.1638 -0.8446 -0.9055, 3.1639 -0.8456 -0.748, 3.1638 -0.8456 -0.9055, 3.1639 -1.0127 -0.748, 3.1638 -1.0127 -0.9055, 3.1638 -1.0137 -0.9055, 3.1213 -1.1743 -0.748, 3.1209 -1.1742 -0.9055, 3.1201 -1.177 -0.9055, 3.0388 -1.3196 -0.748, 3.0383 -1.3193 -0.9055, 3.0358 -1.3236 -0.9055, 2.9221 -1.4391 -0.748, 2.9214 -1.4385 -0.9055, 2.9165 -1.4434 -0.9055, 2.7787 -1.5249 -0.748, 2.7781 -1.5239 -0.9055, 2.7703 -1.5284 -0.9055, 2.6181 -1.5712 -0.748, 2.6181 -1.5712 -0.9055, 2.2672 -0.6018 -1.1417, 2.3602 -0.5478 -1.1417, 2.3602 -1.3105 -1.1417, 2.4213 -0.5276 -1.1417, 2.4213 -1.3306 -1.1417, 2.2672 -1.2564 -1.1417, 2.1912 -1.1802 -1.1417, 2.1376 -1.0869 -1.1417, 2.1098 -0.9829 -1.1417, 2.1098 -0.8753 -1.1417, 2.1912 -0.6781 -1.1417, 2.1376 -0.7714 -1.1417, 2.6792 -1.3105 -1.1417, 2.6181 -1.3306 -1.1417, 2.6181 -0.5276 -1.1417, 2.6792 -0.5478 -1.1417, 2.7722 -0.6018 -1.1417, 2.8481 -0.6781 -1.1417, 2.8481 -1.1802 -1.1417, 2.9296 -0.8753 -1.1417, 2.9018 -1.0869 -1.1417, 2.9296 -0.9829 -1.1417, 2.7722 -1.2564 -1.1417, 2.9018 -0.7714 -1.1417, -2.4213 -0.447 -0.748, -2.4213 -0.447 0.0394, -2.3055 -0.4861 0.0394, -2.3055 -0.4861 -0.748, -2.2029 -0.5525 0.0394, -2.2029 -0.5525 -0.748, -2.1199 -0.6422 0.0394, -2.1199 -0.6422 -0.748, -2.0615 -0.7496 0.0394, -2.0615 -0.7496 -0.748, -2.0314 -0.868 0.0394, -2.0314 -0.868 -0.748, -2.0314 -0.9902 0.0394, -2.0314 -0.9902 -0.748, -2.0615 -1.1087 0.0394, -2.0615 -1.1087 -0.748, -2.1199 -1.2161 0.0394, -2.1199 -1.2161 -0.748, -2.2008 -1.3035 0.0394, -2.2029 -1.3057 -0.748, -2.2029 -1.3057 0.0394, -2.3055 -1.3722 0.0394, -2.3055 -1.3722 -0.748, -2.4213 -1.4113 0.0394, -2.4213 -1.4113 -0.748, -2.4213 -0.287 -0.9055, -2.4213 -0.287 -0.748, -2.269 -0.3298 -0.9055, -2.2607 -0.3334 -0.748, -2.2613 -0.3343 -0.9055, -2.1229 -0.4148 -0.9055, -2.1173 -0.4191 -0.748, -2.1179 -0.4198 -0.9055, -2.0036 -0.5347 -0.9055, -2.0005 -0.5387 -0.748, -2.0011 -0.539 -0.9055, -1.9192 -0.6812 -0.9055, -1.9181 -0.684 -0.748, -1.9185 -0.6841 -0.9055, -1.8756 -0.8446 -0.9055, -1.8755 -0.8456 -0.748, -1.8756 -0.8456 -0.9055, -1.8755 -1.0127 -0.748, -1.8756 -1.0127 -0.9055, -1.8756 -1.0137 -0.9055, -1.9181 -1.1743 -0.748, -1.9185 -1.1742 -0.9055, -1.9192 -1.177 -0.9055, -2.0005 -1.3196 -0.748, -2.0011 -1.3193 -0.9055, -2.0036 -1.3236 -0.9055, -2.1173 -1.4391 -0.748, -2.1179 -1.4385 -0.9055, -2.1229 -1.4434 -0.9055, -2.2607 -1.5249 -0.748, -2.2613 -1.5239 -0.9055, -2.269 -1.5284 -0.9055, -2.4213 -1.5712 -0.748, -2.4213 -1.5712 -0.9055, -2.4213 -1.3306 -1.1417, -2.4213 -0.5276 -1.1417, -2.3602 -0.5478 -1.1417, -2.3602 -1.3105 -1.1417, -2.2672 -0.6018 -1.1417, -2.1912 -0.6781 -1.1417, -2.1376 -0.7714 -1.1417, -2.1098 -0.8753 -1.1417, -2.1098 -0.9829 -1.1417, -2.1376 -1.0869 -1.1417, -2.1912 -1.1802 -1.1417, -2.2672 -1.2564 -1.1417, -2.2672 -1.2564 -1.1417
            ]
        }
        coordIndex [
            0,1,2,-1,2,1,3,-1,2,3,4,-1,5,6,0,-1,0,6,7,-1,0,7,1,-1,5,8,6,-1,6,8,9,-1,6,9,10,-1,10,9,11,-1,10,11,12,-1,12,11,13,-1,12,13,14,-1,14,13,15,-1,14,15,16,-1,16,15,17,-1,16,17,18,-1,18,17,19,-1,18,19,20,-1,20,19,21,-1,20,21,22,-1,22,21,23,-1,22,23,24,-1,25,26,27,-1,25,27,28,-1,28,27,29,-1,28,29,30,-1,30,29,31,-1,30,31,32,-1,32,31,33,-1,32,33,34,-1,34,33,35,-1,34,35,36,-1,36,35,37,-1,36,37,38,-1,38,37,39,-1,38,39,40,-1,40,39,41,-1,40,41,42,-1,42,41,43,-1,42,43,44,-1,43,45,44,-1,44,45,46,-1,44,46,47,-1,47,46,48,-1,47,48,49,-1,50,51,52,-1,52,51,53,-1,52,53,54,-1,54,53,55,-1,55,53,56,-1,55,56,57,-1,57,56,58,-1,58,56,59,-1,58,59,60,-1,60,59,61,-1,61,59,62,-1,61,62,63,-1,63,62,64,-1,64,62,65,-1,64,65,66,-1,66,65,67,-1,66,67,68,-1,68,67,69,-1,69,67,70,-1,69,70,71,-1,71,70,72,-1,72,70,73,-1,72,73,74,-1,74,73,75,-1,75,73,76,-1,75,76,77,-1,77,76,78,-1,78,76,79,-1,78,79,80,-1,80,79,81,-1,81,79,82,-1,81,82,83,-1,84,85,86,-1,86,85,87,-1,86,87,88,-1,88,87,89,-1,89,87,90,-1,89,90,91,-1,91,90,92,-1,92,90,93,-1,92,93,94,-1,94,93,95,-1,95,93,96,-1,95,96,97,-1,97,96,98,-1,98,96,99,-1,98,99,100,-1,100,99,101,-1,100,101,102,-1,102,101,103,-1,103,101,104,-1,103,104,105,-1,105,104,106,-1,106,104,107,-1,106,107,108,-1,108,107,109,-1,109,107,110,-1,109,110,111,-1,111,110,112,-1,112,110,113,-1,112,113,114,-1,114,113,115,-1,115,113,116,-1,115,116,117,-1,118,119,120,-1,120,119,121,-1,120,121,122,-1,120,123,118,-1,118,123,124,-1,118,124,125,-1,125,126,118,-1,118,126,127,-1,118,127,128,-1,128,127,129,-1,130,131,132,-1,132,133,130,-1,130,133,134,-1,130,134,135,-1,136,137,138,-1,138,137,139,-1,136,140,137,-1,137,140,130,-1,137,130,141,-1,141,130,135,-1,24,82,22,-1,22,82,79,-1,22,79,20,-1,20,79,76,-1,20,76,18,-1,18,76,73,-1,18,73,16,-1,16,73,70,-1,16,70,14,-1,14,70,67,-1,14,67,12,-1,12,67,65,-1,12,65,10,-1,10,65,62,-1,10,62,6,-1,6,62,59,-1,6,59,7,-1,7,59,56,-1,7,56,1,-1,1,56,53,-1,1,53,3,-1,3,53,51,-1,49,116,47,-1,47,116,113,-1,47,113,44,-1,44,113,110,-1,44,110,42,-1,42,110,107,-1,42,107,40,-1,40,107,104,-1,40,104,38,-1,38,104,101,-1,38,101,36,-1,36,101,99,-1,36,99,34,-1,34,99,96,-1,34,96,32,-1,32,96,93,-1,32,93,30,-1,30,93,90,-1,30,90,28,-1,28,90,87,-1,28,87,25,-1,25,87,85,-1,142,143,144,-1,142,144,145,-1,145,144,146,-1,145,146,147,-1,147,146,148,-1,147,148,149,-1,149,148,150,-1,149,150,151,-1,151,150,152,-1,151,152,153,-1,153,152,154,-1,153,154,155,-1,155,154,156,-1,155,156,157,-1,157,156,158,-1,157,158,159,-1,159,158,160,-1,159,160,161,-1,160,162,161,-1,161,162,163,-1,161,163,164,-1,164,163,165,-1,164,165,166,-1,167,168,169,-1,169,168,170,-1,169,170,171,-1,171,170,172,-1,172,170,173,-1,172,173,174,-1,174,173,175,-1,175,173,176,-1,175,176,177,-1,177,176,178,-1,178,176,179,-1,178,179,180,-1,180,179,181,-1,181,179,182,-1,181,182,183,-1,183,182,184,-1,183,184,185,-1,185,184,186,-1,186,184,187,-1,186,187,188,-1,188,187,189,-1,189,187,190,-1,189,190,191,-1,191,190,192,-1,192,190,193,-1,192,193,194,-1,194,193,195,-1,195,193,196,-1,195,196,197,-1,197,196,198,-1,198,196,199,-1,198,199,200,-1,201,202,203,-1,201,203,204,-1,204,203,205,-1,204,205,206,-1,206,207,204,-1,204,207,208,-1,204,208,209,-1,209,210,204,-1,204,210,211,-1,204,211,212,-1,166,199,164,-1,164,199,196,-1,164,196,161,-1,161,196,193,-1,161,193,159,-1,159,193,190,-1,159,190,157,-1,157,190,187,-1,157,187,155,-1,155,187,184,-1,155,184,153,-1,153,184,182,-1,153,182,151,-1,151,182,179,-1,151,179,149,-1,149,179,176,-1,149,176,147,-1,147,176,173,-1,147,173,145,-1,145,173,170,-1,145,170,142,-1,142,170,168,-1,
        ]
    }
}
Shape{
    appearance Appearance {
        material  Material 	{
            diffuseColor 0.7764705882352941 0.7568627450980392 0.7372549019607844
            specularColor 0.38823529411764707 0.3764705882352941 0.3686274509803922
            ambientIntensity 0.2
            transparency 0
            shininess 0.5
        }
    }
    geometry IndexedFaceSet {
        ccw TRUE
        solid FALSE
        coord DEF co Coordinate {
            point [
                1.6732 3.1654 -0.0, 3.1496 3.1654 -0.0, 1.6732 3.126 -0.0, 3.1496 3.126 -0.0, -1.6732 3.126 0.0, -3.1496 3.126 0.0, -1.6732 3.1654 0.0, -3.1496 3.1654 0.0, -3.1496 3.1654 0.0
            ]
        }
        coordIndex [
            0,1,2,-1,2,1,3,-1,4,5,6,-1,6,5,7,-1,
        ]
    }
}
Shape{
    appearance Appearance {
        material  Material 	{
            diffuseColor 0.10980392156862745 0.10980392156862745 0.10980392156862745
            specularColor 0.0784313725490196 0.0784313725490196 0.0784313725490196
            ambientIntensity 0.2
            transparency 0
            shininess 0.5
        }
    }
    geometry IndexedFaceSet {
        ccw TRUE
        solid FALSE
        coord DEF co Coordinate {
            point [
                -3.1496 -3.0541 5.1269, -3.1496 -3.0551 5.1181, -3.1496 -3.0945 5.1181, -3.1496 -3.0925 5.1356, -3.1496 -3.0867 5.1523, -3.1496 -3.0512 5.1353, -3.1496 -3.0773 5.1672, -3.1496 -3.0648 5.1797, -3.1496 -3.0945 0.0787, -3.1496 -3.0551 0.0787, -3.1496 -3.0918 0.0584, -3.1496 -3.0541 0.0699, -3.1496 -3.0839 0.0394, -3.1496 -3.0512 0.0616, -3.1496 -1.3035 0.0394, -3.1496 -1.6969 1.063, -3.1496 -0.255 0.0394, -3.1496 3.0512 1.2413, -3.1496 3.0512 2.9582, -3.1496 -1.6969 4.1339, -3.1496 3.0512 5.1575, -3.1496 -3.0499 5.1891, -3.1496 -3.0333 5.1949, -3.1496 -3.0157 5.1969, -3.1496 -2.0906 1.063, -3.1496 -2.0906 4.1339, -3.1496 3.0866 5.1969, -3.1496 3.0866 5.1575, -3.1496 3.0512 0.0394, -3.1496 0.4094 0.0394, 3.1496 -3.0551 0.0787, 3.1496 -3.0945 0.0787, 3.1496 -3.0541 0.0699, 3.1496 -3.0918 0.0584, 3.1496 -3.0512 0.0616, 3.1496 -3.0839 0.0394, 3.1496 -1.3035 0.0394, 3.1496 -3.0945 5.1181, 3.1496 -3.0551 5.1181, 3.1496 -3.0925 5.1356, 3.1496 -3.0541 5.1269, 3.1496 -3.0867 5.1523, 3.1496 -3.0512 5.1353, 3.1496 -2.0906 1.063, 3.1496 -2.0906 4.1339, 3.1496 -3.0157 5.1969, 3.1496 -3.0333 5.1949, 3.1496 -3.0499 5.1891, 3.1496 3.0512 2.9582, 3.1496 3.0512 5.1575, 3.1496 -1.6969 4.1339, 3.1496 -3.0648 5.1797, 3.1496 -3.0773 5.1672, 3.1496 3.0866 5.1969, 3.1496 3.0866 5.1575, 3.1496 0.4094 0.0394, 3.1496 3.0512 0.0394, 3.1496 3.0512 1.2413, 3.1496 -0.255 0.0394, 3.1496 -1.6969 1.063, 3.1496 -1.6969 1.063
            ]
        }
        coordIndex [
            0,1,2,-1,2,3,0,-1,0,3,4,-1,0,4,5,-1,5,4,6,-1,5,6,7,-1,8,9,10,-1,10,9,11,-1,10,11,12,-1,12,11,13,-1,12,13,14,-1,15,16,14,-1,17,15,18,-1,18,15,19,-1,18,19,20,-1,7,21,5,-1,5,21,22,-1,5,22,23,-1,15,14,24,-1,24,14,13,-1,24,13,25,-1,25,13,5,-1,25,5,19,-1,19,5,23,-1,19,23,20,-1,20,23,26,-1,20,26,27,-1,17,28,15,-1,15,28,29,-1,15,29,16,-1,30,31,32,-1,32,31,33,-1,32,33,34,-1,34,33,35,-1,34,35,36,-1,37,38,39,-1,39,38,40,-1,39,40,41,-1,41,40,42,-1,43,44,42,-1,45,46,42,-1,42,46,47,-1,48,49,50,-1,47,51,42,-1,42,51,52,-1,42,52,41,-1,42,44,45,-1,45,44,50,-1,45,50,53,-1,53,50,49,-1,53,49,54,-1,55,56,57,-1,57,48,55,-1,55,48,50,-1,55,50,58,-1,58,50,59,-1,58,59,36,-1,36,59,43,-1,36,43,34,-1,34,43,42,-1,
        ]
    }
}
Shape{
    appearance Appearance {
        material  Material 	{
            diffuseColor 0.7764705882352941 0.7568627450980392 0.7372549019607844
            specularColor 0.38823529411764707 0.3764705882352941 0.3686274509803922
            ambientIntensity 0.2
            transparency 0
            shininess 0.5
        }
    }
    geometry IndexedFaceSet {
        ccw TRUE
        solid FALSE
        coord DEF co Coordinate {
            point [
                -3.1496 3.0866 5.1575, 3.1496 3.0866 5.1575, 2.9528 3.0512 5.1575, 3.1496 3.0512 5.1575, -3.1496 3.0512 5.1575, -2.9528 3.0512 5.1575, -2.9528 1.0827 5.1575, 2.9528 1.0827 5.1575, -3.1496 -3.0157 5.1969, 3.1496 -3.0157 5.1969, -3.1496 3.0866 5.1969, 3.1496 3.0866 5.1969, -2.7165 -3.0551 2.8543, -2.7165 -3.0551 3.0315, -2.7165 -3.0945 2.8543, -2.7165 -3.0945 3.0315, 2.7165 -3.0551 1.8701, 2.7165 -3.0551 1.6929, 2.7165 -3.0945 1.8701, 2.7165 -3.0945 1.6929, 2.7165 -3.0945 1.6929
            ]
        }
        coordIndex [
            0,1,2,-1,2,1,3,-1,4,0,5,-1,5,0,2,-1,5,2,6,-1,6,2,7,-1,8,9,10,-1,10,9,11,-1,12,13,14,-1,14,13,15,-1,16,17,18,-1,18,17,19,-1,
        ]
    }
}
Shape{
    appearance Appearance {
        material  Material 	{
            diffuseColor 0.10980392156862745 0.10980392156862745 0.10980392156862745
            specularColor 0.0784313725490196 0.0784313725490196 0.0784313725490196
            ambientIntensity 0.2
            transparency 0
            shininess 0.5
        }
    }
    geometry IndexedFaceSet {
        ccw TRUE
        solid FALSE
        coord DEF co Coordinate {
            point [
                2.6378 -3.0512 1.7717, 2.4409 -3.0512 1.7717, 2.4409 -3.0512 1.0236, 2.6378 -3.0512 2.9528, 2.6378 -3.0512 2.8543, 2.6511 -3.0512 2.8543, -3.1496 -3.0512 5.1353, -2.6378 -3.0512 2.9528, -2.4409 -3.0512 2.9528, -0.8032 -3.0512 1.0236, -1.2045 -3.0512 1.0236, -3.1496 -3.0512 0.0616, -2.4409 -3.0512 1.7717, -2.6378 -3.0512 1.7717, -2.6511 -3.0512 2.8543, -2.6511 -3.0512 1.8701, -2.6378 -3.0512 1.8701, -2.6378 -3.0512 2.8543, 3.1496 -3.0512 0.0616, 1.2049 -3.0512 1.0236, 0.8027 -3.0512 1.0236, -1.9828 -3.0512 1.0236, -2.4409 -3.0512 1.0236, -2.4409 -3.0512 3.7008, -1.4567 -3.0512 3.7008, -1.4567 -3.0512 4.4882, -1.8898 -3.0512 5.1353, -0.8858 -3.0512 4.4882, -0.8858 -3.0512 4.9606, 0.4019 -3.0512 1.0236, -0.0001 -3.0512 1.0236, -0.4013 -3.0512 1.0236, 1.4567 -3.0512 4.4882, 1.4567 -3.0512 3.7008, 2.4409 -3.0512 3.7008, 0.8858 -3.0512 4.4882, 1.8898 -3.0512 5.1353, 0.8858 -3.0512 4.9606, 0.6299 -3.0512 5.1353, -0.6299 -3.0512 5.1353, 3.1496 -3.0512 5.1353, 2.4409 -3.0512 2.9528, 2.6511 -3.0512 1.8701, 2.6378 -3.0512 1.8701, 0.8858 1.4764 4.9606, -0.8858 1.4764 4.9606, 0.8858 1.4764 4.4882, -0.8858 1.4764 4.4882, 1.2047 1.4764 1.2149, 0.8031 1.4764 1.2149, 0.8031 1.4764 1.0236, 1.4567 1.4764 3.2283, 1.4567 1.4764 4.0945, 1.2047 1.4764 4.0945, 2.0807 1.4764 1.9307, 1.5078 1.4764 2.2457, 1.489 1.4764 2.2153, 2.0807 1.4764 3.2283, 1.5078 1.4764 2.3924, 1.5196 1.4764 2.357, 1.4209 1.4764 2.1736, 1.4055 1.4764 2.1724, 1.2047 1.4764 1.9307, 1.3901 1.4764 2.1736, 1.3032 1.4764 2.3924, 1.322 1.4764 2.4228, 1.4361 1.4764 2.1774, 1.4507 1.4764 2.1835, 1.3032 1.4764 2.2457, 1.2914 1.4764 2.2811, 1.2874 1.4764 2.3191, 1.2914 1.4764 2.357, 1.5236 1.4764 2.3191, 1.5196 1.4764 2.2811, 1.4774 1.4764 2.2027, 1.4646 1.4764 2.192, 1.3749 1.4764 2.1774, 1.3603 1.4764 2.1835, 1.3465 1.4764 2.192, 1.3603 1.4764 2.4546, 1.3749 1.4764 2.4607, 1.3901 1.4764 2.4645, 1.4055 1.4764 2.4657, 1.3336 1.4764 2.2027, 1.322 1.4764 2.2153, 1.4209 1.4764 2.4645, 1.4361 1.4764 2.4607, 1.4507 1.4764 2.4546, 1.4646 1.4764 2.4461, 1.3336 1.4764 2.4354, 1.3465 1.4764 2.4461, 1.4774 1.4764 2.4354, 1.489 1.4764 2.4228, 2.6378 1.4764 2.9528, 2.4409 1.4764 2.9528, 2.4409 1.4764 3.2283, 2.4409 1.4764 1.2149, 2.4409 1.4764 1.7717, 2.6378 1.4764 1.9307, 2.6378 1.4764 1.7717, -2.6378 1.4764 1.9307, -2.6378 1.4764 1.7717, -2.4409 1.4764 1.7717, -1.5196 1.4764 1.5842, -1.5078 1.4764 1.6183, -1.2047 1.4764 1.9307, -1.3032 1.4764 1.6183, -1.2914 1.4764 1.5842, -2.4409 1.4764 1.2149, -1.5078 1.4764 1.4769, -1.5196 1.4764 1.511, -1.2874 1.4764 1.5476, -1.2914 1.4764 1.511, -1.2047 1.4764 1.2149, -1.3032 1.4764 1.4769, -1.322 1.4764 1.4476, -1.3749 1.4764 1.411, -1.3901 1.4764 1.4074, -1.3603 1.4764 1.4169, -1.4055 1.4764 1.4062, -1.4209 1.4764 1.4074, -1.4055 1.4764 1.689, -1.3901 1.4764 1.6878, -1.5236 1.4764 1.5476, -1.4507 1.4764 1.6782, -1.4361 1.4764 1.6842, -1.4209 1.4764 1.6878, -1.4361 1.4764 1.411, -1.4507 1.4764 1.4169, -1.4646 1.4764 1.4251, -1.3336 1.4764 1.4354, -1.3465 1.4764 1.4251, -1.4774 1.4764 1.4354, -1.489 1.4764 1.4476, -1.3749 1.4764 1.6842, -1.3603 1.4764 1.6782, -1.3465 1.4764 1.67, -1.489 1.4764 1.6476, -1.4774 1.4764 1.6598, -1.4646 1.4764 1.67, -1.3336 1.4764 1.6598, -1.322 1.4764 1.6476, -1.4567 1.4764 3.2283, -2.4409 1.4764 3.2283, -2.4409 1.4764 2.9528, -2.6378 1.4764 2.9528, -0.8031 1.4764 1.9307, -1.0039 1.4764 2.1724, -1.0194 1.4764 2.1736, -1.1062 1.4764 2.2457, -1.118 1.4764 2.2811, -0.8858 1.4764 2.3191, -0.8899 1.4764 2.2811, -0.9017 1.4764 2.2457, -0.9204 1.4764 2.2153, -1.0345 1.4764 2.1774, -1.0491 1.4764 2.1835, -1.063 1.4764 2.192, -1.122 1.4764 2.3191, -1.2047 1.4764 4.0945, -1.4567 1.4764 4.0945, -1.118 1.4764 2.357, -1.1062 1.4764 2.3924, -1.0875 1.4764 2.4228, -0.8031 1.4764 4.0945, -0.9017 1.4764 2.3924, -0.8899 1.4764 2.357, -0.9587 1.4764 2.1835, -0.9734 1.4764 2.1774, -0.9885 1.4764 2.1736, -1.0758 1.4764 2.2027, -1.0875 1.4764 2.2153, -1.0491 1.4764 2.4546, -1.0345 1.4764 2.4607, -1.0194 1.4764 2.4645, -1.0039 1.4764 2.4657, -0.9885 1.4764 2.4645, -0.932 1.4764 2.2027, -0.9449 1.4764 2.192, -0.9734 1.4764 2.4607, -0.9587 1.4764 2.4546, -0.9449 1.4764 2.4461, -1.0758 1.4764 2.4354, -1.063 1.4764 2.4461, -0.932 1.4764 2.4354, -0.9204 1.4764 2.4228, -1.2045 1.4764 1.0236, -0.8031 1.4764 1.2149, -1.2047 1.4764 1.0236, -1.9828 1.4764 1.0236, -2.4409 1.4764 1.0236, -0.7046 1.4764 1.4769, -0.7164 1.4764 1.511, -0.4016 1.4764 1.9307, -0.5001 1.4764 1.6183, -0.4883 1.4764 1.5842, -0.5572 1.4764 1.4169, -0.5718 1.4764 1.411, -0.4016 1.4764 1.2149, -0.7205 1.4764 1.5476, -0.7164 1.4764 1.5842, -0.7046 1.4764 1.6183, -0.6859 1.4764 1.6476, -0.4843 1.4764 1.5476, -0.4883 1.4764 1.511, -0.5001 1.4764 1.4769, -0.5188 1.4764 1.4476, -0.5869 1.4764 1.4074, -0.6024 1.4764 1.4062, -0.6178 1.4764 1.4074, -0.5305 1.4764 1.4354, -0.5433 1.4764 1.4251, -0.6329 1.4764 1.411, -0.6476 1.4764 1.4169, -0.6614 1.4764 1.4251, -0.6476 1.4764 1.6782, -0.6329 1.4764 1.6842, -0.6178 1.4764 1.6878, -0.6024 1.4764 1.689, -0.5869 1.4764 1.6878, -0.6743 1.4764 1.4354, -0.6859 1.4764 1.4476, -0.5718 1.4764 1.6842, -0.5572 1.4764 1.6782, -0.5433 1.4764 1.67, -0.6743 1.4764 1.6598, -0.6614 1.4764 1.67, -0.5305 1.4764 1.6598, -0.5188 1.4764 1.6476, -0.0827 1.4764 2.3191, -0.0867 1.4764 2.2811, -0.0 1.4764 1.9307, -0.0985 1.4764 2.2457, -0.1173 1.4764 2.2153, -0.0 1.4764 4.0945, -0.0985 1.4764 2.3924, -0.0867 1.4764 2.357, -0.1556 1.4764 2.1835, -0.1702 1.4764 2.1774, -0.3031 1.4764 2.2457, -0.3149 1.4764 2.2811, -0.3189 1.4764 2.3191, -0.3149 1.4764 2.357, -0.4016 1.4764 4.0945, -0.3031 1.4764 2.3924, -0.2843 1.4764 2.4228, -0.1854 1.4764 2.1736, -0.2008 1.4764 2.1724, -0.2162 1.4764 2.1736, -0.1289 1.4764 2.2027, -0.1417 1.4764 2.192, -0.246 1.4764 2.4546, -0.2314 1.4764 2.4607, -0.2162 1.4764 2.4645, -0.2008 1.4764 2.4657, -0.1854 1.4764 2.4645, -0.2314 1.4764 2.1774, -0.246 1.4764 2.1835, -0.2598 1.4764 2.192, -0.2727 1.4764 2.2027, -0.2843 1.4764 2.2153, -0.1702 1.4764 2.4607, -0.1556 1.4764 2.4546, -0.1417 1.4764 2.4461, -0.2727 1.4764 2.4354, -0.2598 1.4764 2.4461, -0.1289 1.4764 2.4354, -0.1173 1.4764 2.4228, -0.8032 1.4764 1.0236, -0.8031 1.4764 1.0236, -0.4016 1.4764 1.0236, -0.0 1.4764 1.2149, -0.4013 1.4764 1.0236, 0.0985 1.4764 1.4769, 0.0867 1.4764 1.511, 0.4016 1.4764 1.9307, 0.3031 1.4764 1.6183, 0.3149 1.4764 1.5842, 0.4016 1.4764 1.2149, 0.2008 1.4764 1.4062, 0.1854 1.4764 1.4074, 0.0827 1.4764 1.5476, 0.0867 1.4764 1.5842, 0.0985 1.4764 1.6183, 0.1173 1.4764 1.6476, 0.3189 1.4764 1.5476, 0.3149 1.4764 1.511, 0.3031 1.4764 1.4769, 0.2843 1.4764 1.4476, 0.246 1.4764 1.4169, 0.2314 1.4764 1.411, 0.2162 1.4764 1.4074, 0.1702 1.4764 1.411, 0.1556 1.4764 1.4169, 0.1417 1.4764 1.4251, 0.1289 1.4764 1.4354, 0.1173 1.4764 1.4476, 0.1556 1.4764 1.6782, 0.1702 1.4764 1.6842, 0.1854 1.4764 1.6878, 0.2008 1.4764 1.689, 0.2162 1.4764 1.6878, 0.2727 1.4764 1.4354, 0.2598 1.4764 1.4251, 0.2314 1.4764 1.6842, 0.246 1.4764 1.6782, 0.2598 1.4764 1.67, 0.1289 1.4764 1.6598, 0.1417 1.4764 1.67, 0.2727 1.4764 1.6598, 0.2843 1.4764 1.6476, 0.8031 1.4764 4.0945, 0.7046 1.4764 2.3924, 0.7164 1.4764 2.357, 0.6476 1.4764 2.1835, 0.6329 1.4764 2.1774, 0.8031 1.4764 1.9307, 0.6178 1.4764 2.1736, 0.6024 1.4764 2.1724, 0.5869 1.4764 2.1736, 0.5001 1.4764 2.2457, 0.4883 1.4764 2.2811, 0.7205 1.4764 2.3191, 0.7164 1.4764 2.2811, 0.7046 1.4764 2.2457, 0.6859 1.4764 2.2153, 0.4843 1.4764 2.3191, 0.4883 1.4764 2.357, 0.4016 1.4764 4.0945, 0.5001 1.4764 2.3924, 0.5188 1.4764 2.4228, 0.5718 1.4764 2.1774, 0.5572 1.4764 2.1835, 0.5433 1.4764 2.192, 0.6743 1.4764 2.2027, 0.6614 1.4764 2.192, 0.5305 1.4764 2.2027, 0.5188 1.4764 2.2153, 0.5572 1.4764 2.4546, 0.5718 1.4764 2.4607, 0.5869 1.4764 2.4645, 0.6024 1.4764 2.4657, 0.6178 1.4764 2.4645, 0.6329 1.4764 2.4607, 0.6476 1.4764 2.4546, 0.6614 1.4764 2.4461, 0.5305 1.4764 2.4354, 0.5433 1.4764 2.4461, 0.6743 1.4764 2.4354, 0.6859 1.4764 2.4228, 0.8027 1.4764 1.0236, -0.0001 1.4764 1.0236, -0.0 1.4764 1.0236, 0.4016 1.4764 1.0236, 0.4019 1.4764 1.0236, 0.9017 1.4764 1.4769, 0.8899 1.4764 1.511, 1.1062 1.4764 1.6183, 1.118 1.4764 1.5842, 1.0491 1.4764 1.4169, 1.0345 1.4764 1.411, 1.0194 1.4764 1.4074, 1.0039 1.4764 1.4062, 0.9885 1.4764 1.4074, 0.9734 1.4764 1.411, 0.9587 1.4764 1.4169, 0.9449 1.4764 1.4251, 0.8858 1.4764 1.5476, 0.8899 1.4764 1.5842, 0.9017 1.4764 1.6183, 0.9204 1.4764 1.6476, 1.122 1.4764 1.5476, 1.118 1.4764 1.511, 1.1062 1.4764 1.4769, 1.0875 1.4764 1.4476, 0.932 1.4764 1.4354, 0.9204 1.4764 1.4476, 1.0758 1.4764 1.4354, 1.063 1.4764 1.4251, 0.9587 1.4764 1.6782, 0.9734 1.4764 1.6842, 0.9885 1.4764 1.6878, 1.0039 1.4764 1.689, 1.0194 1.4764 1.6878, 1.0345 1.4764 1.6842, 1.0491 1.4764 1.6782, 1.063 1.4764 1.67, 0.932 1.4764 1.6598, 0.9449 1.4764 1.67, 1.0758 1.4764 1.6598, 1.0875 1.4764 1.6476, 2.0807 1.4764 1.2149, 1.2047 1.4764 1.0236, 1.2049 1.4764 1.0236, 2.0807 1.4764 1.0236, 2.4409 1.4764 1.0236, -2.4409 0.689 3.2283, -2.4409 0.689 3.7008, 2.4409 0.689 3.7008, 1.4567 0.689 3.7008, 2.4409 0.689 3.2283, 2.6378 -3.0471 2.8543, 2.6378 -3.0471 1.8701, 2.6378 -3.0282 1.8701, 2.6378 -3.0282 2.8543, 2.4409 0.6701 1.0236, 2.4409 0.4215 1.0236, 2.4409 -1.5571 1.0236, 1.2049 -1.5571 1.0236, -0.0867 0.0857 1.0236, -0.0827 0.0551 1.0236, -0.0001 0.4215 1.0236, 0.8027 0.4215 1.0236, 0.8027 0.6701 1.0236, 0.4019 0.6701 1.0236, 1.2049 0.6701 1.0236, 1.1216 0.7966 1.0236, 1.122 0.7926 1.0236, 1.1213 0.782 1.0236, 1.0598 0.9143 1.0236, 1.0629 0.912 1.0236, 1.1171 0.7638 1.0236, 1.1142 0.7509 1.0236, 1.1102 0.7409 1.0236, 1.1056 0.7334 1.0236, 1.0947 0.7154 1.0236, 1.0874 0.707 1.0236, 1.0742 0.9035 1.0236, 1.085 0.8916 1.0236, 1.0869 0.8896 1.0236, 1.0949 0.8807 1.0236, 1.1026 0.8689 1.0236, 1.1056 0.8619 1.0236, 0.9205 0.7071 1.0236, 0.9179 0.7098 1.0236, 0.9013 0.7336 1.0236, 1.1161 0.8375 1.0236, 1.1179 0.8302 1.0236, 1.1189 0.8263 1.0236, 0.9516 0.6834 1.0236, 0.9452 0.6877 1.0236, 0.9289 0.6989 1.0236, 1.0039 0.9313 1.0236, 1.0039 0.9313 1.0236, 1.027 0.9285 1.0236, 1.0369 0.9256 1.0236, 0.8945 0.7487 1.0236, 0.8907 0.7638 1.0236, 0.8869 0.7791 1.0236, 1.0026 0.6705 1.0236, 0.9902 0.6713 1.0236, 0.9912 0.9304 1.0236, 0.9735 0.9258 1.0236, 0.9676 0.9243 1.0236, 1.0865 0.706 1.0236, 1.0646 0.6881 1.0236, 1.0629 0.6873 1.0236, 0.9735 0.6754 1.0236, 0.9642 0.6777 1.0236, 0.8858 0.7945 1.0236, 0.8861 0.7966 1.0236, 0.8893 0.8278 1.0236, 1.04 0.6764 1.0236, 1.0345 0.6748 1.0236, 1.0291 0.6733 1.0236, 0.8923 0.839 1.0236, 0.9024 0.8619 1.0236, 0.9362 0.9057 1.0236, 0.9452 0.9115 1.0236, 0.9597 0.9209 1.0236, 0.9062 0.8704 1.0236, 0.9103 0.8769 1.0236, 0.9211 0.8895 1.0236, 0.9229 0.8916 1.0236, 0.9313 0.9014 1.0236, 0.2018 0.9313 1.0236, 0.3184 0.8081 1.0236, 0.318 0.7968 1.0236, 0.3172 0.7749 1.0236, 0.3151 0.7643 1.0236, 0.2977 0.724 1.0236, 0.2838 0.7074 1.0236, 0.3148 0.7635 1.0236, 0.3042 0.7352 1.0236, 0.1717 0.6743 1.0236, 0.1467 0.6843 1.0236, -0.0001 0.6701 1.0236, 0.1176 0.7074 1.0236, 0.1137 0.7109 1.0236, 0.1041 0.7237 1.0236, 0.0992 0.7334 1.0236, 0.0907 0.7504 1.0236, 0.0868 0.7636 1.0236, 0.0861 0.7662 1.0236, 0.1418 0.6873 1.0236, 0.1344 0.692 1.0236, 0.1702 0.9263 1.0236, 0.1784 0.9287 1.0236, 0.2497 0.9184 1.0236, 0.2595 0.9116 1.0236, 0.2724 0.9024 1.0236, 0.2828 0.8918 1.0236, 0.2839 0.8907 1.0236, 0.2842 0.8902 1.0236, 0.3023 0.8637 1.0236, 0.3077 0.8521 1.0236, 0.314 0.8301 1.0236, 0.3171 0.819 1.0236, 0.1418 0.9122 1.0236, 0.1446 0.9142 1.0236, 0.1684 0.9258 1.0236, 0.2168 0.9299 1.0236, 0.2312 0.9257 1.0236, 0.2398 0.9232 1.0236, 0.279 0.7017 1.0236, 0.2579 0.686 1.0236, 0.2482 0.6809 1.0236, 0.2312 0.6754 1.0236, 0.2226 0.6726 1.0236, 0.211 0.6709 1.0236, 0.2008 0.6712 1.0236, 0.1844 0.6717 1.0236, 0.0877 0.8301 1.0236, 0.0836 0.8124 1.0236, 0.0827 0.7982 1.0236, 0.0913 0.8456 1.0236, 0.095 0.8548 1.0236, 0.0991 0.8618 1.0236, 0.1122 0.884 1.0236, 0.1165 0.8893 1.0236, 0.1174 0.8901 1.0236, 0.1191 0.8917 1.0236, 0.139 0.9103 1.0236, -0.6014 0.9313 1.0236, -0.4851 0.7968 1.0236, -0.486 0.7749 1.0236, -0.4013 0.6701 1.0236, -0.4881 0.7643 1.0236, -0.5204 0.8918 1.0236, -0.5193 0.8907 1.0236, -0.4884 0.7635 1.0236, -0.4989 0.7352 1.0236, -0.5054 0.724 1.0236, -0.6314 0.6743 1.0236, -0.6565 0.6843 1.0236, -0.8032 0.6701 1.0236, -0.6856 0.7074 1.0236, -0.6894 0.7109 1.0236, -0.6991 0.7237 1.0236, -0.704 0.7334 1.0236, -0.7125 0.7504 1.0236, -0.7163 0.7636 1.0236, -0.7171 0.7662 1.0236, -0.6613 0.6873 1.0236, -0.6687 0.692 1.0236, -0.6329 0.9263 1.0236, -0.6248 0.9287 1.0236, -0.5534 0.9184 1.0236, -0.5437 0.9116 1.0236, -0.5308 0.9024 1.0236, -0.5189 0.8902 1.0236, -0.5009 0.8637 1.0236, -0.4954 0.8521 1.0236, -0.4892 0.8301 1.0236, -0.486 0.819 1.0236, -0.4847 0.8081 1.0236, -0.6614 0.9122 1.0236, -0.6585 0.9142 1.0236, -0.6348 0.9258 1.0236, -0.5863 0.9299 1.0236, -0.5719 0.9257 1.0236, -0.5634 0.9232 1.0236, -0.5193 0.7074 1.0236, -0.5242 0.7017 1.0236, -0.5453 0.686 1.0236, -0.5549 0.6809 1.0236, -0.572 0.6754 1.0236, -0.5806 0.6726 1.0236, -0.5922 0.6709 1.0236, -0.6023 0.6712 1.0236, -0.6188 0.6717 1.0236, -0.7155 0.8301 1.0236, -0.7196 0.8124 1.0236, -0.7205 0.7982 1.0236, -0.7118 0.8456 1.0236, -0.7081 0.8548 1.0236, -0.704 0.8618 1.0236, -0.6909 0.884 1.0236, -0.6866 0.8893 1.0236, -0.6858 0.8901 1.0236, -0.6841 0.8917 1.0236, -0.6642 0.9103 1.0236, -1.2878 0.7966 1.0236, -1.2875 0.7926 1.0236, -1.2045 0.6701 1.0236, -1.2882 0.782 1.0236, -1.3496 0.9143 1.0236, -1.3466 0.912 1.0236, -1.2923 0.7638 1.0236, -1.2952 0.7509 1.0236, -1.2993 0.7409 1.0236, -1.3038 0.7334 1.0236, -1.3148 0.7154 1.0236, -1.322 0.707 1.0236, -1.4183 0.9304 1.0236, -1.4055 0.9313 1.0236, -1.3352 0.9035 1.0236, -1.3244 0.8916 1.0236, -1.3226 0.8896 1.0236, -1.3145 0.8807 1.0236, -1.3069 0.8689 1.0236, -1.3039 0.8619 1.0236, -1.4452 0.6777 1.0236, -1.4579 0.6834 1.0236, -1.9828 0.6701 1.0236, -1.4889 0.7071 1.0236, -1.4916 0.7098 1.0236, -1.5082 0.7336 1.0236, -1.515 0.7487 1.0236, -1.2934 0.8375 1.0236, -1.2915 0.8302 1.0236, -1.2905 0.8263 1.0236, -1.4642 0.6877 1.0236, -1.4806 0.6989 1.0236, -1.4055 0.9313 1.0236, -1.3824 0.9285 1.0236, -1.3726 0.9256 1.0236, -1.5187 0.7638 1.0236, -1.5225 0.7791 1.0236, -1.5236 0.7945 1.0236, -1.323 0.706 1.0236, -1.3448 0.6881 1.0236, -1.3465 0.6873 1.0236, -1.4069 0.6705 1.0236, -1.4193 0.6713 1.0236, -1.4359 0.6754 1.0236, -1.436 0.9258 1.0236, -1.4419 0.9243 1.0236, -1.3694 0.6764 1.0236, -1.375 0.6748 1.0236, -1.3804 0.6733 1.0236, -1.5234 0.7966 1.0236, -1.5202 0.8278 1.0236, -1.5172 0.839 1.0236, -1.507 0.8619 1.0236, -1.4733 0.9057 1.0236, -1.4642 0.9115 1.0236, -1.4497 0.9209 1.0236, -1.5033 0.8704 1.0236, -1.4991 0.8769 1.0236, -1.4883 0.8895 1.0236, -1.4866 0.8916 1.0236, -1.4782 0.9014 1.0236, 1.2049 0.4215 1.0236, 0.4019 0.4215 1.0236, -0.8032 0.4215 1.0236, -1.2045 0.4215 1.0236, 1.489 0.1386 1.0236, 1.5078 0.1142 1.0236, 1.5196 0.0245 1.0236, 1.5078 -0.0039 1.0236, 1.489 -0.0284 1.0236, 1.3749 -0.059 1.0236, 1.3465 -0.0472 1.0236, 1.322 -0.0284 1.0236, 1.3032 -0.0039 1.0236, 1.2914 0.0245 1.0236, 1.2874 0.0551 1.0236, 1.2914 0.0857 1.0236, 1.3032 0.1142 1.0236, 1.5196 0.0857 1.0236, 1.5236 0.0551 1.0236, 1.4646 -0.0472 1.0236, 1.4361 -0.059 1.0236, 1.4055 -0.063 1.0236, 1.322 0.1386 1.0236, 1.3465 0.1574 1.0236, 1.3749 0.1692 1.0236, 1.4055 0.1732 1.0236, 1.4361 0.1692 1.0236, 1.4646 0.1574 1.0236, 0.8027 -1.5571 1.0236, 0.6024 0.1732 1.0236, 0.6329 0.1692 1.0236, 0.7046 -0.0039 1.0236, 0.6859 -0.0284 1.0236, 0.6614 -0.0472 1.0236, 0.6614 0.1574 1.0236, 0.6859 0.1386 1.0236, 0.7046 0.1142 1.0236, 0.7164 0.0857 1.0236, 0.7205 0.0551 1.0236, 0.7164 0.0245 1.0236, 0.5433 0.1574 1.0236, 0.5718 0.1692 1.0236, 0.4883 0.0857 1.0236, 0.5001 0.1142 1.0236, 0.5188 0.1386 1.0236, 0.6329 -0.059 1.0236, 0.6024 -0.063 1.0236, 0.4019 -1.5571 1.0236, 0.5718 -0.059 1.0236, 0.5433 -0.0472 1.0236, 0.5188 -0.0284 1.0236, 0.5001 -0.0039 1.0236, 0.4883 0.0245 1.0236, 0.4843 0.0551 1.0236, -0.0985 0.1142 1.0236, -0.3031 0.1142 1.0236, -0.2843 0.1386 1.0236, -0.4013 0.4215 1.0236, -0.2598 0.1574 1.0236, -0.2314 0.1692 1.0236, -0.2008 0.1732 1.0236, -0.1702 0.1692 1.0236, -0.0001 -1.5571 1.0236, -0.0867 0.0245 1.0236, -0.0985 -0.0039 1.0236, -0.1173 -0.0284 1.0236, -0.1417 0.1574 1.0236, -0.1173 0.1386 1.0236, -0.1417 -0.0472 1.0236, -0.1702 -0.059 1.0236, -0.4013 -1.5571 1.0236, -0.2008 -0.063 1.0236, -0.2314 -0.059 1.0236, -0.2598 -0.0472 1.0236, -0.2843 -0.0284 1.0236, -0.3031 -0.0039 1.0236, -0.3149 0.0245 1.0236, -0.3189 0.0551 1.0236, -0.3149 0.0857 1.0236, -0.8032 -1.5571 1.0236, -0.9204 0.1386 1.0236, -0.9017 0.1142 1.0236, -0.9017 -0.0039 1.0236, -0.9204 -0.0284 1.0236, -1.0345 -0.059 1.0236, -1.063 -0.0472 1.0236, -1.2045 -1.5571 1.0236, -1.0875 -0.0284 1.0236, -1.1062 -0.0039 1.0236, -1.118 0.0245 1.0236, -1.122 0.0551 1.0236, -1.118 0.0857 1.0236, -0.9449 0.1574 1.0236, -0.8899 0.0857 1.0236, -0.8858 0.0551 1.0236, -0.8899 0.0245 1.0236, -0.9449 -0.0472 1.0236, -0.9734 -0.059 1.0236, -1.0039 -0.063 1.0236, -1.1062 0.1142 1.0236, -1.0875 0.1386 1.0236, -1.063 0.1574 1.0236, -1.0345 0.1692 1.0236, -1.0039 0.1732 1.0236, -0.9734 0.1692 1.0236, -1.9828 0.4215 1.0236, -1.9828 -1.5571 1.0236, -2.4409 0.6701 1.0236, -2.4409 0.4215 1.0236, -2.4409 -1.5571 1.0236, -2.6378 -3.0471 1.8701, -2.6378 -3.0471 2.8543, -2.6378 -3.0282 2.8543, -2.6378 -3.0282 1.8701, -1.4567 0.689 3.7008, -1.4567 1.6732 4.4882, -1.4567 0.689 3.2283, -1.4567 1.6732 4.0945, 1.4567 1.6732 4.4882, 1.4567 1.6732 4.0945, 1.4567 0.689 3.2283, -3.1535 -1.6969 4.1339, -3.1535 -2.0906 4.1339, -3.1496 -1.6969 4.1339, -3.1496 -2.0906 4.1339, -3.1535 -1.6969 1.063, -3.1496 -1.6969 1.063, -3.1535 -2.0906 1.063, -3.1496 -2.0906 1.063, -3.1496 -2.0906 1.063
            ]
        }
        coordIndex [
            0,1,2,-1,3,4,5,-1,6,7,8,-1,9,10,11,-1,12,13,11,-1,14,11,15,-1,15,11,13,-1,15,13,16,-1,17,7,14,-1,14,7,6,-1,14,6,11,-1,0,2,18,-1,18,2,19,-1,18,19,20,-1,10,21,11,-1,11,21,22,-1,11,22,12,-1,23,24,25,-1,8,23,6,-1,6,23,25,-1,6,25,26,-1,26,25,27,-1,26,27,28,-1,20,29,18,-1,18,29,30,-1,18,30,11,-1,11,30,31,-1,11,31,9,-1,32,33,34,-1,35,36,37,-1,37,36,38,-1,37,38,28,-1,28,38,39,-1,28,39,26,-1,35,32,36,-1,36,32,34,-1,36,34,40,-1,40,34,41,-1,41,3,40,-1,40,3,5,-1,40,5,18,-1,18,5,42,-1,18,42,0,-1,0,42,43,-1,44,45,46,-1,46,45,47,-1,48,49,50,-1,51,52,53,-1,54,55,56,-1,57,58,59,-1,60,61,62,-1,62,61,63,-1,51,64,65,-1,60,62,66,-1,66,62,54,-1,66,54,67,-1,68,69,62,-1,62,69,70,-1,62,70,71,-1,59,72,54,-1,54,72,73,-1,54,73,55,-1,56,74,54,-1,54,74,75,-1,54,75,67,-1,63,76,62,-1,62,76,77,-1,62,77,78,-1,79,80,51,-1,51,80,81,-1,51,81,82,-1,78,83,62,-1,62,83,84,-1,62,84,68,-1,82,85,51,-1,51,85,86,-1,51,86,57,-1,57,86,87,-1,57,87,88,-1,65,89,51,-1,51,89,90,-1,51,90,79,-1,88,91,57,-1,57,91,92,-1,57,92,58,-1,93,94,54,-1,59,54,57,-1,57,54,94,-1,57,94,95,-1,96,97,54,-1,93,54,98,-1,98,54,97,-1,98,97,99,-1,100,101,102,-1,103,104,102,-1,105,106,107,-1,108,109,110,-1,111,112,113,-1,113,112,114,-1,113,114,115,-1,116,117,113,-1,116,113,118,-1,117,119,113,-1,113,119,120,-1,113,120,108,-1,105,121,122,-1,108,110,102,-1,102,110,123,-1,102,123,103,-1,124,125,105,-1,105,125,126,-1,105,126,121,-1,120,127,108,-1,108,127,128,-1,108,128,129,-1,115,130,113,-1,113,130,131,-1,113,131,118,-1,129,132,108,-1,108,132,133,-1,108,133,109,-1,122,134,105,-1,105,134,135,-1,105,135,136,-1,104,137,102,-1,102,137,138,-1,102,138,139,-1,136,140,105,-1,105,140,141,-1,105,141,106,-1,142,143,105,-1,105,143,144,-1,139,124,102,-1,102,124,105,-1,102,105,100,-1,100,105,144,-1,100,144,145,-1,146,147,105,-1,105,147,148,-1,105,149,150,-1,151,152,146,-1,146,152,153,-1,146,153,154,-1,148,155,105,-1,105,155,156,-1,105,156,157,-1,150,158,105,-1,105,158,159,-1,105,159,142,-1,142,159,160,-1,158,161,159,-1,159,161,162,-1,159,162,163,-1,164,165,166,-1,167,168,146,-1,146,168,169,-1,146,169,147,-1,157,170,105,-1,105,170,171,-1,105,171,149,-1,172,173,159,-1,159,173,174,-1,159,174,164,-1,164,174,175,-1,164,175,176,-1,154,177,146,-1,146,177,178,-1,146,178,167,-1,176,179,164,-1,164,179,180,-1,164,180,181,-1,163,182,159,-1,159,182,183,-1,159,183,172,-1,181,184,164,-1,164,184,185,-1,164,185,165,-1,186,187,188,-1,188,187,113,-1,188,113,189,-1,189,113,108,-1,189,108,190,-1,187,191,192,-1,193,194,195,-1,196,197,198,-1,199,200,146,-1,146,200,201,-1,146,201,202,-1,203,204,198,-1,198,204,205,-1,198,205,206,-1,197,207,198,-1,198,207,208,-1,198,208,187,-1,187,208,209,-1,192,199,187,-1,187,199,146,-1,187,146,113,-1,113,146,105,-1,113,105,111,-1,111,105,107,-1,206,210,198,-1,198,210,211,-1,198,211,196,-1,209,212,187,-1,187,212,213,-1,187,213,214,-1,215,216,146,-1,146,216,217,-1,146,217,193,-1,193,217,218,-1,193,218,219,-1,214,220,187,-1,187,220,221,-1,187,221,191,-1,219,222,193,-1,193,222,223,-1,193,223,224,-1,202,225,146,-1,146,225,226,-1,146,226,215,-1,224,227,193,-1,193,227,228,-1,193,228,194,-1,229,230,231,-1,231,230,232,-1,231,232,233,-1,234,235,236,-1,237,238,231,-1,193,239,240,-1,241,242,243,-1,243,242,244,-1,243,244,245,-1,238,246,231,-1,231,246,247,-1,231,247,193,-1,193,247,248,-1,233,249,231,-1,231,249,250,-1,231,250,237,-1,240,241,193,-1,193,241,243,-1,193,243,146,-1,146,243,164,-1,146,164,151,-1,151,164,166,-1,251,252,243,-1,252,253,243,-1,243,253,254,-1,243,254,234,-1,234,254,255,-1,248,256,193,-1,193,256,257,-1,193,257,258,-1,258,259,193,-1,193,259,260,-1,193,260,239,-1,255,261,234,-1,234,261,262,-1,234,262,263,-1,245,264,243,-1,243,264,265,-1,243,265,251,-1,263,266,234,-1,234,266,267,-1,234,267,235,-1,186,268,187,-1,187,268,269,-1,187,269,198,-1,198,269,270,-1,198,270,271,-1,271,270,272,-1,271,273,274,-1,275,276,277,-1,278,279,271,-1,271,279,280,-1,281,282,231,-1,231,282,283,-1,231,283,284,-1,285,286,278,-1,278,286,287,-1,278,287,288,-1,289,290,278,-1,278,290,291,-1,278,291,279,-1,274,281,271,-1,271,281,231,-1,271,231,198,-1,198,231,193,-1,198,193,203,-1,203,193,195,-1,280,292,271,-1,271,292,293,-1,271,293,294,-1,294,295,271,-1,271,295,296,-1,271,296,273,-1,297,298,231,-1,298,299,231,-1,231,299,300,-1,231,300,275,-1,275,300,301,-1,288,302,278,-1,278,302,303,-1,278,303,289,-1,301,304,275,-1,275,304,305,-1,275,305,306,-1,284,307,231,-1,231,307,308,-1,231,308,297,-1,306,309,275,-1,275,309,310,-1,275,310,276,-1,311,312,313,-1,314,315,316,-1,315,317,316,-1,316,317,318,-1,316,318,275,-1,275,318,319,-1,275,320,321,-1,322,323,316,-1,316,323,324,-1,316,324,325,-1,326,327,328,-1,328,327,329,-1,328,329,330,-1,319,331,275,-1,275,331,332,-1,275,332,333,-1,325,334,316,-1,316,334,335,-1,316,335,314,-1,333,336,275,-1,275,336,337,-1,275,337,320,-1,321,326,275,-1,275,326,328,-1,275,328,231,-1,231,328,234,-1,231,234,229,-1,229,234,236,-1,338,339,328,-1,339,340,328,-1,328,340,341,-1,328,341,311,-1,311,341,342,-1,342,343,311,-1,311,343,344,-1,311,344,345,-1,330,346,328,-1,328,346,347,-1,328,347,338,-1,345,348,311,-1,311,348,349,-1,311,349,312,-1,50,49,350,-1,272,351,271,-1,271,351,352,-1,271,352,278,-1,278,352,353,-1,278,353,49,-1,49,353,354,-1,49,354,350,-1,313,322,311,-1,311,322,316,-1,311,316,53,-1,53,316,62,-1,53,62,51,-1,51,62,71,-1,51,71,64,-1,49,355,356,-1,62,357,358,-1,359,360,48,-1,48,360,361,-1,48,361,49,-1,49,361,362,-1,49,362,363,-1,363,364,49,-1,49,364,365,-1,49,365,366,-1,367,368,316,-1,316,368,369,-1,316,369,370,-1,371,372,48,-1,48,372,373,-1,48,373,374,-1,366,375,49,-1,49,375,376,-1,49,376,355,-1,356,367,49,-1,49,367,316,-1,49,316,278,-1,278,316,275,-1,278,275,285,-1,285,275,277,-1,374,377,48,-1,48,377,378,-1,48,378,359,-1,379,380,316,-1,316,380,381,-1,316,381,62,-1,62,381,382,-1,62,382,383,-1,383,384,62,-1,62,384,385,-1,62,385,386,-1,370,387,316,-1,316,387,388,-1,316,388,379,-1,386,389,62,-1,62,389,390,-1,62,390,357,-1,358,371,62,-1,62,371,48,-1,62,48,54,-1,54,48,391,-1,54,391,96,-1,50,392,48,-1,48,392,393,-1,48,393,391,-1,391,393,394,-1,391,394,96,-1,96,394,395,-1,144,143,396,-1,397,23,396,-1,396,23,8,-1,396,8,144,-1,34,33,398,-1,398,33,399,-1,95,94,400,-1,400,94,41,-1,400,41,398,-1,398,41,34,-1,94,93,41,-1,41,93,3,-1,401,4,3,-1,43,402,0,-1,0,402,403,-1,401,3,404,-1,3,93,404,-1,404,93,98,-1,404,98,403,-1,403,98,99,-1,403,99,0,-1,99,97,0,-1,0,97,1,-1,395,405,96,-1,96,405,406,-1,1,97,2,-1,2,97,96,-1,2,96,407,-1,407,96,406,-1,2,407,408,-1,409,410,411,-1,412,413,414,-1,394,393,415,-1,416,417,415,-1,415,417,418,-1,393,419,420,-1,418,421,415,-1,415,421,422,-1,415,422,423,-1,423,424,415,-1,415,424,425,-1,415,425,426,-1,420,427,393,-1,393,427,428,-1,393,428,429,-1,429,430,393,-1,393,430,431,-1,393,431,432,-1,433,434,413,-1,413,434,435,-1,432,436,393,-1,393,436,437,-1,393,437,415,-1,415,437,438,-1,415,438,416,-1,439,440,413,-1,413,440,441,-1,413,441,433,-1,442,443,392,-1,392,443,444,-1,392,444,393,-1,393,444,445,-1,393,445,419,-1,435,446,413,-1,413,446,447,-1,413,447,448,-1,449,450,413,-1,442,392,451,-1,451,392,50,-1,451,50,452,-1,452,50,350,-1,452,350,453,-1,426,454,415,-1,415,454,455,-1,415,455,456,-1,450,457,413,-1,413,457,458,-1,413,458,439,-1,448,459,413,-1,413,459,460,-1,413,460,461,-1,456,462,415,-1,415,462,463,-1,415,463,464,-1,461,465,350,-1,350,465,466,-1,467,468,350,-1,350,468,469,-1,350,469,453,-1,466,470,350,-1,350,470,471,-1,350,471,472,-1,472,473,350,-1,350,473,474,-1,350,474,467,-1,353,352,475,-1,476,477,414,-1,414,477,478,-1,414,478,479,-1,414,480,481,-1,479,482,414,-1,414,482,483,-1,414,483,480,-1,484,485,486,-1,487,488,486,-1,486,488,489,-1,486,489,490,-1,490,491,486,-1,486,491,492,-1,486,492,493,-1,485,494,486,-1,486,494,495,-1,486,495,487,-1,351,496,352,-1,352,496,497,-1,352,497,475,-1,498,499,354,-1,354,499,500,-1,354,500,501,-1,501,502,354,-1,354,502,503,-1,354,503,504,-1,504,505,354,-1,354,505,506,-1,354,506,507,-1,461,350,413,-1,413,350,354,-1,413,354,414,-1,414,354,507,-1,414,507,476,-1,508,509,351,-1,351,509,510,-1,351,510,496,-1,475,511,353,-1,353,511,512,-1,353,512,354,-1,354,512,513,-1,354,513,498,-1,481,514,414,-1,414,514,515,-1,414,515,516,-1,516,517,414,-1,414,517,518,-1,414,518,519,-1,519,520,486,-1,486,520,521,-1,486,521,484,-1,522,351,523,-1,523,351,486,-1,523,486,524,-1,524,486,493,-1,522,525,351,-1,351,525,526,-1,351,526,527,-1,527,528,351,-1,351,528,529,-1,351,529,530,-1,530,531,351,-1,351,531,532,-1,351,532,508,-1,270,269,533,-1,534,535,536,-1,536,535,537,-1,538,539,272,-1,537,540,536,-1,536,540,541,-1,536,541,542,-1,543,544,545,-1,546,547,545,-1,545,547,548,-1,545,548,549,-1,549,550,545,-1,545,550,551,-1,545,551,552,-1,544,553,545,-1,545,553,554,-1,545,554,546,-1,268,555,269,-1,269,555,556,-1,269,556,533,-1,557,558,272,-1,272,558,559,-1,272,559,538,-1,539,560,272,-1,272,560,561,-1,272,561,562,-1,562,563,272,-1,272,563,564,-1,272,564,536,-1,536,564,565,-1,536,565,534,-1,566,567,268,-1,268,567,568,-1,268,568,555,-1,533,569,270,-1,270,569,570,-1,270,570,272,-1,272,570,571,-1,272,571,557,-1,542,572,536,-1,536,572,573,-1,536,573,574,-1,574,575,536,-1,536,575,576,-1,536,576,577,-1,578,579,545,-1,545,579,580,-1,545,580,543,-1,581,268,582,-1,582,268,545,-1,582,545,583,-1,583,545,552,-1,581,584,268,-1,268,584,585,-1,268,585,586,-1,586,587,268,-1,268,587,588,-1,268,588,589,-1,589,590,268,-1,268,590,591,-1,268,591,566,-1,592,593,594,-1,594,593,595,-1,186,596,597,-1,595,598,594,-1,594,598,599,-1,594,599,600,-1,600,601,594,-1,594,601,602,-1,594,602,603,-1,188,604,605,-1,597,606,186,-1,186,606,607,-1,186,607,608,-1,608,609,186,-1,186,609,610,-1,186,610,611,-1,612,613,614,-1,615,616,614,-1,614,616,617,-1,614,617,618,-1,611,619,186,-1,186,619,620,-1,186,620,594,-1,594,620,621,-1,594,621,592,-1,613,622,614,-1,614,622,623,-1,614,623,615,-1,605,624,188,-1,188,624,625,-1,188,625,186,-1,186,625,626,-1,186,626,596,-1,618,627,614,-1,614,627,628,-1,614,628,629,-1,603,630,594,-1,594,630,631,-1,594,631,632,-1,633,634,614,-1,614,634,635,-1,614,635,612,-1,604,188,636,-1,636,188,189,-1,636,189,637,-1,632,638,594,-1,594,638,639,-1,594,639,640,-1,629,641,614,-1,614,641,642,-1,614,642,189,-1,189,642,643,-1,189,643,644,-1,645,646,189,-1,189,646,647,-1,189,647,637,-1,644,648,189,-1,189,648,649,-1,189,649,650,-1,650,651,189,-1,189,651,652,-1,189,652,645,-1,395,394,405,-1,405,394,415,-1,405,415,406,-1,406,415,653,-1,486,411,654,-1,268,186,545,-1,545,186,594,-1,545,594,655,-1,655,594,656,-1,657,658,406,-1,406,659,407,-1,407,659,660,-1,407,660,661,-1,662,663,408,-1,408,663,664,-1,408,664,665,-1,665,666,408,-1,408,666,667,-1,408,667,653,-1,653,667,668,-1,653,668,669,-1,658,670,406,-1,406,670,671,-1,406,671,659,-1,661,672,407,-1,407,672,673,-1,407,673,408,-1,408,673,674,-1,408,674,662,-1,669,675,653,-1,653,675,676,-1,653,676,677,-1,677,678,653,-1,653,678,679,-1,653,679,406,-1,406,679,680,-1,406,680,657,-1,464,449,415,-1,415,449,413,-1,415,413,653,-1,653,413,412,-1,653,412,408,-1,408,412,681,-1,682,683,412,-1,684,685,681,-1,681,685,686,-1,683,687,412,-1,412,687,688,-1,412,688,689,-1,689,690,412,-1,412,690,691,-1,412,691,681,-1,681,691,692,-1,681,692,684,-1,693,694,654,-1,695,696,654,-1,654,696,697,-1,654,697,693,-1,519,486,414,-1,414,486,654,-1,414,654,412,-1,412,654,694,-1,412,694,682,-1,686,698,681,-1,681,698,699,-1,681,699,700,-1,699,701,700,-1,700,701,702,-1,700,702,703,-1,703,704,700,-1,700,704,705,-1,700,705,706,-1,409,411,707,-1,708,709,710,-1,710,709,711,-1,710,711,712,-1,713,714,411,-1,410,715,411,-1,411,715,700,-1,411,700,654,-1,654,700,706,-1,654,706,695,-1,410,716,715,-1,715,716,717,-1,715,717,718,-1,714,719,411,-1,411,719,720,-1,411,720,707,-1,718,721,715,-1,715,721,722,-1,715,722,723,-1,723,722,724,-1,723,724,725,-1,725,726,723,-1,723,726,727,-1,723,727,728,-1,712,713,710,-1,710,713,411,-1,710,411,536,-1,536,411,486,-1,536,486,272,-1,272,486,351,-1,728,729,723,-1,723,729,730,-1,723,730,710,-1,710,730,731,-1,710,731,708,-1,577,578,536,-1,536,578,545,-1,536,545,710,-1,710,545,655,-1,710,655,723,-1,723,655,732,-1,733,734,655,-1,732,735,736,-1,737,738,739,-1,739,738,740,-1,739,740,741,-1,741,742,739,-1,739,742,743,-1,739,743,656,-1,656,743,744,-1,733,655,745,-1,734,746,655,-1,655,746,747,-1,655,747,732,-1,732,747,748,-1,732,748,735,-1,736,749,732,-1,732,749,750,-1,732,750,739,-1,739,750,751,-1,739,751,737,-1,744,752,656,-1,656,752,753,-1,656,753,754,-1,754,755,656,-1,656,755,756,-1,656,756,655,-1,655,756,757,-1,655,757,745,-1,640,633,594,-1,594,633,614,-1,594,614,656,-1,656,614,758,-1,656,758,739,-1,739,758,759,-1,189,190,614,-1,614,190,760,-1,614,760,758,-1,758,760,761,-1,758,761,759,-1,759,761,762,-1,2,408,19,-1,19,408,681,-1,19,681,20,-1,20,681,700,-1,20,700,29,-1,29,700,715,-1,29,715,30,-1,30,715,723,-1,30,723,31,-1,31,723,732,-1,31,732,9,-1,9,732,739,-1,9,739,10,-1,10,739,759,-1,10,759,21,-1,21,759,762,-1,21,762,22,-1,12,22,762,-1,12,762,102,-1,762,761,102,-1,102,761,760,-1,102,760,108,-1,108,760,190,-1,102,101,12,-1,12,101,13,-1,763,16,13,-1,17,764,7,-1,7,764,765,-1,763,13,766,-1,13,101,766,-1,766,101,100,-1,766,100,765,-1,765,100,145,-1,765,145,7,-1,145,144,7,-1,7,144,8,-1,767,24,397,-1,397,24,23,-1,25,24,768,-1,768,24,767,-1,769,142,767,-1,767,142,160,-1,767,160,768,-1,768,160,770,-1,27,25,47,-1,47,25,768,-1,47,768,46,-1,46,768,771,-1,46,771,35,-1,35,771,32,-1,47,45,27,-1,27,45,28,-1,45,44,28,-1,28,44,37,-1,44,46,37,-1,37,46,35,-1,32,771,52,-1,52,771,772,-1,33,32,399,-1,399,32,52,-1,399,52,773,-1,773,52,51,-1,95,400,57,-1,57,400,773,-1,57,773,51,-1,399,773,398,-1,398,773,400,-1,769,396,142,-1,142,396,143,-1,769,767,396,-1,396,767,397,-1,160,159,770,-1,770,159,164,-1,328,772,234,-1,234,772,770,-1,234,770,243,-1,243,770,164,-1,328,311,772,-1,772,311,53,-1,772,53,52,-1,768,770,771,-1,771,770,772,-1,774,775,776,-1,776,775,777,-1,778,774,779,-1,779,774,776,-1,780,778,781,-1,781,778,779,-1,775,780,777,-1,777,780,781,-1,778,780,774,-1,774,780,775,-1,
        ]
    }
}
Shape{
    appearance Appearance {
        material  Material 	{
            diffuseColor 0.7764705882352941 0.7568627450980392 0.7372549019607844
            specularColor 0.38823529411764707 0.3764705882352941 0.3686274509803922
            ambientIntensity 0.2
            transparency 0
            shininess 0.5
        }
    }
    geometry IndexedFaceSet {
        ccw TRUE
        solid FALSE
        coord DEF co Coordinate {
            point [
                3.1496 -3.0512 0.0616, -3.1496 -3.0512 0.0616, 3.1496 -3.0541 0.0699, -3.1496 -3.0541 0.0699, 3.1496 -3.0551 0.0787, -3.1496 -3.0551 0.0787, -3.1496 -3.0551 5.1181, -3.1496 -3.0541 5.1269, -1.8898 -3.0541 5.1269, 0.6299 -3.0512 5.1353, 0.6299 -3.0541 5.1269, -0.6299 -3.0541 5.1269, -0.6299 -3.0512 5.1353, -1.8898 -3.0512 5.1353, -3.1496 -3.0512 5.1353, 1.8898 -3.0512 5.1353, 3.1496 -3.0512 5.1353, 1.8898 -3.0541 5.1269, 3.1496 -3.0541 5.1269, 1.8898 -3.0551 5.1181, 3.1496 -3.0551 5.1181, 0.9646 -3.0551 5.1181, 0.6299 -3.0551 5.1181, -0.6299 -3.0551 5.1181, -0.9646 -3.0551 5.1181, -1.8898 -3.0551 5.1181, 3.2283 1.7903 0.2396, 3.2283 -3.0157 5.1181, 3.2283 0.1929 -0.0, 3.2283 -3.0157 0.0787, 3.2283 -3.0157 -0.0, 3.2283 1.7903 -0.0, 3.2283 0.7835 -0.0, 3.2283 0.7835 -1.122, 3.2283 0.1929 -1.122, 3.2283 1.8691 1.9093, 3.2283 1.8487 1.912, 3.2283 2.3514 1.387, 3.2283 2.726 1.387, 3.2283 2.726 0.8842, 3.2283 3.1654 0.4364, 3.2283 3.1654 1.7124, 3.2283 3.1586 1.7634, 3.2283 3.139 1.8109, 3.2283 0.203 -1.1985, 3.2283 0.2325 -1.2697, 3.2283 0.2794 -1.3308, 3.2283 0.4882 -1.4173, 3.2283 0.7734 -1.1985, 3.2283 0.7439 -1.2697, 3.2283 2.9685 0.2396, 3.2283 3.0195 0.2463, 3.2283 3.0669 0.2659, 3.2283 3.1077 0.2972, 3.2283 2.3514 0.8842, 3.2283 1.8691 2.077, 3.2283 3.1654 2.077, 3.2283 3.1654 5.1969, 3.2283 1.8487 2.0743, 3.2283 0.697 -1.3308, 3.2283 0.5646 -1.4073, 3.2283 0.6358 -1.3778, 3.2283 3.139 0.338, 3.2283 3.1586 0.3855, 3.2283 1.8297 1.9198, 3.2283 1.8134 1.9323, 3.2283 1.8009 1.9486, 3.2283 1.793 1.9676, 3.2283 1.7903 1.988, 3.2283 1.7903 1.9983, 3.2283 1.793 2.0186, 3.2283 1.8009 2.0376, 3.2283 -3.0157 5.1969, 3.2283 1.8134 2.0539, 3.2283 1.8297 2.0665, 3.2283 2.9685 1.9093, 3.2283 3.0195 1.9026, 3.2283 0.3406 -1.3778, 3.2283 0.4118 -1.4073, 3.2283 3.1077 1.8516, 3.2283 3.0669 1.8829, 3.189 1.8691 1.9093, 3.189 2.9685 1.9093, 3.189 2.726 1.387, 3.189 3.0195 1.9026, 3.189 1.8297 1.9198, 3.189 1.8487 1.912, 3.189 0.1929 -0.0, 3.189 3.1654 2.077, 3.189 1.8691 2.077, 3.189 3.1654 5.1969, 3.189 1.8487 2.0743, 3.189 -3.0157 5.1969, 3.189 1.8297 2.0665, 3.189 -3.0157 5.1181, 3.189 3.0669 1.8829, 3.189 3.1077 1.8516, 3.189 3.139 1.8109, 3.189 2.3514 1.387, 3.189 2.3514 0.8842, 3.189 0.7835 -0.0, 3.189 3.1586 1.7634, 3.189 3.1654 1.7124, 3.189 2.726 0.8842, 3.189 1.7903 1.9983, 3.189 1.7903 1.988, 3.189 -3.0157 0.0787, 3.189 1.793 1.9676, 3.189 -3.0157 -0.0, 3.189 1.8009 1.9486, 3.189 1.8134 1.9323, 3.189 0.7734 -1.1985, 3.189 0.7439 -1.2697, 3.189 0.1929 -1.122, 3.189 1.8134 2.0539, 3.189 1.8009 2.0376, 3.189 1.793 2.0186, 3.189 0.7835 -1.122, 3.189 1.7903 -0.0, 3.189 1.7903 0.2396, 3.189 2.9685 0.2396, 3.189 3.0195 0.2463, 3.189 0.5646 -1.4073, 3.189 0.4882 -1.4173, 3.189 0.6358 -1.3778, 3.189 0.4118 -1.4073, 3.189 0.3406 -1.3778, 3.189 0.2794 -1.3308, 3.189 0.2325 -1.2697, 3.189 0.697 -1.3308, 3.189 0.203 -1.1985, 3.189 3.1654 0.4364, 3.189 3.1586 0.3855, 3.189 3.139 0.338, 3.189 3.1077 0.2972, 3.189 3.0669 0.2659, -3.2283 3.1654 2.077, -3.2283 3.1654 5.1969, -3.189 3.1654 2.077, -3.189 3.1654 5.1969, -3.189 3.1654 1.7124, -3.189 3.1654 0.4364, -3.2283 3.1654 1.7124, -3.2283 3.1654 0.4364, 3.1496 -3.0945 5.1181, 3.1496 -3.0945 0.0787, 3.17 -3.0918 0.0787, 3.17 -3.0918 5.1181, 3.189 -3.0839 0.0787, 3.189 -3.0839 5.1181, 3.2053 -3.0714 0.0787, 3.2053 -3.0714 5.1181, 3.2178 -3.0551 0.0787, 3.2178 -3.0551 5.1181, 3.2257 -3.0361 0.0787, 3.2257 -3.0361 5.1181, -3.189 -3.0157 5.1969, -3.2283 -3.0157 5.1969, -3.189 -3.0157 5.1181, -3.2283 -3.0157 5.1181, -3.1496 -3.0945 0.0787, -3.1496 -3.0945 5.1181, -3.17 -3.0918 5.1181, -3.17 -3.0918 0.0787, -3.189 -3.0839 5.1181, -3.189 -3.0839 0.0787, -3.2053 -3.0714 5.1181, -3.2053 -3.0714 0.0787, -3.2178 -3.0551 5.1181, -3.2178 -3.0551 0.0787, -3.2257 -3.0361 5.1181, -3.2257 -3.0361 0.0787, -3.2283 -3.0157 0.0787, -3.1876 -3.0259 5.1181, -3.1837 -3.0354 5.1181, -3.1774 -3.0436 5.1181, -3.1693 -3.0498 5.1181, -3.1598 -3.0538 5.1181, 2.7165 -3.0945 2.8543, 2.7165 -3.0945 3.0315, 0.9646 -3.0945 5.1181, 0.9646 -3.0945 4.5669, 1.5354 -3.0945 4.5669, -2.7165 -3.0945 1.8701, -2.7165 -3.0945 1.6929, 2.5197 -3.0945 3.0315, 2.5197 -3.0945 3.7795, 1.5354 -3.0945 3.7795, -0.9646 -3.0945 4.5669, -0.9646 -3.0945 5.1181, -1.5354 -3.0945 4.5669, -1.5354 -3.0945 3.7795, -2.5197 -3.0945 3.7795, -2.5197 -3.0945 1.6929, -2.5197 -3.0945 0.9449, 2.5197 -3.0945 0.9449, -2.5197 -3.0945 3.0315, -2.7165 -3.0945 3.0315, -2.7165 -3.0945 2.8543, -2.6629 -3.0945 2.8543, -2.6629 -3.0945 1.8701, 2.5197 -3.0945 1.6929, 2.7165 -3.0945 1.6929, 2.7165 -3.0945 1.8701, 2.6629 -3.0945 1.8701, 2.6629 -3.0945 2.8543, 1.5354 -3.0551 4.5669, 0.9646 -3.0551 4.5669, -2.7165 -3.0551 1.8701, -2.7165 -3.0551 1.6929, -2.5197 -3.0551 3.7795, 2.7165 -3.0551 2.8543, 2.7165 -3.0551 3.0315, 2.5197 -3.0551 3.0315, -1.5354 -3.0551 3.7795, -1.5354 -3.0551 4.5669, -0.9646 -3.0551 4.5669, -2.5197 -3.0551 3.0315, -2.7165 -3.0551 3.0315, -2.7165 -3.0551 2.8543, -2.6629 -3.0551 2.8543, -2.6629 -3.0551 1.8701, -2.5197 -3.0551 1.6929, -2.5197 -3.0551 0.9449, 2.5197 -3.0551 0.9449, 2.5197 -3.0551 3.7795, 1.5354 -3.0551 3.7795, 2.5197 -3.0551 1.6929, 2.7165 -3.0551 1.6929, 2.7165 -3.0551 1.8701, 2.6629 -3.0551 1.8701, 2.6629 -3.0551 2.8543, -3.2283 -3.0157 0.0, -3.189 -3.0157 0.0, -3.189 -3.0157 0.0787, 3.1598 -3.0538 5.1181, 3.1693 -3.0498 5.1181, 3.1774 -3.0436 5.1181, 3.1837 -3.0354 5.1181, 3.1876 -3.0259 5.1181, 3.1876 -3.0259 0.0787, 3.1837 -3.0354 0.0787, 3.1774 -3.0436 0.0787, 3.1693 -3.0498 0.0787, 3.1598 -3.0538 0.0787, -3.1598 -3.0538 0.0787, -3.1693 -3.0498 0.0787, -3.1774 -3.0436 0.0787, -3.1837 -3.0354 0.0787, -3.1876 -3.0259 0.0787, 3.0807 -3.0839 0.0394, 3.1496 -3.0839 0.0394, 3.1496 -3.0918 0.0584, -3.1496 -3.0918 0.0584, 2.5225 -3.0839 0.0394, -3.1496 -3.0839 0.0394, -2.5225 -3.0839 0.0394, -2.5225 -3.0714 0.0231, 2.5225 -3.0714 0.0231, -2.5225 -3.0551 0.0105, 2.5225 -3.0551 0.0105, -2.5225 -3.0361 0.0027, 2.5225 -3.0361 0.0027, -2.5225 -3.0157 0.0, 2.5225 -3.0157 -0.0, 2.5225 -2.5495 -0.0, -2.5225 -2.5495 0.0, 3.1496 -3.0925 5.1356, 0.9646 -3.0925 5.1356, 3.1496 -3.0867 5.1523, 0.9646 -3.0867 5.1523, 3.1496 -3.0773 5.1672, 0.9646 -3.0773 5.1672, 3.1496 -3.0648 5.1797, 0.9646 -3.0648 5.1797, -0.9646 -3.0551 5.1863, 0.9646 -3.0551 5.1863, -3.1496 -3.0499 5.1891, -0.9646 -3.0648 5.1797, -3.1496 -3.0648 5.1797, -3.1496 -3.0773 5.1672, -0.9646 -3.0773 5.1672, -3.1496 -3.0867 5.1523, -0.9646 -3.0867 5.1523, -3.1496 -3.0925 5.1356, -0.9646 -3.0925 5.1356, 3.1496 -3.0499 5.1891, 3.1496 -3.0333 5.1949, -3.1496 -3.0333 5.1949, 3.1496 -3.0157 5.1969, -3.1496 -3.0157 5.1969, -3.189 2.9685 0.2396, -3.189 1.7903 0.2396, -3.2283 2.9685 0.2396, -3.2283 1.7903 0.2396, -3.2283 1.7903 0.0, -3.189 1.7903 0.0, -3.2283 1.8691 2.077, -3.189 1.8691 2.077, -3.189 1.8691 1.9093, -3.189 2.9685 1.9093, -3.2283 1.8691 1.9093, -3.2283 2.9685 1.9093, -3.2283 1.7903 1.988, -3.2283 1.7903 1.9983, -3.189 1.7903 1.988, -3.189 1.7903 1.9983, -3.189 3.0195 1.9026, -3.2283 3.0195 1.9026, -3.189 3.0669 1.8829, -3.2283 3.0669 1.8829, -3.189 3.1077 1.8516, -3.2283 3.1077 1.8516, -3.189 3.139 1.8109, -3.2283 3.139 1.8109, -3.189 3.1586 1.7634, -3.2283 3.1586 1.7634, -3.2283 3.0195 0.2463, -3.189 3.0195 0.2463, -3.2283 3.0669 0.2659, -3.189 3.0669 0.2659, -3.2283 3.1077 0.2972, -3.189 3.1077 0.2972, -3.2283 3.139 0.338, -3.189 3.139 0.338, -3.2283 3.1586 0.3855, -3.189 3.1586 0.3855, -3.189 3.1586 0.3855
            ]
        }
        coordIndex [
            0,1,2,-1,2,1,3,-1,2,3,4,-1,4,3,5,-1,6,7,8,-1,9,10,11,-1,9,11,12,-1,12,11,8,-1,12,8,13,-1,13,8,7,-1,13,7,14,-1,15,16,17,-1,17,16,18,-1,17,18,19,-1,19,18,20,-1,9,15,10,-1,10,15,17,-1,10,17,21,-1,21,17,19,-1,21,22,10,-1,10,22,23,-1,10,23,11,-1,11,23,24,-1,11,24,8,-1,8,24,25,-1,8,25,6,-1,26,27,28,-1,28,27,29,-1,28,29,30,-1,31,26,32,-1,32,26,28,-1,32,28,33,-1,33,28,34,-1,35,36,37,-1,38,39,40,-1,40,41,38,-1,38,41,42,-1,38,42,43,-1,34,44,33,-1,33,44,45,-1,33,45,46,-1,33,47,48,-1,48,47,49,-1,50,51,39,-1,39,51,52,-1,39,52,53,-1,50,39,26,-1,26,39,54,-1,26,54,37,-1,55,56,57,-1,55,57,58,-1,49,47,59,-1,59,47,60,-1,59,60,61,-1,53,62,39,-1,39,62,63,-1,39,63,40,-1,36,64,37,-1,37,64,65,-1,37,65,26,-1,26,65,66,-1,26,66,27,-1,66,67,27,-1,27,67,68,-1,27,68,69,-1,69,70,27,-1,27,70,71,-1,27,71,72,-1,72,71,73,-1,72,73,57,-1,57,73,74,-1,57,74,58,-1,35,37,75,-1,75,37,38,-1,75,38,76,-1,46,77,33,-1,33,77,78,-1,33,78,47,-1,43,79,38,-1,38,79,80,-1,38,80,76,-1,81,82,83,-1,83,82,84,-1,85,86,87,-1,88,89,90,-1,90,89,91,-1,90,91,92,-1,92,91,93,-1,92,93,94,-1,84,95,83,-1,83,95,96,-1,83,96,97,-1,83,98,81,-1,81,98,99,-1,81,99,100,-1,97,101,83,-1,83,101,102,-1,83,102,103,-1,104,105,106,-1,106,105,107,-1,106,107,108,-1,108,107,109,-1,108,109,87,-1,87,109,110,-1,87,110,85,-1,111,112,113,-1,93,114,94,-1,94,114,115,-1,94,115,106,-1,106,115,116,-1,106,116,104,-1,86,81,87,-1,87,81,100,-1,87,100,113,-1,113,100,117,-1,113,117,111,-1,118,100,119,-1,119,100,99,-1,119,99,120,-1,120,99,103,-1,120,103,121,-1,122,123,124,-1,124,123,125,-1,125,126,124,-1,124,126,127,-1,124,127,128,-1,112,129,113,-1,113,129,124,-1,113,124,130,-1,130,124,128,-1,102,131,103,-1,103,131,132,-1,103,132,133,-1,133,134,103,-1,103,134,135,-1,103,135,121,-1,88,90,56,-1,56,90,57,-1,131,102,40,-1,40,102,41,-1,136,137,138,-1,138,137,139,-1,140,141,142,-1,142,141,143,-1,72,92,27,-1,27,92,94,-1,144,145,146,-1,144,146,147,-1,147,146,148,-1,147,148,149,-1,149,148,150,-1,149,150,151,-1,151,150,152,-1,151,152,153,-1,153,152,154,-1,153,154,155,-1,155,154,29,-1,155,29,27,-1,156,157,158,-1,158,157,159,-1,160,161,162,-1,160,162,163,-1,163,162,164,-1,163,164,165,-1,165,164,166,-1,165,166,167,-1,167,166,168,-1,167,168,169,-1,169,168,170,-1,169,170,171,-1,171,170,159,-1,171,159,172,-1,158,159,173,-1,173,159,170,-1,173,170,174,-1,174,170,168,-1,174,168,175,-1,175,168,166,-1,175,166,176,-1,176,166,164,-1,176,164,177,-1,177,164,162,-1,177,162,6,-1,6,162,161,-1,145,144,178,-1,178,144,179,-1,180,181,144,-1,144,181,182,-1,161,160,183,-1,183,160,184,-1,185,179,186,-1,186,179,144,-1,186,144,187,-1,187,144,182,-1,188,189,190,-1,190,189,161,-1,190,161,191,-1,191,161,192,-1,193,184,194,-1,194,184,160,-1,194,160,195,-1,195,160,145,-1,196,192,197,-1,197,192,161,-1,197,161,198,-1,198,161,183,-1,198,183,199,-1,199,183,200,-1,201,195,202,-1,202,195,145,-1,202,145,203,-1,203,145,178,-1,203,178,204,-1,204,178,205,-1,206,207,21,-1,208,209,5,-1,210,6,25,-1,211,212,20,-1,20,212,213,-1,214,210,215,-1,215,210,25,-1,215,25,216,-1,216,25,24,-1,210,217,6,-1,6,217,218,-1,6,218,219,-1,220,221,219,-1,219,221,208,-1,219,208,6,-1,6,208,5,-1,209,222,5,-1,5,222,223,-1,5,223,4,-1,4,223,224,-1,225,226,206,-1,213,225,20,-1,20,225,206,-1,20,206,19,-1,19,206,21,-1,224,227,4,-1,4,227,228,-1,4,228,229,-1,230,231,229,-1,229,231,211,-1,229,211,4,-1,4,211,20,-1,232,233,172,-1,172,233,234,-1,108,30,106,-1,106,30,29,-1,20,144,235,-1,235,144,147,-1,235,147,236,-1,236,147,149,-1,236,149,237,-1,237,149,151,-1,237,151,238,-1,238,151,153,-1,238,153,239,-1,239,153,155,-1,239,155,94,-1,94,155,27,-1,106,29,240,-1,240,29,154,-1,240,154,241,-1,241,154,152,-1,241,152,242,-1,242,152,150,-1,242,150,243,-1,243,150,148,-1,243,148,244,-1,244,148,146,-1,244,146,4,-1,4,146,145,-1,94,106,239,-1,239,106,240,-1,239,240,238,-1,238,240,241,-1,238,241,237,-1,237,241,242,-1,237,242,236,-1,236,242,243,-1,236,243,235,-1,235,243,244,-1,235,244,20,-1,20,244,4,-1,30,108,28,-1,28,108,87,-1,72,57,92,-1,92,57,90,-1,5,160,245,-1,245,160,163,-1,245,163,246,-1,246,163,165,-1,246,165,247,-1,247,165,167,-1,247,167,248,-1,248,167,169,-1,248,169,249,-1,249,169,171,-1,249,171,234,-1,234,171,172,-1,234,158,249,-1,249,158,173,-1,249,173,248,-1,248,173,174,-1,248,174,247,-1,247,174,175,-1,247,175,246,-1,246,175,176,-1,246,176,245,-1,245,176,177,-1,245,177,5,-1,5,177,6,-1,156,139,157,-1,157,139,137,-1,250,251,252,-1,145,160,253,-1,250,252,254,-1,253,255,256,-1,145,253,252,-1,252,253,256,-1,252,256,254,-1,254,256,257,-1,254,257,258,-1,258,257,259,-1,258,259,260,-1,260,259,261,-1,260,261,262,-1,262,261,263,-1,262,263,264,-1,265,264,266,-1,266,264,263,-1,180,144,267,-1,180,267,268,-1,268,267,269,-1,268,269,270,-1,270,269,271,-1,270,271,272,-1,272,271,273,-1,272,273,274,-1,275,276,277,-1,275,277,278,-1,277,279,278,-1,278,279,280,-1,278,280,281,-1,281,280,282,-1,281,282,283,-1,283,282,284,-1,283,284,285,-1,285,284,161,-1,285,161,189,-1,274,273,276,-1,276,273,286,-1,276,286,277,-1,277,286,287,-1,277,287,288,-1,288,287,289,-1,288,289,290,-1,291,292,293,-1,293,292,294,-1,295,294,296,-1,296,294,292,-1,297,136,298,-1,298,136,138,-1,299,300,301,-1,301,300,302,-1,303,304,305,-1,305,304,306,-1,50,26,120,-1,120,26,119,-1,31,118,26,-1,26,118,119,-1,105,104,68,-1,68,104,69,-1,89,88,55,-1,55,88,56,-1,35,75,81,-1,81,75,82,-1,50,120,121,-1,50,121,51,-1,51,121,135,-1,51,135,52,-1,52,135,134,-1,52,134,53,-1,53,134,133,-1,53,133,62,-1,62,133,132,-1,62,132,63,-1,63,132,131,-1,63,131,40,-1,82,75,76,-1,82,76,84,-1,84,76,80,-1,84,80,95,-1,95,80,79,-1,95,79,96,-1,96,79,43,-1,96,43,97,-1,97,43,42,-1,97,42,101,-1,101,42,41,-1,101,41,102,-1,302,300,307,-1,302,307,308,-1,308,307,309,-1,308,309,310,-1,310,309,311,-1,310,311,312,-1,312,311,313,-1,312,313,314,-1,314,313,315,-1,314,315,316,-1,316,315,140,-1,316,140,142,-1,291,293,317,-1,291,317,318,-1,318,317,319,-1,318,319,320,-1,320,319,321,-1,320,321,322,-1,322,321,323,-1,322,323,324,-1,324,323,325,-1,324,325,326,-1,326,325,143,-1,326,143,141,-1,
        ]
    }
}
Shape{
    appearance Appearance {
        material  Material 	{
            diffuseColor 0.10980392156862745 0.10980392156862745 0.10980392156862745
            specularColor 0.0784313725490196 0.0784313725490196 0.0784313725490196
            ambientIntensity 0.2
            transparency 0
            shininess 0.5
        }
    }
    geometry IndexedFaceSet {
        ccw TRUE
        solid FALSE
        coord DEF co Coordinate {
            point [
                3.1535 -2.0906 4.1339, 3.1535 -1.6969 4.1339, 3.1496 -2.0906 4.1339, 3.1496 -1.6969 4.1339, 3.1535 -2.0906 1.063, 3.1496 -2.0906 1.063, 3.1535 -1.6969 1.063, 3.1496 -1.6969 1.063, 3.1496 -1.6969 1.063
            ]
        }
        coordIndex [
            0,1,2,-1,2,1,3,-1,4,0,5,-1,5,0,2,-1,6,4,7,-1,7,4,5,-1,1,6,3,-1,3,6,7,-1,4,6,0,-1,0,6,1,-1,
        ]
    }
}
Shape{
    appearance Appearance {
        material  Material 	{
            diffuseColor 0.7764705882352941 0.7568627450980392 0.7372549019607844
            specularColor 0.38823529411764707 0.3764705882352941 0.3686274509803922
            ambientIntensity 0.2
            transparency 0
            shininess 0.5
        }
    }
    geometry IndexedFaceSet {
        ccw TRUE
        solid FALSE
        coord DEF co Coordinate {
            point [
                2.5197 -3.0551 3.7795, 2.5197 -3.0551 3.0315, 2.5197 -3.0945 3.7795, 2.5197 -3.0945 3.0315, 2.7165 -3.0551 3.0315, 2.7165 -3.0945 3.0315, 2.7165 -3.0945 2.8543, 2.7165 -3.0551 2.8543, 2.7165 -3.0551 1.6929, 2.5197 -3.0551 1.6929, 2.7165 -3.0945 1.6929, 2.5197 -3.0945 1.6929, 2.5197 -3.0551 0.9449, 2.5197 -3.0945 0.9449, -2.5197 -3.0551 0.9449, -2.5197 -3.0945 0.9449, -2.5197 -3.0551 1.6929, -2.5197 -3.0945 1.6929, -2.7165 -3.0551 1.6929, -2.7165 -3.0945 1.6929, -2.7165 -3.0945 1.8701, -2.7165 -3.0551 1.8701, -2.7165 -3.0551 3.0315, -2.5197 -3.0551 3.0315, -2.7165 -3.0945 3.0315, -2.5197 -3.0945 3.0315, -2.5197 -3.0551 3.7795, -2.5197 -3.0945 3.7795, -1.5354 -3.0551 3.7795, -1.5354 -3.0945 3.7795, -1.5354 -3.0551 4.5669, -1.5354 -3.0945 4.5669, -0.9646 -3.0551 4.5669, -0.9646 -3.0945 4.5669, -0.9646 -3.0945 5.1181, -0.9646 -3.0551 5.1181, -0.9646 -3.0551 5.1863, -0.9646 -3.0648 5.1797, -0.9646 -3.0773 5.1672, -0.9646 -3.0867 5.1523, -0.9646 -3.0925 5.1356, 0.9646 -3.0648 5.1797, 0.9646 -3.0551 5.1863, 0.9646 -3.0551 5.1181, 0.9646 -3.0551 4.5669, 0.9646 -3.0945 4.5669, 0.9646 -3.0945 5.1181, 0.9646 -3.0925 5.1356, 0.9646 -3.0867 5.1523, 0.9646 -3.0773 5.1672, 1.5354 -3.0551 4.5669, 1.5354 -3.0945 4.5669, 1.5354 -3.0551 3.7795, 1.5354 -3.0945 3.7795, 0.6299 -3.0551 5.1181, -0.6299 -3.0551 5.1181, -0.6299 -3.0551 5.1181
            ]
        }
        coordIndex [
            0,1,2,-1,2,1,3,-1,1,4,3,-1,3,4,5,-1,6,5,7,-1,7,5,4,-1,8,9,10,-1,10,9,11,-1,9,12,11,-1,11,12,13,-1,12,14,13,-1,13,14,15,-1,14,16,15,-1,15,16,17,-1,16,18,17,-1,17,18,19,-1,20,19,21,-1,21,19,18,-1,22,23,24,-1,24,23,25,-1,23,26,25,-1,25,26,27,-1,26,28,27,-1,27,28,29,-1,28,30,29,-1,29,30,31,-1,30,32,31,-1,31,32,33,-1,33,32,34,-1,34,32,35,-1,36,37,35,-1,35,37,38,-1,38,39,35,-1,35,39,40,-1,35,40,34,-1,41,42,43,-1,44,45,43,-1,43,45,46,-1,43,46,47,-1,47,48,43,-1,43,48,49,-1,43,49,41,-1,44,50,45,-1,45,50,51,-1,50,52,51,-1,51,52,53,-1,52,0,53,-1,53,0,2,-1,54,43,42,-1,54,42,55,-1,55,42,36,-1,55,36,35,-1,
        ]
    }
}
Shape{
    appearance Appearance {
        material  Material 	{
            diffuseColor 0.10980392156862745 0.10980392156862745 0.10980392156862745
            specularColor 0.0784313725490196 0.0784313725490196 0.0784313725490196
            ambientIntensity 0.2
            transparency 0
            shininess 0.5
        }
    }
    geometry IndexedFaceSet {
        ccw TRUE
        solid FALSE
        coord DEF co Coordinate {
            point [
                -2.9528 1.0827 5.0787, -2.9528 3.0512 5.0787, -2.9528 1.0827 5.1575, -2.9528 3.0512 5.1575, 2.9528 3.0512 5.0787, 2.9528 1.0827 5.0787, 2.9528 3.0512 5.1575, 2.9528 1.0827 5.1575, 2.3366 3.0512 5.0787, 1.2047 3.0512 5.0787, 0.8031 3.0512 5.0787, 0.4016 3.0512 5.0787, 0.0 3.0512 5.0787, -0.4016 3.0512 5.0787, -0.8031 3.0512 5.0787, -1.2047 3.0512 5.0787, -1.2047 3.0512 5.0787
            ]
        }
        coordIndex [
            0,1,2,-1,2,1,3,-1,4,5,6,-1,6,5,7,-1,5,0,7,-1,7,0,2,-1,4,8,5,-1,5,8,9,-1,5,9,10,-1,10,11,5,-1,5,11,12,-1,5,12,0,-1,0,12,13,-1,13,14,0,-1,0,14,15,-1,0,15,1,-1,
        ]
    }
}
Shape{
    appearance Appearance {
        material  Material 	{
            diffuseColor 0.7764705882352941 0.7568627450980392 0.7372549019607844
            specularColor 0.38823529411764707 0.3764705882352941 0.3686274509803922
            ambientIntensity 0.2
            transparency 0
            shininess 0.5
        }
    }
    geometry IndexedFaceSet {
        ccw TRUE
        solid FALSE
        coord DEF co Coordinate {
            point [
                2.6629 -3.0551 2.8543, 2.6629 -3.0551 1.8701, 2.6587 -3.0547 2.8543, 2.6587 -3.0547 1.8701, 2.6547 -3.0533 2.8543, 2.6547 -3.0533 1.8701, 2.6511 -3.0512 2.8543, 2.6511 -3.0512 1.8701, 2.6629 -3.0945 1.8701, 2.6496 -3.093 1.8701, 2.637 -3.0885 1.8701, 2.6257 -3.0813 1.8701, 2.6378 -3.0512 1.8701, 2.6163 -3.0718 1.8701, 2.6378 -3.0471 1.8701, 2.6094 -3.0604 1.8701, 2.6629 -3.0945 2.8543, 2.6496 -3.093 2.8543, 2.637 -3.0885 2.8543, 2.6257 -3.0813 2.8543, 2.6163 -3.0718 2.8543, 2.6378 -3.0512 2.8543, 2.6094 -3.0604 2.8543, 2.6378 -3.0471 2.8543, 2.6378 -3.0282 1.8701, 2.0936 -1.9543 1.8701, 2.1293 -1.9377 1.8701, 2.1293 -1.9377 2.8543, 2.0936 -1.9543 2.8543, 2.6378 -3.0282 2.8543, 2.0754 -1.8223 1.8868, 2.0253 -1.7147 1.936, 1.9822 -1.6223 2.0142, 1.9492 -1.5514 2.1161, 1.9284 -1.5069 2.2348, 1.9213 -1.4917 2.3622, 1.9284 -1.5069 2.4896, 1.9492 -1.5514 2.6083, 1.9822 -1.6223 2.7102, 2.0754 -1.8223 2.8376, 2.0253 -1.7147 2.7884, 2.7165 -3.0551 1.8701, 2.7165 -3.0945 1.8701, 2.7165 -3.0945 2.8543, 2.7165 -3.0551 2.8543, 1.9135 -1.5681 2.1161, 1.9465 -1.639 2.0142, 1.9465 -1.639 2.7102, 2.0398 -1.8389 2.8376, 1.9896 -1.7313 2.7884, 1.9135 -1.5681 2.6083, 1.8927 -1.5235 2.4896, 1.9896 -1.7313 1.936, 2.0398 -1.8389 1.8868, 1.8856 -1.5083 2.3622, 1.8927 -1.5235 2.2348, -2.6629 -3.0551 1.8701, -2.6629 -3.0551 2.8543, -2.6587 -3.0547 1.8701, -2.6587 -3.0547 2.8543, -2.6547 -3.0533 1.8701, -2.6547 -3.0533 2.8543, -2.6511 -3.0512 1.8701, -2.6511 -3.0512 2.8543, -2.6629 -3.0945 2.8543, -2.6496 -3.093 2.8543, -2.637 -3.0885 2.8543, -2.6257 -3.0813 2.8543, -2.6378 -3.0512 2.8543, -2.6163 -3.0718 2.8543, -2.6378 -3.0471 2.8543, -2.6094 -3.0604 2.8543, -2.6629 -3.0945 1.8701, -2.6496 -3.093 1.8701, -2.637 -3.0885 1.8701, -2.6257 -3.0813 1.8701, -2.6163 -3.0718 1.8701, -2.6378 -3.0512 1.8701, -2.6094 -3.0604 1.8701, -2.6378 -3.0471 1.8701, -2.7165 -3.0551 2.8543, -2.7165 -3.0945 2.8543, -2.7165 -3.0945 1.8701, -2.7165 -3.0551 1.8701, -2.6378 -3.0282 2.8543, -2.0936 -1.9543 2.8543, -2.1293 -1.9377 2.8543, -2.0936 -1.9543 1.8701, -2.0398 -1.8389 1.8868, -1.9896 -1.7313 1.936, -1.9465 -1.639 2.0142, -1.9135 -1.5681 2.1161, -1.8927 -1.5235 2.2348, -2.0398 -1.8389 2.8376, -1.8927 -1.5235 2.4896, -1.9135 -1.5681 2.6083, -1.8856 -1.5083 2.3622, -1.9465 -1.639 2.7102, -1.9896 -1.7313 2.7884, -2.1293 -1.9377 1.8701, -2.6378 -3.0282 1.8701, -1.9822 -1.6223 2.0142, -2.0253 -1.7147 1.936, -1.9213 -1.4917 2.3622, -1.9284 -1.5069 2.2348, -2.0253 -1.7147 2.7884, -2.0754 -1.8223 1.8868, -2.0754 -1.8223 2.8376, -1.9492 -1.5514 2.1161, -1.9284 -1.5069 2.4896, -1.9822 -1.6223 2.7102, -1.9492 -1.5514 2.6083, -2.5225 -2.5495 0.0394, -2.5225 -2.5495 0.0, -2.5225 -3.0839 0.0394, -2.5225 -3.0157 0.0, -2.5225 -3.0361 0.0027, -2.5225 -3.0551 0.0105, -2.5225 -3.0714 0.0231, -1.7756 -2.5495 0.0394, -1.2047 -2.5495 0.0394, -0.8031 -2.5495 0.0394, -0.4016 -2.5495 0.0394, 2.5225 -2.5495 -0.0, -0.0334 -2.5495 0.0394, 0.8031 -2.5495 0.0394, 1.2047 -2.5495 0.0394, 1.7756 -2.5495 0.0394, 2.5197 -2.5495 0.0394, 2.5225 -2.5495 0.0394, 0.0795 -2.5495 0.0394, 0.1858 -2.5495 0.0394, 0.2722 -2.5495 0.0394, 0.3831 -2.5495 0.0394, 0.6073 -2.5495 0.0394, 2.5225 -3.0157 -0.0, 2.5225 -3.0839 0.0394, 2.5225 -3.0714 0.0231, 2.5225 -3.0551 0.0105, 2.5225 -3.0361 0.0027, 2.5225 -3.0361 0.0027
            ]
        }
        coordIndex [
            0,1,2,-1,2,1,3,-1,2,3,4,-1,4,3,5,-1,4,5,6,-1,6,5,7,-1,1,8,3,-1,3,8,9,-1,3,9,5,-1,5,9,10,-1,5,10,7,-1,7,10,11,-1,7,11,12,-1,12,11,13,-1,12,13,14,-1,14,13,15,-1,16,0,17,-1,17,0,2,-1,17,2,18,-1,18,2,4,-1,18,4,19,-1,19,4,6,-1,19,6,20,-1,20,6,21,-1,20,21,22,-1,22,21,23,-1,14,15,24,-1,24,15,25,-1,24,25,26,-1,27,28,29,-1,29,28,22,-1,29,22,23,-1,29,24,27,-1,27,24,26,-1,27,26,30,-1,30,31,27,-1,27,31,32,-1,27,32,33,-1,33,34,27,-1,27,34,35,-1,27,35,36,-1,36,37,27,-1,27,37,38,-1,27,38,39,-1,39,38,40,-1,1,41,8,-1,8,41,42,-1,16,43,0,-1,0,43,44,-1,22,15,13,-1,22,13,20,-1,20,13,11,-1,20,11,19,-1,19,11,10,-1,19,10,18,-1,18,10,9,-1,18,9,17,-1,17,9,8,-1,17,8,16,-1,15,22,25,-1,25,22,28,-1,45,46,47,-1,28,48,25,-1,25,48,49,-1,25,49,47,-1,47,50,51,-1,46,52,47,-1,47,52,53,-1,47,53,25,-1,51,54,47,-1,47,54,55,-1,47,55,45,-1,54,35,34,-1,54,34,55,-1,55,34,33,-1,55,33,45,-1,45,33,32,-1,45,32,46,-1,46,32,31,-1,46,31,52,-1,52,31,30,-1,52,30,53,-1,53,30,26,-1,53,26,25,-1,35,54,51,-1,35,51,36,-1,36,51,50,-1,36,50,37,-1,37,50,47,-1,37,47,38,-1,38,47,49,-1,38,49,40,-1,40,49,48,-1,40,48,39,-1,39,48,28,-1,39,28,27,-1,56,57,58,-1,58,57,59,-1,58,59,60,-1,60,59,61,-1,60,61,62,-1,62,61,63,-1,57,64,59,-1,59,64,65,-1,59,65,61,-1,61,65,66,-1,61,66,63,-1,63,66,67,-1,63,67,68,-1,68,67,69,-1,68,69,70,-1,70,69,71,-1,72,56,73,-1,73,56,58,-1,73,58,74,-1,74,58,60,-1,74,60,75,-1,75,60,62,-1,75,62,76,-1,76,62,77,-1,76,77,78,-1,78,77,79,-1,57,80,64,-1,64,80,81,-1,72,82,56,-1,56,82,83,-1,78,71,69,-1,78,69,76,-1,76,69,67,-1,76,67,75,-1,75,67,66,-1,75,66,74,-1,74,66,65,-1,74,65,73,-1,73,65,64,-1,73,64,72,-1,70,71,84,-1,84,71,85,-1,84,85,86,-1,71,78,85,-1,85,78,87,-1,87,88,85,-1,85,88,89,-1,85,89,90,-1,90,91,85,-1,85,91,92,-1,85,92,93,-1,94,95,96,-1,96,95,97,-1,96,97,92,-1,92,97,98,-1,92,98,93,-1,99,87,100,-1,100,87,78,-1,100,78,79,-1,101,102,86,-1,103,104,105,-1,100,84,99,-1,99,84,86,-1,99,86,106,-1,106,86,102,-1,105,104,107,-1,107,104,86,-1,86,104,108,-1,86,108,101,-1,103,105,109,-1,109,105,110,-1,109,110,111,-1,103,96,92,-1,103,92,104,-1,104,92,91,-1,104,91,108,-1,108,91,90,-1,108,90,101,-1,101,90,89,-1,101,89,102,-1,102,89,88,-1,102,88,106,-1,106,88,87,-1,106,87,99,-1,96,103,109,-1,96,109,94,-1,94,109,111,-1,94,111,95,-1,95,111,110,-1,95,110,97,-1,97,110,105,-1,97,105,98,-1,98,105,107,-1,98,107,93,-1,93,107,86,-1,93,86,85,-1,112,113,114,-1,114,113,115,-1,115,116,114,-1,114,116,117,-1,114,117,118,-1,112,119,113,-1,113,119,120,-1,120,121,113,-1,113,121,122,-1,113,122,123,-1,123,122,124,-1,125,126,123,-1,126,127,123,-1,123,127,128,-1,123,128,129,-1,124,130,123,-1,123,130,131,-1,123,131,132,-1,132,133,123,-1,123,133,134,-1,123,134,125,-1,123,129,135,-1,135,129,136,-1,137,138,136,-1,136,138,139,-1,136,139,135,-1,
        ]
    }
}
Shape{
    appearance Appearance {
        material  Material 	{
            diffuseColor 0.10980392156862745 0.10980392156862745 0.10980392156862745
            specularColor 0.0784313725490196 0.0784313725490196 0.0784313725490196
            ambientIntensity 0.2
            transparency 0
            shininess 0.5
        }
    }
    geometry IndexedFaceSet {
        ccw TRUE
        solid FALSE
        coord DEF co Coordinate {
            point [
                1.9136 1.3012 0.0787, 1.9136 3.0512 0.0787, 1.9136 1.3012 0.0394, 1.9136 3.0512 0.0394, -1.9136 1.3012 0.0394, -1.9136 3.0512 0.0394, -1.9136 1.3012 0.0787, -1.9136 3.0512 0.0787, -1.2047 3.0512 0.0787, -0.8031 3.0512 0.0787, -0.4016 3.0512 0.0787, -0.0 3.0512 0.0787, 0.4016 3.0512 0.0787, 0.8031 3.0512 0.0787, 1.2047 3.0512 0.0787, 1.7756 1.3012 0.0394, 1.2047 1.3012 0.0394, 0.8031 1.3012 0.0394, 0.6073 1.3012 0.0394, 0.3831 1.3012 0.0394, 0.2722 1.3012 0.0394, 0.1858 1.3012 0.0394, 0.0795 1.3012 0.0394, -0.8031 1.3012 0.0394, -1.2047 1.3012 0.0394, -1.7756 1.3012 0.0394, -0.0334 1.3012 0.0394, -0.4016 1.3012 0.0394, -0.4016 1.3012 0.0394
            ]
        }
        coordIndex [
            0,1,2,-1,2,1,3,-1,4,5,6,-1,6,5,7,-1,6,7,8,-1,8,9,6,-1,6,9,10,-1,6,10,0,-1,0,10,11,-1,0,11,12,-1,12,13,0,-1,0,13,14,-1,0,14,1,-1,2,15,0,-1,0,15,16,-1,0,16,17,-1,17,18,0,-1,0,18,19,-1,0,19,6,-1,19,20,6,-1,6,20,21,-1,6,21,22,-1,23,24,6,-1,6,24,25,-1,6,25,4,-1,22,26,6,-1,6,26,27,-1,6,27,23,-1,
        ]
    }
}
Shape{
    appearance Appearance {
        material  Material 	{
            diffuseColor 0.7764705882352941 0.7568627450980392 0.7372549019607844
            specularColor 0.38823529411764707 0.3764705882352941 0.3686274509803922
            ambientIntensity 0.2
            transparency 0
            shininess 0.5
        }
    }
    geometry IndexedFaceSet {
        ccw TRUE
        solid FALSE
        coord DEF co Coordinate {
            point [
                -3.1496 3.0866 5.1575, -3.1496 3.0866 5.1969, -3.1496 3.0968 5.1561, -3.1496 3.107 5.1942, -3.1496 3.1063 5.1522, -3.1496 3.126 5.1863, -3.1496 3.1145 5.1459, -3.1496 3.1423 5.1738, -3.1496 3.1207 5.1378, -3.1496 3.1548 5.1575, -3.1496 3.1246 5.1283, -3.1496 3.1627 5.1385, -3.1496 3.126 5.1181, -3.1496 3.1654 5.1181, 3.1496 3.126 5.1181, 3.1496 3.1654 5.1181, 3.1496 3.1246 5.1283, 3.1496 3.1627 5.1385, 3.1496 3.1207 5.1378, 3.1496 3.1548 5.1575, 3.1496 3.1145 5.1459, 3.1496 3.1423 5.1738, 3.1496 3.1063 5.1522, 3.1496 3.126 5.1863, 3.1496 3.0968 5.1561, 3.1496 3.107 5.1942, 3.1496 3.0866 5.1575, 3.1496 3.0866 5.1969, 1.6732 3.126 -0.0, 1.6732 3.126 0.0984, 1.6732 3.1654 -0.0, 1.6732 3.1654 0.0984, 1.6535 3.126 0.0984, 1.6535 3.1654 0.0984, 1.6535 3.126 0.0787, 1.6535 3.1654 0.0787, -1.6535 3.126 0.0787, -1.6535 3.126 0.0984, -1.6535 3.1654 0.0787, -1.6535 3.1654 0.0984, -1.6732 3.126 0.0984, -1.6732 3.1654 0.0984, -1.6732 3.126 0.0, -1.6732 3.1654 0.0, -1.6535 3.1246 0.0686, -1.6535 3.1627 0.0584, -1.6535 3.1207 0.0591, -1.6535 3.1548 0.0394, -1.6535 3.1145 0.0509, -1.6535 3.1423 0.0231, -1.6535 3.1063 0.0446, -1.6535 3.126 0.0105, -1.6535 3.0968 0.0407, -1.6535 3.107 0.0027, -1.6535 3.0866 0.0394, -1.6535 3.0866 0.0, 1.6535 3.0866 0.0394, 1.6535 3.0866 -0.0, 1.6535 3.0968 0.0407, 1.6535 3.107 0.0027, 1.6535 3.1063 0.0446, 1.6535 3.126 0.0105, 1.6535 3.1145 0.0509, 1.6535 3.1423 0.0231, 1.6535 3.1207 0.0591, 1.6535 3.1548 0.0394, 1.6535 3.1246 0.0686, 1.6535 3.1627 0.0584, -1.6535 1.5906 -0.0, -1.6535 1.5906 0.0394, 1.6535 1.5906 0.0394, 1.6535 1.5906 -0.0, 1.6535 1.5906 -0.0
            ]
        }
        coordIndex [
            0,1,2,-1,2,1,3,-1,2,3,4,-1,4,3,5,-1,4,5,6,-1,6,5,7,-1,6,7,8,-1,8,7,9,-1,8,9,10,-1,10,9,11,-1,10,11,12,-1,12,11,13,-1,14,15,16,-1,16,15,17,-1,16,17,18,-1,18,17,19,-1,18,19,20,-1,20,19,21,-1,20,21,22,-1,22,21,23,-1,22,23,24,-1,24,23,25,-1,24,25,26,-1,26,25,27,-1,1,27,25,-1,1,25,3,-1,3,25,23,-1,3,23,5,-1,5,23,21,-1,5,21,7,-1,7,21,19,-1,7,19,9,-1,9,19,17,-1,9,17,11,-1,11,17,15,-1,11,15,13,-1,12,14,10,-1,10,14,16,-1,10,16,8,-1,8,16,18,-1,8,18,6,-1,6,18,20,-1,6,20,4,-1,4,20,22,-1,4,22,2,-1,2,22,24,-1,2,24,0,-1,0,24,26,-1,28,29,30,-1,30,29,31,-1,29,32,31,-1,31,32,33,-1,32,34,33,-1,33,34,35,-1,36,37,38,-1,38,37,39,-1,37,40,39,-1,39,40,41,-1,40,42,41,-1,41,42,43,-1,36,38,44,-1,44,38,45,-1,44,45,46,-1,46,45,47,-1,46,47,48,-1,48,47,49,-1,48,49,50,-1,50,49,51,-1,50,51,52,-1,52,51,53,-1,52,53,54,-1,54,53,55,-1,56,57,58,-1,58,57,59,-1,58,59,60,-1,60,59,61,-1,60,61,62,-1,62,61,63,-1,62,63,64,-1,64,63,65,-1,64,65,66,-1,66,65,67,-1,66,67,34,-1,34,67,35,-1,38,35,67,-1,38,67,45,-1,45,67,65,-1,45,65,47,-1,47,65,63,-1,47,63,49,-1,49,63,61,-1,49,61,51,-1,51,61,59,-1,51,59,53,-1,53,59,57,-1,53,57,55,-1,54,56,52,-1,52,56,58,-1,52,58,50,-1,50,58,60,-1,50,60,48,-1,48,60,62,-1,48,62,46,-1,46,62,64,-1,46,64,44,-1,44,64,66,-1,44,66,36,-1,36,66,34,-1,68,69,55,-1,55,69,54,-1,70,71,56,-1,56,71,57,-1,71,68,57,-1,57,68,55,-1,54,69,56,-1,56,69,70,-1,68,71,69,-1,69,71,70,-1,
        ]
    }
}
Shape{
    appearance Appearance {
        material  Material 	{
            diffuseColor 0.10980392156862745 0.10980392156862745 0.10980392156862745
            specularColor 0.0784313725490196 0.0784313725490196 0.0784313725490196
            ambientIntensity 0.2
            transparency 0
            shininess 0.5
        }
    }
    geometry IndexedFaceSet {
        ccw TRUE
        solid FALSE
        coord DEF co Coordinate {
            point [
                -2.8365 -1.3057 0.0394, -2.7339 -1.3722 -0.748, -2.7339 -1.3722 0.0394, -2.6181 -1.4113 -0.748, -2.6181 -1.4113 0.0394, -2.8385 -1.3035 0.0394, -2.9195 -1.2161 -0.748, -2.8365 -1.3057 -0.748, -2.9195 -1.2161 0.0394, -2.9779 -1.1087 0.0394, -2.9779 -1.1087 -0.748, -3.008 -0.9902 0.0394, -3.008 -0.9902 -0.748, -3.008 -0.868 0.0394, -3.008 -0.868 -0.748, -2.9779 -0.7496 0.0394, -2.9779 -0.7496 -0.748, -2.9195 -0.6422 0.0394, -2.9195 -0.6422 -0.748, -2.8365 -0.5525 0.0394, -2.8365 -0.5525 -0.748, -2.7339 -0.4861 0.0394, -2.7339 -0.4861 -0.748, -2.6181 -0.447 0.0394, -2.6181 -0.447 -0.748, -2.6181 -1.5712 -0.9055, -2.6181 -1.5712 -0.748, -2.7703 -1.5284 -0.9055, -2.7787 -1.5249 -0.748, -2.7781 -1.5239 -0.9055, -2.9165 -1.4434 -0.9055, -2.9221 -1.4391 -0.748, -2.9214 -1.4385 -0.9055, -3.0358 -1.3236 -0.9055, -3.0388 -1.3196 -0.748, -3.0383 -1.3193 -0.9055, -3.1201 -1.177 -0.9055, -3.1213 -1.1743 -0.748, -3.1209 -1.1742 -0.9055, -3.1638 -1.0137 -0.9055, -3.1639 -1.0127 -0.748, -3.1638 -1.0127 -0.9055, -3.1639 -0.8456 -0.748, -3.1638 -0.8456 -0.9055, -3.1638 -0.8446 -0.9055, -3.1213 -0.684 -0.748, -3.1209 -0.6841 -0.9055, -3.1201 -0.6812 -0.9055, -3.0388 -0.5387 -0.748, -3.0383 -0.539 -0.9055, -3.0358 -0.5347 -0.9055, -2.9221 -0.4191 -0.748, -2.9214 -0.4198 -0.9055, -2.9165 -0.4148 -0.9055, -2.7787 -0.3334 -0.748, -2.7781 -0.3343 -0.9055, -2.7703 -0.3298 -0.9055, -2.6181 -0.287 -0.748, -2.6181 -0.287 -0.9055, -2.7722 -1.2564 -1.1417, -2.8481 -1.1802 -1.1417, -2.9018 -1.0869 -1.1417, -2.6181 -0.5276 -1.1417, -2.6181 -1.3306 -1.1417, -2.6792 -0.5478 -1.1417, -2.6792 -1.3105 -1.1417, -2.7722 -0.6018 -1.1417, -2.8481 -0.6781 -1.1417, -2.9296 -0.9829 -1.1417, -2.9296 -0.8753 -1.1417, -2.9018 -0.7714 -1.1417, -2.4213 -1.5712 -0.9055, -2.4213 -1.5712 -0.748, -2.4213 -1.3306 -1.1417, -2.4213 -1.4113 -0.748, -2.4213 -0.5276 -1.1417, -2.4213 -1.4113 0.0394, -2.4213 -1.3035 0.0394, -2.4213 -0.287 -0.748, -2.4213 -0.287 -0.9055, -2.4213 -0.447 -0.748, -2.4213 -0.447 0.0394, -2.6181 -1.3035 0.0394, -2.3602 -0.5478 -1.1417, -2.269 -0.3298 -0.9055, -2.2613 -0.3343 -0.9055, -2.2672 -0.6018 -1.1417, -2.1229 -0.4148 -0.9055, -2.1179 -0.4198 -0.9055, -2.1912 -0.6781 -1.1417, -2.0036 -0.5347 -0.9055, -2.0011 -0.539 -0.9055, -2.1376 -0.7714 -1.1417, -1.9192 -0.6812 -0.9055, -1.9185 -0.6841 -0.9055, -2.1098 -0.8753 -1.1417, -1.8756 -0.8446 -0.9055, -2.1098 -0.9829 -1.1417, -1.8756 -0.8456 -0.9055, -1.8756 -1.0127 -0.9055, -1.8756 -1.0137 -0.9055, -1.9185 -1.1742 -0.9055, -2.1376 -1.0869 -1.1417, -1.9192 -1.177 -0.9055, -2.0011 -1.3193 -0.9055, -2.1912 -1.1802 -1.1417, -2.0036 -1.3236 -0.9055, -2.1179 -1.4385 -0.9055, -2.2672 -1.2564 -1.1417, -2.269 -1.5284 -0.9055, -2.3602 -1.3105 -1.1417, -2.2613 -1.5239 -0.9055, -2.1229 -1.4434 -0.9055, 2.4213 -0.287 -0.9055, 2.4213 -0.287 -0.748, 2.4213 -0.5276 -1.1417, 2.4213 -0.447 -0.748, 2.4213 -1.3306 -1.1417, 2.4213 -1.5712 -0.748, 2.4213 -1.5712 -0.9055, 2.4213 -1.4113 -0.748, 2.4213 -0.447 0.0394, 2.4213 -1.3035 0.0394, 2.4213 -1.4113 0.0394, 2.6181 -1.5712 -0.9055, 2.6181 -1.5712 -0.748, 2.6181 -1.3306 -1.1417, 2.6181 -1.4113 -0.748, 2.6181 -0.5276 -1.1417, 2.6181 -1.4113 0.0394, 2.6181 -1.3035 0.0394, 2.6181 -0.287 -0.748, 2.6181 -0.287 -0.9055, 2.6181 -0.447 -0.748, 2.6181 -0.447 0.0394, 2.3602 -1.3105 -1.1417, 2.269 -1.5284 -0.9055, 2.2613 -1.5239 -0.9055, 2.2672 -1.2564 -1.1417, 2.1229 -1.4434 -0.9055, 2.1179 -1.4385 -0.9055, 2.1912 -1.1802 -1.1417, 2.0036 -1.3236 -0.9055, 2.0011 -1.3193 -0.9055, 2.1376 -1.0869 -1.1417, 1.9192 -1.177 -0.9055, 1.9185 -1.1742 -0.9055, 2.1098 -0.9829 -1.1417, 1.8756 -1.0137 -0.9055, 2.1098 -0.8753 -1.1417, 1.8756 -1.0127 -0.9055, 1.8756 -0.8456 -0.9055, 1.8756 -0.8446 -0.9055, 1.9185 -0.6841 -0.9055, 2.1376 -0.7714 -1.1417, 1.9192 -0.6812 -0.9055, 2.0011 -0.539 -0.9055, 2.1912 -0.6781 -1.1417, 2.0036 -0.5347 -0.9055, 2.1179 -0.4198 -0.9055, 2.2672 -0.6018 -1.1417, 2.269 -0.3298 -0.9055, 2.3602 -0.5478 -1.1417, 2.2613 -0.3343 -0.9055, 2.1229 -0.4148 -0.9055, 2.6792 -0.5478 -1.1417, 2.7703 -0.3298 -0.9055, 2.7781 -0.3343 -0.9055, 2.7722 -0.6018 -1.1417, 2.9165 -0.4148 -0.9055, 2.9214 -0.4198 -0.9055, 2.8481 -0.6781 -1.1417, 3.0358 -0.5347 -0.9055, 3.0383 -0.539 -0.9055, 2.9018 -0.7714 -1.1417, 3.1201 -0.6812 -0.9055, 3.1209 -0.6841 -0.9055, 2.9296 -0.8753 -1.1417, 3.1638 -0.8446 -0.9055, 2.9296 -0.9829 -1.1417, 3.1638 -0.8456 -0.9055, 3.1638 -1.0127 -0.9055, 3.1638 -1.0137 -0.9055, 3.1209 -1.1742 -0.9055, 2.9018 -1.0869 -1.1417, 3.1201 -1.177 -0.9055, 3.0383 -1.3193 -0.9055, 2.8481 -1.1802 -1.1417, 3.0358 -1.3236 -0.9055, 2.9214 -1.4385 -0.9055, 2.7722 -1.2564 -1.1417, 2.7703 -1.5284 -0.9055, 2.6792 -1.3105 -1.1417, 2.7781 -1.5239 -0.9055, 2.9165 -1.4434 -0.9055, 2.9165 -1.4434 -0.9055
            ]
        }
        coordIndex [
            0,1,2,-1,2,1,3,-1,2,3,4,-1,5,6,0,-1,0,6,7,-1,0,7,1,-1,5,8,6,-1,6,8,9,-1,6,9,10,-1,10,9,11,-1,10,11,12,-1,12,11,13,-1,12,13,14,-1,14,13,15,-1,14,15,16,-1,16,15,17,-1,16,17,18,-1,18,17,19,-1,18,19,20,-1,20,19,21,-1,20,21,22,-1,22,21,23,-1,22,23,24,-1,25,26,27,-1,27,26,28,-1,27,28,29,-1,29,28,30,-1,30,28,31,-1,30,31,32,-1,32,31,33,-1,33,31,34,-1,33,34,35,-1,35,34,36,-1,36,34,37,-1,36,37,38,-1,38,37,39,-1,39,37,40,-1,39,40,41,-1,41,40,42,-1,41,42,43,-1,43,42,44,-1,44,42,45,-1,44,45,46,-1,46,45,47,-1,47,45,48,-1,47,48,49,-1,49,48,50,-1,50,48,51,-1,50,51,52,-1,52,51,53,-1,53,51,54,-1,53,54,55,-1,55,54,56,-1,56,54,57,-1,56,57,58,-1,59,60,61,-1,62,63,64,-1,64,63,65,-1,64,65,66,-1,66,65,67,-1,61,68,59,-1,59,68,69,-1,59,69,65,-1,65,69,70,-1,65,70,67,-1,24,57,22,-1,22,57,54,-1,22,54,20,-1,20,54,51,-1,20,51,18,-1,18,51,48,-1,18,48,16,-1,16,48,45,-1,16,45,14,-1,14,45,42,-1,14,42,12,-1,12,42,40,-1,12,40,10,-1,10,40,37,-1,10,37,6,-1,6,37,34,-1,6,34,7,-1,7,34,31,-1,7,31,1,-1,1,31,28,-1,1,28,3,-1,3,28,26,-1,71,72,73,-1,73,72,74,-1,73,74,75,-1,74,76,77,-1,78,79,80,-1,80,79,75,-1,75,74,80,-1,80,74,77,-1,80,77,81,-1,58,57,62,-1,62,57,24,-1,62,24,63,-1,26,25,3,-1,3,25,63,-1,24,23,63,-1,63,23,82,-1,63,82,3,-1,3,82,4,-1,83,75,79,-1,79,84,83,-1,83,84,85,-1,83,85,86,-1,85,87,86,-1,86,87,88,-1,86,88,89,-1,88,90,89,-1,89,90,91,-1,89,91,92,-1,91,93,92,-1,92,93,94,-1,92,94,95,-1,95,94,96,-1,95,96,97,-1,97,96,98,-1,97,98,99,-1,99,100,97,-1,97,100,101,-1,97,101,102,-1,101,103,102,-1,102,103,104,-1,102,104,105,-1,104,106,105,-1,105,106,107,-1,105,107,108,-1,71,73,109,-1,109,73,110,-1,109,110,111,-1,111,110,108,-1,111,108,112,-1,112,108,107,-1,65,63,25,-1,25,27,65,-1,65,27,29,-1,65,29,59,-1,29,30,59,-1,59,30,32,-1,59,32,60,-1,32,33,60,-1,60,33,35,-1,60,35,61,-1,35,36,61,-1,61,36,38,-1,61,38,68,-1,68,38,39,-1,68,39,69,-1,69,39,41,-1,69,41,43,-1,43,44,69,-1,69,44,46,-1,69,46,70,-1,46,47,70,-1,70,47,49,-1,70,49,67,-1,49,50,67,-1,67,50,52,-1,67,52,66,-1,58,62,56,-1,56,62,64,-1,56,64,55,-1,55,64,66,-1,55,66,53,-1,53,66,52,-1,113,114,115,-1,115,114,116,-1,115,116,117,-1,118,119,120,-1,120,119,117,-1,116,121,117,-1,117,121,122,-1,117,122,120,-1,120,122,123,-1,124,125,126,-1,126,125,127,-1,126,127,128,-1,127,129,130,-1,131,132,133,-1,133,132,128,-1,128,127,133,-1,133,127,130,-1,133,130,134,-1,135,117,119,-1,119,136,135,-1,135,136,137,-1,135,137,138,-1,137,139,138,-1,138,139,140,-1,138,140,141,-1,140,142,141,-1,141,142,143,-1,141,143,144,-1,143,145,144,-1,144,145,146,-1,144,146,147,-1,147,146,148,-1,147,148,149,-1,149,148,150,-1,149,150,151,-1,151,152,149,-1,149,152,153,-1,149,153,154,-1,153,155,154,-1,154,155,156,-1,154,156,157,-1,156,158,157,-1,157,158,159,-1,157,159,160,-1,113,115,161,-1,161,115,162,-1,161,162,163,-1,163,162,160,-1,163,160,164,-1,164,160,159,-1,165,128,132,-1,132,166,165,-1,165,166,167,-1,165,167,168,-1,167,169,168,-1,168,169,170,-1,168,170,171,-1,170,172,171,-1,171,172,173,-1,171,173,174,-1,173,175,174,-1,174,175,176,-1,174,176,177,-1,177,176,178,-1,177,178,179,-1,179,178,180,-1,179,180,181,-1,181,182,179,-1,179,182,183,-1,179,183,184,-1,183,185,184,-1,184,185,186,-1,184,186,187,-1,186,188,187,-1,187,188,189,-1,187,189,190,-1,124,126,191,-1,191,126,192,-1,191,192,193,-1,193,192,190,-1,193,190,194,-1,194,190,189,-1,
        ]
    }
}
Shape{
    appearance Appearance {
        material  Material 	{
            diffuseColor 0.7764705882352941 0.7568627450980392 0.7372549019607844
            specularColor 0.38823529411764707 0.3764705882352941 0.3686274509803922
            ambientIntensity 0.2
            transparency 0
            shininess 0.5
        }
    }
    geometry IndexedFaceSet {
        ccw TRUE
        solid FALSE
        coord DEF co Coordinate {
            point [
                3.2283 0.1929 -1.122, 3.2283 0.1929 -0.0, 3.189 0.1929 -1.122, 3.189 0.1929 -0.0, 3.189 0.7835 -1.122, 3.189 0.7835 -0.0, 3.2283 0.7835 -1.122, 3.2283 0.7835 -0.0, 3.189 0.203 -1.1985, 3.2283 0.203 -1.1985, 3.189 0.2325 -1.2697, 3.2283 0.2325 -1.2697, 3.189 0.2794 -1.3308, 3.2283 0.2794 -1.3308, 3.189 0.3406 -1.3778, 3.2283 0.3406 -1.3778, 3.189 0.4118 -1.4073, 3.2283 0.4118 -1.4073, 3.189 0.4882 -1.4173, 3.2283 0.4882 -1.4173, 3.2283 0.7734 -1.1985, 3.189 0.7734 -1.1985, 3.2283 0.7439 -1.2697, 3.189 0.7439 -1.2697, 3.2283 0.697 -1.3308, 3.189 0.697 -1.3308, 3.2283 0.6358 -1.3778, 3.189 0.6358 -1.3778, 3.2283 0.5646 -1.4073, 3.189 0.5646 -1.4073, -3.2283 0.7835 -1.122, -3.2283 0.7835 0.0, -3.189 0.7835 -1.122, -3.189 0.7835 0.0, -3.189 0.1929 -1.122, -3.189 0.1929 0.0, -3.2283 0.1929 -1.122, -3.2283 0.1929 0.0, -3.2283 0.203 -1.1985, -3.189 0.203 -1.1985, -3.2283 0.2325 -1.2697, -3.189 0.2325 -1.2697, -3.2283 0.2794 -1.3308, -3.189 0.2794 -1.3308, -3.2283 0.3406 -1.3778, -3.189 0.3406 -1.3778, -3.2283 0.4118 -1.4073, -3.189 0.4118 -1.4073, -3.2283 0.4882 -1.4173, -3.189 0.4882 -1.4173, -3.189 0.7734 -1.1985, -3.2283 0.7734 -1.1985, -3.189 0.7439 -1.2697, -3.2283 0.7439 -1.2697, -3.189 0.697 -1.3308, -3.2283 0.697 -1.3308, -3.189 0.6358 -1.3778, -3.2283 0.6358 -1.3778, -3.189 0.5646 -1.4073, -3.2283 0.5646 -1.4073, 3.189 2.3514 1.387, 3.189 2.726 1.387, 3.2283 2.3514 1.387, 3.2283 2.726 1.387, 3.189 2.726 0.8842, 3.2283 2.726 0.8842, 3.189 2.3514 0.8842, 3.2283 2.3514 0.8842, -3.189 2.726 1.387, -3.189 2.3514 1.387, -3.2283 2.726 1.387, -3.2283 2.3514 1.387, -3.189 2.3514 0.8842, -3.2283 2.3514 0.8842, -3.189 2.726 0.8842, -3.2283 2.726 0.8842, 3.1496 3.126 1.929, 3.0984 3.126 1.929, 3.1496 3.1654 1.929, 3.0984 3.1654 1.929, 3.0984 3.126 1.9093, 3.0984 3.1654 1.9093, 3.1181 3.126 1.9093, 3.1181 3.1654 1.9093, 3.1181 3.126 0.2396, 3.0984 3.126 0.2396, 3.1181 3.1654 0.2396, 3.0984 3.1654 0.2396, 3.0984 3.126 0.2199, 3.0984 3.1654 0.2199, 3.1496 3.126 0.2199, 3.1496 3.1654 0.2199, 3.1283 3.1246 0.2396, 3.1385 3.1627 0.2396, 3.1378 3.1207 0.2396, 3.1575 3.1548 0.2396, 3.1459 3.1145 0.2396, 3.1738 3.1423 0.2396, 3.1522 3.1063 0.2396, 3.1863 3.126 0.2396, 3.1561 3.0968 0.2396, 3.1942 3.107 0.2396, 3.1575 3.0866 0.2396, 3.1969 3.0866 0.2396, 3.1575 3.0866 1.9093, 3.1969 3.0866 1.9093, 3.1561 3.0968 1.9093, 3.1942 3.107 1.9093, 3.1522 3.1063 1.9093, 3.1863 3.126 1.9093, 3.1459 3.1145 1.9093, 3.1738 3.1423 1.9093, 3.1378 3.1207 1.9093, 3.1575 3.1548 1.9093, 3.1283 3.1246 1.9093, 3.1385 3.1627 1.9093, 3.1969 2.1811 0.2396, 3.1575 2.1811 0.2396, 3.1575 2.1811 1.9093, 3.1969 2.1811 1.9093, -3.1496 3.126 0.2199, -3.0984 3.126 0.2199, -3.1496 3.1654 0.2199, -3.0984 3.1654 0.2199, -3.0984 3.126 0.2396, -3.0984 3.1654 0.2396, -3.1181 3.126 0.2396, -3.1181 3.1654 0.2396, -3.1181 3.126 1.9093, -3.0984 3.126 1.9093, -3.1181 3.1654 1.9093, -3.0984 3.1654 1.9093, -3.0984 3.126 1.929, -3.0984 3.1654 1.929, -3.1496 3.126 1.929, -3.1496 3.1654 1.929, -3.1283 3.1246 1.9093, -3.1385 3.1627 1.9093, -3.1378 3.1207 1.9093, -3.1575 3.1548 1.9093, -3.1459 3.1145 1.9093, -3.1738 3.1423 1.9093, -3.1522 3.1063 1.9093, -3.1863 3.126 1.9093, -3.1561 3.0968 1.9093, -3.1942 3.107 1.9093, -3.1575 3.0866 1.9093, -3.1969 3.0866 1.9093, -3.1575 3.0866 0.2396, -3.1969 3.0866 0.2396, -3.1561 3.0968 0.2396, -3.1942 3.107 0.2396, -3.1522 3.1063 0.2396, -3.1863 3.126 0.2396, -3.1459 3.1145 0.2396, -3.1738 3.1423 0.2396, -3.1378 3.1207 0.2396, -3.1575 3.1548 0.2396, -3.1283 3.1246 0.2396, -3.1385 3.1627 0.2396, -3.1575 2.1811 0.2396, -3.1969 2.1811 0.2396, -3.1969 2.1811 1.9093, -3.1575 2.1811 1.9093, -3.189 1.8691 1.9093, -3.2283 1.8691 1.9093, -3.189 1.8515 1.9113, -3.2283 1.8515 1.9113, -3.189 1.8349 1.9171, -3.2283 1.8349 1.9171, -3.189 1.82 1.9265, -3.2283 1.82 1.9265, -3.189 1.8075 1.9389, -3.2283 1.8075 1.9389, -3.189 1.7981 1.9539, -3.2283 1.7981 1.9539, -3.189 1.7923 1.9705, -3.2283 1.7923 1.9705, -3.189 1.7903 1.988, -3.2283 1.7903 1.988, -3.2283 1.8691 2.077, -3.189 1.8691 2.077, -3.2283 1.8487 2.0743, -3.189 1.8487 2.0743, -3.2283 1.8297 2.0665, -3.189 1.8297 2.0665, -3.2283 1.8134 2.0539, -3.189 1.8134 2.0539, -3.2283 1.8009 2.0376, -3.189 1.8009 2.0376, -3.2283 1.793 2.0186, -3.189 1.793 2.0186, -3.2283 1.7903 1.9983, -3.189 1.7903 1.9983, 3.2283 1.8691 1.9093, 3.189 1.8691 1.9093, 3.2283 1.8487 1.912, 3.189 1.8487 1.912, 3.2283 1.8297 1.9198, 3.189 1.8297 1.9198, 3.2283 1.8134 1.9323, 3.189 1.8134 1.9323, 3.2283 1.8009 1.9486, 3.189 1.8009 1.9486, 3.2283 1.793 1.9676, 3.189 1.793 1.9676, 3.2283 1.7903 1.988, 3.189 1.7903 1.988, 3.189 1.8691 2.077, 3.2283 1.8691 2.077, 3.189 1.8487 2.0743, 3.2283 1.8487 2.0743, 3.189 1.8297 2.0665, 3.2283 1.8297 2.0665, 3.189 1.8134 2.0539, 3.2283 1.8134 2.0539, 3.189 1.8009 2.0376, 3.2283 1.8009 2.0376, 3.189 1.793 2.0186, 3.2283 1.793 2.0186, 3.189 1.7903 1.9983, 3.2283 1.7903 1.9983, 3.2283 1.7903 1.9983
            ]
        }
        coordIndex [
            0,1,2,-1,2,1,3,-1,4,5,6,-1,6,5,7,-1,0,2,8,-1,0,8,9,-1,9,8,10,-1,9,10,11,-1,11,10,12,-1,11,12,13,-1,13,12,14,-1,13,14,15,-1,15,14,16,-1,15,16,17,-1,17,16,18,-1,17,18,19,-1,4,6,20,-1,4,20,21,-1,21,20,22,-1,21,22,23,-1,23,22,24,-1,23,24,25,-1,25,24,26,-1,25,26,27,-1,27,26,28,-1,27,28,29,-1,29,28,19,-1,29,19,18,-1,30,31,32,-1,32,31,33,-1,34,35,36,-1,36,35,37,-1,34,36,38,-1,34,38,39,-1,39,38,40,-1,39,40,41,-1,41,40,42,-1,41,42,43,-1,43,42,44,-1,43,44,45,-1,45,44,46,-1,45,46,47,-1,47,46,48,-1,47,48,49,-1,30,32,50,-1,30,50,51,-1,51,50,52,-1,51,52,53,-1,53,52,54,-1,53,54,55,-1,55,54,56,-1,55,56,57,-1,57,56,58,-1,57,58,59,-1,59,58,49,-1,59,49,48,-1,60,61,62,-1,62,61,63,-1,61,64,63,-1,63,64,65,-1,64,66,65,-1,65,66,67,-1,66,60,67,-1,67,60,62,-1,68,69,70,-1,70,69,71,-1,69,72,71,-1,71,72,73,-1,72,74,73,-1,73,74,75,-1,74,68,75,-1,75,68,70,-1,76,77,78,-1,78,77,79,-1,77,80,79,-1,79,80,81,-1,80,82,81,-1,81,82,83,-1,84,85,86,-1,86,85,87,-1,85,88,87,-1,87,88,89,-1,88,90,89,-1,89,90,91,-1,84,86,92,-1,92,86,93,-1,92,93,94,-1,94,93,95,-1,94,95,96,-1,96,95,97,-1,96,97,98,-1,98,97,99,-1,98,99,100,-1,100,99,101,-1,100,101,102,-1,102,101,103,-1,104,105,106,-1,106,105,107,-1,106,107,108,-1,108,107,109,-1,108,109,110,-1,110,109,111,-1,110,111,112,-1,112,111,113,-1,112,113,114,-1,114,113,115,-1,114,115,82,-1,82,115,83,-1,86,83,115,-1,86,115,93,-1,93,115,113,-1,93,113,95,-1,95,113,111,-1,95,111,97,-1,97,111,109,-1,97,109,99,-1,99,109,107,-1,99,107,101,-1,101,107,105,-1,101,105,103,-1,102,104,100,-1,100,104,106,-1,100,106,98,-1,98,106,108,-1,98,108,96,-1,96,108,110,-1,96,110,94,-1,94,110,112,-1,94,112,92,-1,92,112,114,-1,92,114,84,-1,84,114,82,-1,116,117,103,-1,103,117,102,-1,118,119,104,-1,104,119,105,-1,119,116,105,-1,105,116,103,-1,102,117,104,-1,104,117,118,-1,116,119,117,-1,117,119,118,-1,120,121,122,-1,122,121,123,-1,121,124,123,-1,123,124,125,-1,124,126,125,-1,125,126,127,-1,128,129,130,-1,130,129,131,-1,129,132,131,-1,131,132,133,-1,132,134,133,-1,133,134,135,-1,128,130,136,-1,136,130,137,-1,136,137,138,-1,138,137,139,-1,138,139,140,-1,140,139,141,-1,140,141,142,-1,142,141,143,-1,142,143,144,-1,144,143,145,-1,144,145,146,-1,146,145,147,-1,148,149,150,-1,150,149,151,-1,150,151,152,-1,152,151,153,-1,152,153,154,-1,154,153,155,-1,154,155,156,-1,156,155,157,-1,156,157,158,-1,158,157,159,-1,158,159,126,-1,126,159,127,-1,130,127,159,-1,130,159,137,-1,137,159,157,-1,137,157,139,-1,139,157,155,-1,139,155,141,-1,141,155,153,-1,141,153,143,-1,143,153,151,-1,143,151,145,-1,145,151,149,-1,145,149,147,-1,146,148,144,-1,144,148,150,-1,144,150,142,-1,142,150,152,-1,142,152,140,-1,140,152,154,-1,140,154,138,-1,138,154,156,-1,138,156,136,-1,136,156,158,-1,136,158,128,-1,128,158,126,-1,148,160,149,-1,149,160,161,-1,147,162,146,-1,146,162,163,-1,161,162,149,-1,149,162,147,-1,146,163,148,-1,148,163,160,-1,162,161,163,-1,163,161,160,-1,164,165,166,-1,166,165,167,-1,166,167,168,-1,168,167,169,-1,168,169,170,-1,170,169,171,-1,170,171,172,-1,172,171,173,-1,172,173,174,-1,174,173,175,-1,174,175,176,-1,176,175,177,-1,176,177,178,-1,178,177,179,-1,180,181,182,-1,182,181,183,-1,182,183,184,-1,184,183,185,-1,184,185,186,-1,186,185,187,-1,186,187,188,-1,188,187,189,-1,188,189,190,-1,190,189,191,-1,190,191,192,-1,192,191,193,-1,194,195,196,-1,196,195,197,-1,196,197,198,-1,198,197,199,-1,198,199,200,-1,200,199,201,-1,200,201,202,-1,202,201,203,-1,202,203,204,-1,204,203,205,-1,204,205,206,-1,206,205,207,-1,208,209,210,-1,210,209,211,-1,210,211,212,-1,212,211,213,-1,212,213,214,-1,214,213,215,-1,214,215,216,-1,216,215,217,-1,216,217,218,-1,218,217,219,-1,218,219,220,-1,220,219,221,-1,
        ]
    }
}
Shape{
    appearance Appearance {
        material  Material 	{
            diffuseColor 0.9686274509803922 0.8784313725490196 0.6
            specularColor 0.6784313725490196 0.615686274509804 0.4196078431372549
            ambientIntensity 0.2
            transparency 0
            shininess 0.5
        }
    }
    geometry IndexedFaceSet {
        ccw TRUE
        solid FALSE
        coord DEF co Coordinate {
            point [
                1.3465 0.276 1.3082, 1.3465 1.4764 2.192, 1.3603 1.4764 2.1835, 1.3749 0.283 1.2987, 1.3336 1.4764 2.2027, 1.322 0.2649 1.3234, 1.322 1.4764 2.2153, 1.3032 0.2504 1.3431, 1.3032 1.4764 2.2457, 1.2914 0.2335 1.366, 1.2914 1.4764 2.2811, 1.2874 0.2154 1.3906, 1.2874 1.4764 2.3191, 1.2914 0.1973 1.4152, 1.2914 1.4764 2.357, 1.3032 0.1804 1.4382, 1.3032 1.4764 2.3924, 1.322 0.1659 1.4579, 1.322 1.4764 2.4228, 1.3336 1.4764 2.4354, 1.3465 0.1547 1.473, 1.3465 1.4764 2.4461, 1.3603 1.4764 2.4546, 1.3749 0.1477 1.4825, 1.3749 1.4764 2.4607, 1.3901 1.4764 2.4645, 1.4055 0.1454 1.4857, 1.4055 1.4764 2.4657, 1.4209 1.4764 2.4645, 1.4361 0.1477 1.4825, 1.4361 1.4764 2.4607, 1.4507 1.4764 2.4546, 1.4646 0.1547 1.473, 1.4646 1.4764 2.4461, 1.4774 1.4764 2.4354, 1.489 0.1659 1.4579, 1.489 1.4764 2.4228, 1.5078 0.1804 1.4382, 1.5078 1.4764 2.3924, 1.5196 0.1973 1.4152, 1.5196 1.4764 2.357, 1.5236 0.2154 1.3906, 1.5236 1.4764 2.3191, 1.5196 0.2335 1.366, 1.5196 1.4764 2.2811, 1.5078 0.2504 1.3431, 1.5078 1.4764 2.2457, 1.489 0.2649 1.3234, 1.489 1.4764 2.2153, 1.4646 0.276 1.3082, 1.4361 0.283 1.2987, 1.4361 1.4764 2.1774, 1.4507 1.4764 2.1835, 1.4646 1.4764 2.192, 1.4774 1.4764 2.2027, 1.3749 1.4764 2.1774, 1.3901 1.4764 2.1736, 1.4055 0.2854 1.2955, 1.4055 1.4764 2.1724, 1.4209 1.4764 2.1736, 1.4055 0.1732 1.0736, 1.4055 0.178 1.1249, 1.4361 0.1692 1.0736, 1.4361 0.1741 1.1256, 1.4646 0.1574 1.0736, 1.4646 0.1625 1.1278, 1.489 0.1386 1.0736, 1.489 0.1441 1.1313, 1.5078 0.1142 1.0736, 1.5078 0.12 1.1359, 1.5196 0.0857 1.0736, 1.5196 0.092 1.1412, 1.5236 0.0551 1.0736, 1.5236 0.062 1.1469, 1.5196 0.0245 1.0736, 1.5196 0.032 1.1525, 1.5078 -0.0039 1.0736, 1.5078 0.004 1.1578, 1.489 -0.0284 1.0736, 1.489 -0.0201 1.1624, 1.4646 -0.0472 1.0736, 1.4646 -0.0385 1.1659, 1.4361 -0.059 1.0736, 1.4361 -0.0501 1.1681, 1.4055 -0.063 1.0736, 1.4055 -0.054 1.1688, 1.3749 -0.059 1.0736, 1.3749 -0.0501 1.1681, 1.3465 -0.0472 1.0736, 1.3465 -0.0385 1.1659, 1.322 -0.0284 1.0736, 1.322 -0.0201 1.1624, 1.3032 -0.0039 1.0736, 1.3032 0.004 1.1578, 1.2914 0.0245 1.0736, 1.2914 0.032 1.1525, 1.2874 0.0551 1.0736, 1.2874 0.062 1.1469, 1.2914 0.0857 1.0736, 1.2914 0.092 1.1412, 1.3032 0.1142 1.0736, 1.3032 0.12 1.1359, 1.322 0.1386 1.0736, 1.322 0.1441 1.1313, 1.3465 0.1574 1.0736, 1.3465 0.1625 1.1278, 1.3749 0.1692 1.0736, 1.3749 0.1741 1.1256, 1.4055 0.1923 1.1744, 1.4361 0.1886 1.1758, 1.4646 0.1776 1.1802, 1.489 0.1601 1.187, 1.5078 0.1374 1.196, 1.5196 0.1108 1.2064, 1.5236 0.0824 1.2176, 1.5196 0.0539 1.2288, 1.5078 0.0274 1.2392, 1.489 0.0047 1.2481, 1.4646 -0.0128 1.255, 1.4361 -0.0238 1.2593, 1.4055 -0.0275 1.2608, 1.3749 -0.0238 1.2593, 1.3465 -0.0128 1.255, 1.322 0.0047 1.2481, 1.3032 0.0274 1.2392, 1.2914 0.0539 1.2288, 1.2874 0.0824 1.2176, 1.2914 0.1108 1.2064, 1.3032 0.1374 1.196, 1.322 0.1601 1.187, 1.3465 0.1776 1.1802, 1.3749 0.1886 1.1758, 1.4055 0.2156 1.2204, 1.4361 0.2122 1.2225, 1.4646 0.2022 1.2288, 1.489 0.1863 1.2388, 1.5078 0.1656 1.2518, 1.5196 0.1415 1.267, 1.5236 0.1156 1.2833, 1.5196 0.0897 1.2995, 1.5078 0.0656 1.3147, 1.489 0.0449 1.3277, 1.4646 0.029 1.3377, 1.4361 0.019 1.344, 1.4055 0.0156 1.3462, 1.3749 0.019 1.344, 1.3465 0.029 1.3377, 1.322 0.0449 1.3277, 1.3032 0.0656 1.3147, 1.2914 0.0897 1.2995, 1.2874 0.1156 1.2833, 1.2914 0.1415 1.267, 1.3032 0.1656 1.2518, 1.322 0.1863 1.2388, 1.3465 0.2022 1.2288, 1.3749 0.2122 1.2225, 1.4055 0.247 1.2612, 1.4361 0.244 1.2639, 1.4646 0.2354 1.272, 1.489 0.2216 1.2848, 1.5078 0.2037 1.3014, 1.5196 0.1828 1.3208, 1.5236 0.1605 1.3416, 1.5196 0.1381 1.3624, 1.5078 0.1172 1.3818, 1.489 0.0993 1.3985, 1.4646 0.0855 1.4113, 1.4361 0.0769 1.4193, 1.4055 0.074 1.422, 1.3749 0.0769 1.4193, 1.3465 0.0855 1.4113, 1.322 0.0993 1.3985, 1.3032 0.1172 1.3818, 1.2914 0.1381 1.3624, 1.2874 0.1605 1.3416, 1.2914 0.1828 1.3208, 1.3032 0.2037 1.3014, 1.322 0.2216 1.2848, 1.3465 0.2354 1.272, 1.3749 0.244 1.2639, 1.2874 0.0551 1.0236, 1.2914 0.0857 1.0236, 1.3032 0.1142 1.0236, 1.322 0.1386 1.0236, 1.3465 0.1574 1.0236, 1.3749 0.1692 1.0236, 1.4055 0.1732 1.0236, 1.4361 0.1692 1.0236, 1.4646 0.1574 1.0236, 1.489 0.1386 1.0236, 1.5078 0.1142 1.0236, 1.5196 0.0857 1.0236, 1.5236 0.0551 1.0236, 1.5196 0.0245 1.0236, 1.5078 -0.0039 1.0236, 1.489 -0.0284 1.0236, 1.4646 -0.0472 1.0236, 1.4361 -0.059 1.0236, 1.4055 -0.063 1.0236, 1.3749 -0.059 1.0236, 1.3465 -0.0472 1.0236, 1.322 -0.0284 1.0236, 1.3032 -0.0039 1.0236, 1.2914 0.0245 1.0236, 1.3377 3.1085 3.4007, 1.3163 3.0512 3.3824, 1.3163 3.0971 3.4162, 1.3002 3.0512 3.4121, 1.3002 3.0829 3.4355, 1.2904 3.0512 3.4457, 1.2904 3.0669 3.4573, 1.2874 3.0512 3.4785, 1.3631 3.1166 3.3898, 1.35 3.0512 3.3491, 1.3377 3.0512 3.3584, 1.3911 3.1207 3.3841, 1.3769 3.0512 3.3362, 1.3631 3.0512 3.3416, 1.4199 3.1207 3.3841, 1.4055 3.0512 3.3319, 1.3911 3.0512 3.333, 1.4479 3.1166 3.3898, 1.4341 3.0512 3.3362, 1.4199 3.0512 3.333, 1.5236 3.0512 3.4785, 1.5206 3.0512 3.4457, 1.5206 3.0669 3.4573, 1.5108 3.0512 3.4121, 1.5108 3.0829 3.4355, 1.4947 3.0512 3.3824, 1.4947 3.0971 3.4162, 1.4733 3.0512 3.3584, 1.4733 3.1085 3.4007, 1.461 3.0512 3.3491, 1.4479 3.0512 3.3416, 1.2874 0.0551 -0.9843, 1.2914 0.0857 0.0394, 1.2914 0.0857 -0.9843, 1.3032 0.1142 0.0394, 1.3032 0.1142 -0.9843, 1.322 0.1386 0.0394, 1.322 0.1386 -0.9843, 1.3465 0.1574 0.0394, 1.3465 0.1574 -0.9843, 1.3749 0.1692 0.0394, 1.3749 0.1692 -0.9843, 1.4055 0.1732 0.0394, 1.4055 0.1732 -0.9843, 1.4361 0.1692 0.0394, 1.4361 0.1692 -0.9843, 1.4646 0.1574 0.0394, 1.4646 0.1574 -0.9843, 1.489 0.1386 0.0394, 1.489 0.1386 -0.9843, 1.5078 0.1142 0.0394, 1.5078 0.1142 -0.9843, 1.5196 0.0857 0.0394, 1.5196 0.0857 -0.9843, 1.5236 0.0551 0.0394, 1.5236 0.0551 -0.9843, 1.5196 0.0245 0.0394, 1.5196 0.0245 -0.9843, 1.5078 -0.0039 0.0394, 1.5078 -0.0039 -0.9843, 1.489 -0.0284 0.0394, 1.489 -0.0284 -0.9843, 1.4646 -0.0472 0.0394, 1.4646 -0.0472 -0.9843, 1.4361 -0.059 0.0394, 1.4361 -0.059 -0.9843, 1.4055 -0.063 0.0394, 1.4055 -0.063 -0.9843, 1.3749 -0.059 0.0394, 1.3749 -0.059 -0.9843, 1.3465 -0.0472 0.0394, 1.3465 -0.0472 -0.9843, 1.322 -0.0284 0.0394, 1.322 -0.0284 -0.9843, 1.3032 -0.0039 0.0394, 1.3032 -0.0039 -0.9843, 1.2914 0.0245 0.0394, 1.2914 0.0245 -0.9843, 1.2874 0.0551 0.0394, 1.4055 0.0551 -0.9843, 0.9062 0.8704 1.0236, 0.9024 0.8619 1.0236, 0.9017 0.8696 1.0369, 1.0646 0.6881 1.0236, 1.0865 0.706 1.0236, 1.063 0.7308 1.1191, 1.0875 0.747 1.1096, 1.0345 0.7207 1.1252, 1.04 0.6764 1.0236, 1.0629 0.6873 1.0236, 1.0039 0.7172 1.1272, 1.0291 0.6733 1.0236, 1.0345 0.6748 1.0236, 0.9642 0.6777 1.0236, 0.9735 0.6754 1.0236, 0.9734 0.7207 1.1252, 0.9902 0.6713 1.0236, 1.0026 0.6705 1.0236, 0.9204 0.747 1.1096, 0.9289 0.6989 1.0236, 0.9449 0.7308 1.1191, 0.9452 0.6877 1.0236, 0.9516 0.6834 1.0236, 0.9017 0.768 1.0971, 0.9179 0.7098 1.0236, 0.9205 0.7071 1.0236, 0.8869 0.7791 1.0236, 0.8907 0.7638 1.0236, 0.8899 0.7925 1.0826, 0.8945 0.7487 1.0236, 0.9013 0.7336 1.0236, 0.8858 0.7945 1.0236, 0.8858 0.8188 1.067, 0.8861 0.7966 1.0236, 0.8899 0.8451 1.0514, 0.8893 0.8278 1.0236, 0.8923 0.839 1.0236, 0.9313 0.9014 1.0236, 0.9229 0.8916 1.0236, 0.9211 0.8902 1.0248, 0.9211 0.8895 1.0236, 0.9103 0.8769 1.0236, 0.9362 0.9057 1.0236, 0.9204 0.933 1.0803, 0.9452 0.9115 1.0236, 0.9449 0.9466 1.0673, 0.9597 0.9209 1.0236, 1.0039 0.9313 1.0236, 0.9912 0.9304 1.0236, 0.9734 0.9552 1.0592, 0.9735 0.9258 1.0236, 0.9676 0.9243 1.0236, 1.0039 0.9313 1.0236, 1.0039 0.9581 1.0564, 1.027 0.9285 1.0236, 1.0345 0.9552 1.0592, 1.0369 0.9256 1.0236, 1.0598 0.9143 1.0236, 1.063 0.9466 1.0673, 1.0629 0.912 1.0236, 1.0742 0.9035 1.0236, 1.0875 0.933 1.0803, 1.085 0.8916 1.0236, 1.0869 0.8896 1.0236, 1.0868 0.8902 1.0247, 1.0949 0.8807 1.0236, 1.1062 0.8696 1.0369, 1.1026 0.8689 1.0236, 1.118 0.8451 1.0514, 1.1161 0.8375 1.0236, 1.1056 0.8619 1.0236, 1.122 0.8188 1.067, 1.1189 0.8263 1.0236, 1.1179 0.8302 1.0236, 1.1171 0.7638 1.0236, 1.1213 0.782 1.0236, 1.118 0.7925 1.0826, 1.122 0.7926 1.0236, 1.1216 0.7966 1.0236, 1.1142 0.7509 1.0236, 1.1062 0.768 1.0971, 1.1102 0.7409 1.0236, 1.0874 0.707 1.0236, 1.0947 0.7154 1.0236, 1.1056 0.7334 1.0236, 1.1062 0.9153 1.0972, 1.118 0.8947 1.1169, 1.122 0.8726 1.138, 1.118 0.8505 1.1591, 1.1062 0.8299 1.1787, 1.0875 0.8122 1.1956, 1.063 0.7986 1.2086, 1.0345 0.7901 1.2167, 1.0039 0.7871 1.2195, 0.9734 0.7901 1.2167, 0.9449 0.7986 1.2086, 0.9204 0.8122 1.1956, 0.9017 0.8299 1.1787, 0.8899 0.8505 1.1591, 0.8858 0.8726 1.138, 0.8899 0.8947 1.1169, 0.9017 0.9153 1.0972, 1.0039 1.0059 1.0964, 1.0345 1.0037 1.0997, 1.063 0.9972 1.1096, 1.0875 0.9869 1.1253, 1.1062 0.9734 1.1457, 1.118 0.9578 1.1695, 1.122 0.941 1.195, 1.118 0.9242 1.2206, 1.1062 0.9085 1.2443, 1.0875 0.895 1.2648, 1.063 0.8847 1.2804, 1.0345 0.8782 1.2903, 1.0039 0.876 1.2937, 0.9734 0.8782 1.2903, 0.9449 0.8847 1.2804, 0.9204 0.895 1.2648, 0.9017 0.9085 1.2443, 0.8899 0.9242 1.2206, 0.8858 0.941 1.195, 0.8899 0.9578 1.1695, 0.9017 0.9734 1.1457, 0.9204 0.9869 1.1253, 0.9449 0.9972 1.1096, 0.9734 1.0037 1.0997, 0.9449 1.4764 1.4251, 0.9587 1.4764 1.4169, 0.932 1.4764 1.4354, 0.9204 1.4764 1.4476, 0.9017 1.4764 1.4769, 0.8899 1.4764 1.511, 0.8858 1.4764 1.5476, 0.8899 1.4764 1.5842, 0.9017 1.4764 1.6183, 0.9204 1.4764 1.6476, 0.932 1.4764 1.6598, 0.9449 1.4764 1.67, 0.9587 1.4764 1.6782, 0.9734 1.4764 1.6842, 0.9885 1.4764 1.6878, 1.0039 1.4764 1.689, 1.0194 1.4764 1.6878, 1.0345 1.4764 1.6842, 1.0491 1.4764 1.6782, 1.063 1.4764 1.67, 1.0758 1.4764 1.6598, 1.0875 1.4764 1.6476, 1.1062 1.4764 1.6183, 1.118 1.4764 1.5842, 1.122 1.4764 1.5476, 1.118 1.4764 1.511, 1.1062 1.4764 1.4769, 1.0875 1.4764 1.4476, 1.0345 1.4764 1.411, 1.0491 1.4764 1.4169, 1.063 1.4764 1.4251, 1.0758 1.4764 1.4354, 0.9734 1.4764 1.411, 0.9885 1.4764 1.4074, 1.0039 1.4764 1.4062, 1.0194 1.4764 1.4074, 1.0039 0.6457 -0.9843, 0.9734 0.6497 0.0394, 0.9734 0.6497 -0.9843, 0.9449 0.6615 0.0394, 0.9449 0.6615 -0.9843, 0.9204 0.6803 0.0394, 0.9204 0.6803 -0.9843, 0.9017 0.7047 0.0394, 0.9017 0.7047 -0.9843, 0.8899 0.7332 0.0394, 0.8899 0.7332 -0.9843, 0.8858 0.7638 0.0394, 0.8858 0.7638 -0.9843, 0.8899 0.7943 0.0394, 0.8899 0.7943 -0.9843, 0.9017 0.8228 0.0394, 0.9017 0.8228 -0.9843, 0.9204 0.8473 0.0394, 0.9204 0.8473 -0.9843, 0.9449 0.8661 0.0394, 0.9449 0.8661 -0.9843, 0.9734 0.8779 0.0394, 0.9734 0.8779 -0.9843, 1.0039 0.8819 0.0394, 1.0039 0.8819 -0.9843, 1.0345 0.8779 0.0394, 1.0345 0.8779 -0.9843, 1.063 0.8661 0.0394, 1.063 0.8661 -0.9843, 1.0875 0.8473 0.0394, 1.0875 0.8473 -0.9843, 1.1062 0.8228 0.0394, 1.1062 0.8228 -0.9843, 1.118 0.7943 0.0394, 1.118 0.7943 -0.9843, 1.122 0.7638 0.0394, 1.122 0.7638 -0.9843, 1.118 0.7332 0.0394, 1.118 0.7332 -0.9843, 1.1062 0.7047 0.0394, 1.1062 0.7047 -0.9843, 1.0875 0.6803 0.0394, 1.0875 0.6803 -0.9843, 1.063 0.6615 0.0394, 1.063 0.6615 -0.9843, 1.0345 0.6497 0.0394, 1.0345 0.6497 -0.9843, 1.0039 0.6457 0.0394, 1.0039 0.7638 -0.9843, 0.8858 3.0512 2.5845, 1.122 3.0512 2.5845, 1.1191 3.0657 2.5625, 0.9361 3.1044 2.5038, 0.9147 3.0938 2.5199, 1.1092 3.0806 2.5399, 1.0931 3.0938 2.5199, 0.9895 3.1157 2.4866, 1.0717 3.1044 2.5038, 1.0463 3.1118 2.4925, 1.0183 3.1157 2.4866, 0.8986 3.0806 2.5399, 0.8888 3.0657 2.5625, 0.9616 3.1118 2.4925, 0.9147 3.0512 2.4919, 0.8986 3.0512 2.5205, 0.8888 3.0512 2.5529, 0.9484 3.0512 2.4597, 0.9361 3.0512 2.4688, 0.9753 3.0512 2.4473, 0.9616 3.0512 2.4525, 1.0039 3.0512 2.4431, 0.9895 3.0512 2.4442, 1.0325 3.0512 2.4473, 1.0183 3.0512 2.4442, 1.1191 3.0512 2.5529, 1.1092 3.0512 2.5205, 1.0931 3.0512 2.4919, 1.0717 3.0512 2.4688, 1.0594 3.0512 2.4597, 1.0463 3.0512 2.4525, 0.5433 0.276 1.3082, 0.5433 1.4764 2.192, 0.5572 1.4764 2.1835, 0.5718 0.283 1.2987, 0.5305 1.4764 2.2027, 0.5188 0.2649 1.3234, 0.5188 1.4764 2.2153, 0.5001 0.2504 1.3431, 0.5001 1.4764 2.2457, 0.4883 0.2335 1.366, 0.4883 1.4764 2.2811, 0.4843 0.2154 1.3906, 0.4843 1.4764 2.3191, 0.4883 0.1973 1.4152, 0.4883 1.4764 2.357, 0.5001 0.1804 1.4382, 0.5001 1.4764 2.3924, 0.5188 0.1659 1.4579, 0.5188 1.4764 2.4228, 0.5305 1.4764 2.4354, 0.5433 0.1547 1.473, 0.5433 1.4764 2.4461, 0.5572 1.4764 2.4546, 0.5718 0.1477 1.4825, 0.5718 1.4764 2.4607, 0.5869 1.4764 2.4645, 0.6024 0.1454 1.4857, 0.6024 1.4764 2.4657, 0.6178 1.4764 2.4645, 0.6329 0.1477 1.4825, 0.6329 1.4764 2.4607, 0.6476 1.4764 2.4546, 0.6614 0.1547 1.473, 0.6614 1.4764 2.4461, 0.6743 1.4764 2.4354, 0.6859 0.1659 1.4579, 0.6859 1.4764 2.4228, 0.7046 0.1804 1.4382, 0.7046 1.4764 2.3924, 0.7164 0.1973 1.4152, 0.7164 1.4764 2.357, 0.7205 0.2154 1.3906, 0.7205 1.4764 2.3191, 0.7164 0.2335 1.366, 0.7164 1.4764 2.2811, 0.7046 0.2504 1.3431, 0.7046 1.4764 2.2457, 0.6859 0.2649 1.3234, 0.6859 1.4764 2.2153, 0.6614 0.276 1.3082, 0.6329 0.283 1.2987, 0.6329 1.4764 2.1774, 0.6476 1.4764 2.1835, 0.6614 1.4764 2.192, 0.6743 1.4764 2.2027, 0.5718 1.4764 2.1774, 0.5869 1.4764 2.1736, 0.6024 0.2854 1.2955, 0.6024 1.4764 2.1724, 0.6178 1.4764 2.1736, 0.6024 0.1732 1.0736, 0.6024 0.178 1.1249, 0.6329 0.1692 1.0736, 0.6329 0.1741 1.1256, 0.6614 0.1574 1.0736, 0.6614 0.1625 1.1278, 0.6859 0.1386 1.0736, 0.6859 0.1441 1.1313, 0.7046 0.1142 1.0736, 0.7046 0.12 1.1359, 0.7164 0.0857 1.0736, 0.7164 0.092 1.1412, 0.7205 0.0551 1.0736, 0.7205 0.062 1.1469, 0.7164 0.0245 1.0736, 0.7164 0.032 1.1525, 0.7046 -0.0039 1.0736, 0.7046 0.004 1.1578, 0.6859 -0.0284 1.0736, 0.6859 -0.0201 1.1624, 0.6614 -0.0472 1.0736, 0.6614 -0.0385 1.1659, 0.6329 -0.059 1.0736, 0.6329 -0.0501 1.1681, 0.6024 -0.063 1.0736, 0.6024 -0.054 1.1688, 0.5718 -0.059 1.0736, 0.5718 -0.0501 1.1681, 0.5433 -0.0472 1.0736, 0.5433 -0.0385 1.1659, 0.5188 -0.0284 1.0736, 0.5188 -0.0201 1.1624, 0.5001 -0.0039 1.0736, 0.5001 0.004 1.1578, 0.4883 0.0245 1.0736, 0.4883 0.032 1.1525, 0.4843 0.0551 1.0736, 0.4843 0.062 1.1469, 0.4883 0.0857 1.0736, 0.4883 0.092 1.1412, 0.5001 0.1142 1.0736, 0.5001 0.12 1.1359, 0.5188 0.1386 1.0736, 0.5188 0.1441 1.1313, 0.5433 0.1574 1.0736, 0.5433 0.1625 1.1278, 0.5718 0.1692 1.0736, 0.5718 0.1741 1.1256, 0.6024 0.1923 1.1744, 0.6329 0.1886 1.1758, 0.6614 0.1776 1.1802, 0.6859 0.1601 1.187, 0.7046 0.1374 1.196, 0.7164 0.1108 1.2064, 0.7205 0.0824 1.2176, 0.7164 0.0539 1.2288, 0.7046 0.0274 1.2392, 0.6859 0.0047 1.2481, 0.6614 -0.0128 1.255, 0.6329 -0.0238 1.2593, 0.6024 -0.0275 1.2608, 0.5718 -0.0238 1.2593, 0.5433 -0.0128 1.255, 0.5188 0.0047 1.2481, 0.5001 0.0274 1.2392, 0.4883 0.0539 1.2288, 0.4843 0.0824 1.2176, 0.4883 0.1108 1.2064, 0.5001 0.1374 1.196, 0.5188 0.1601 1.187, 0.5433 0.1776 1.1802, 0.5718 0.1886 1.1758, 0.6024 0.2156 1.2204, 0.6329 0.2122 1.2225, 0.6614 0.2022 1.2288, 0.6859 0.1863 1.2388, 0.7046 0.1656 1.2518, 0.7164 0.1415 1.267, 0.7205 0.1156 1.2833, 0.7164 0.0897 1.2995, 0.7046 0.0656 1.3147, 0.6859 0.0449 1.3277, 0.6614 0.029 1.3377, 0.6329 0.019 1.344, 0.6024 0.0156 1.3462, 0.5718 0.019 1.344, 0.5433 0.029 1.3377, 0.5188 0.0449 1.3277, 0.5001 0.0656 1.3147, 0.4883 0.0897 1.2995, 0.4843 0.1156 1.2833, 0.4883 0.1415 1.267, 0.5001 0.1656 1.2518, 0.5188 0.1863 1.2388, 0.5433 0.2022 1.2288, 0.5718 0.2122 1.2225, 0.6024 0.247 1.2612, 0.6329 0.244 1.2639, 0.6614 0.2354 1.272, 0.6859 0.2216 1.2848, 0.7046 0.2037 1.3014, 0.7164 0.1828 1.3208, 0.7205 0.1605 1.3416, 0.7164 0.1381 1.3624, 0.7046 0.1172 1.3818, 0.6859 0.0993 1.3985, 0.6614 0.0855 1.4113, 0.6329 0.0769 1.4193, 0.6024 0.074 1.422, 0.5718 0.0769 1.4193, 0.5433 0.0855 1.4113, 0.5188 0.0993 1.3985, 0.5001 0.1172 1.3818, 0.4883 0.1381 1.3624, 0.4843 0.1605 1.3416, 0.4883 0.1828 1.3208, 0.5001 0.2037 1.3014, 0.5188 0.2216 1.2848, 0.5433 0.2354 1.272, 0.5718 0.244 1.2639, 0.4843 0.0551 1.0236, 0.4883 0.0857 1.0236, 0.5001 0.1142 1.0236, 0.5188 0.1386 1.0236, 0.5433 0.1574 1.0236, 0.5718 0.1692 1.0236, 0.6024 0.1732 1.0236, 0.6329 0.1692 1.0236, 0.6614 0.1574 1.0236, 0.6859 0.1386 1.0236, 0.7046 0.1142 1.0236, 0.7164 0.0857 1.0236, 0.7205 0.0551 1.0236, 0.7164 0.0245 1.0236, 0.7046 -0.0039 1.0236, 0.6859 -0.0284 1.0236, 0.6614 -0.0472 1.0236, 0.6329 -0.059 1.0236, 0.6024 -0.063 1.0236, 0.5718 -0.059 1.0236, 0.5433 -0.0472 1.0236, 0.5188 -0.0284 1.0236, 0.5001 -0.0039 1.0236, 0.4883 0.0245 1.0236, 0.5001 -0.0039 -0.9843, 0.4883 0.0245 -0.9843, 0.6024 0.0551 -0.9843, 0.4843 0.0551 -0.9843, 0.4883 0.0857 -0.9843, 0.5718 -0.059 -0.9843, 0.5433 -0.0472 -0.9843, 0.5188 -0.0284 -0.9843, 0.6614 -0.0472 -0.9843, 0.6329 -0.059 -0.9843, 0.6024 -0.063 -0.9843, 0.7164 0.0245 -0.9843, 0.7046 -0.0039 -0.9843, 0.6859 -0.0284 -0.9843, 0.7046 0.1142 -0.9843, 0.7164 0.0857 -0.9843, 0.7205 0.0551 -0.9843, 0.6329 0.1692 -0.9843, 0.6614 0.1574 -0.9843, 0.6859 0.1386 -0.9843, 0.5433 0.1574 -0.9843, 0.5718 0.1692 -0.9843, 0.6024 0.1732 -0.9843, 0.5001 0.1142 -0.9843, 0.5188 0.1386 -0.9843, 0.6614 0.1574 0.0394, 0.6859 0.1386 0.0394, 0.7046 0.1142 0.0394, 0.7164 0.0857 0.0394, 0.7205 0.0551 0.0394, 0.7164 0.0245 0.0394, 0.7046 -0.0039 0.0394, 0.6859 -0.0284 0.0394, 0.6614 -0.0472 0.0394, 0.6329 -0.059 0.0394, 0.6073 -0.0623 0.0394, 0.6024 0.1732 0.0394, 0.6073 0.1726 0.0394, 0.6329 0.1692 0.0394, 0.6024 -0.063 0.0394, 0.5718 -0.059 0.0394, 0.5433 -0.0472 0.0394, 0.5188 -0.0284 0.0394, 0.5001 -0.0039 0.0394, 0.4883 0.0245 0.0394, 0.4843 0.0551 0.0394, 0.4883 0.0857 0.0394, 0.5001 0.1142 0.0394, 0.5188 0.1386 0.0394, 0.5433 0.1574 0.0394, 0.5718 0.1692 0.0394, 0.4843 3.0512 3.4785, 0.7205 3.0512 3.4785, 0.7175 3.0669 3.4573, 0.4872 3.0669 3.4573, 0.7077 3.0829 3.4355, 0.6916 3.0971 3.4162, 0.6702 3.1085 3.4007, 0.6447 3.1166 3.3898, 0.4971 3.0829 3.4355, 0.56 3.1166 3.3898, 0.588 3.1207 3.3841, 0.6168 3.1207 3.3841, 0.5346 3.1085 3.4007, 0.5132 3.0971 3.4162, 0.5132 3.0512 3.3824, 0.4971 3.0512 3.4121, 0.4872 3.0512 3.4457, 0.5469 3.0512 3.3491, 0.5346 3.0512 3.3584, 0.5738 3.0512 3.3362, 0.56 3.0512 3.3416, 0.6024 3.0512 3.3319, 0.588 3.0512 3.333, 0.631 3.0512 3.3362, 0.6168 3.0512 3.333, 0.7175 3.0512 3.4457, 0.7077 3.0512 3.4121, 0.6916 3.0512 3.3824, 0.6702 3.0512 3.3584, 0.6579 3.0512 3.3491, 0.6447 3.0512 3.3416, -0.2598 0.276 1.3082, -0.2598 1.4764 2.192, -0.246 1.4764 2.1835, -0.2314 0.283 1.2987, -0.2727 1.4764 2.2027, -0.2843 0.2649 1.3234, -0.2843 1.4764 2.2153, -0.3031 0.2504 1.3431, -0.3031 1.4764 2.2457, -0.3149 0.2335 1.366, -0.3149 1.4764 2.2811, -0.3189 0.2154 1.3906, -0.3189 1.4764 2.3191, -0.3149 0.1973 1.4152, -0.3149 1.4764 2.357, -0.3031 0.1804 1.4382, -0.3031 1.4764 2.3924, -0.2843 0.1659 1.4579, -0.2843 1.4764 2.4228, -0.2727 1.4764 2.4354, -0.2598 0.1547 1.473, -0.2598 1.4764 2.4461, -0.246 1.4764 2.4546, -0.2314 0.1477 1.4825, -0.2314 1.4764 2.4607, -0.2162 1.4764 2.4645, -0.2008 0.1454 1.4857, -0.2008 1.4764 2.4657, -0.1854 1.4764 2.4645, -0.1702 0.1477 1.4825, -0.1702 1.4764 2.4607, -0.1556 1.4764 2.4546, -0.1417 0.1547 1.473, -0.1417 1.4764 2.4461, -0.1289 1.4764 2.4354, -0.1173 0.1659 1.4579, -0.1173 1.4764 2.4228, -0.0985 0.1804 1.4382, -0.0985 1.4764 2.3924, -0.0867 0.1973 1.4152, -0.0867 1.4764 2.357, -0.0827 0.2154 1.3906, -0.0827 1.4764 2.3191, -0.0867 0.2335 1.366, -0.0867 1.4764 2.2811, -0.0985 0.2504 1.3431, -0.0985 1.4764 2.2457, -0.1173 0.2649 1.3234, -0.1173 1.4764 2.2153, -0.1417 0.276 1.3082, -0.1702 0.283 1.2987, -0.1702 1.4764 2.1774, -0.1556 1.4764 2.1835, -0.1417 1.4764 2.192, -0.1289 1.4764 2.2027, -0.2314 1.4764 2.1774, -0.2162 1.4764 2.1736, -0.2008 0.2854 1.2955, -0.2008 1.4764 2.1724, -0.1854 1.4764 2.1736, -0.2008 0.1732 1.0736, -0.2008 0.178 1.1249, -0.1702 0.1692 1.0736, -0.1702 0.1741 1.1256, -0.1417 0.1574 1.0736, -0.1417 0.1625 1.1278, -0.1173 0.1386 1.0736, -0.1173 0.1441 1.1313, -0.0985 0.1142 1.0736, -0.0985 0.12 1.1359, -0.0867 0.0857 1.0736, -0.0867 0.092 1.1412, -0.0827 0.0551 1.0736, -0.0827 0.062 1.1469, -0.0867 0.0245 1.0736, -0.0867 0.032 1.1525, -0.0985 -0.0039 1.0736, -0.0985 0.004 1.1578, -0.1173 -0.0284 1.0736, -0.1173 -0.0201 1.1624, -0.1417 -0.0472 1.0736, -0.1417 -0.0385 1.1659, -0.1702 -0.059 1.0736, -0.1702 -0.0501 1.1681, -0.2008 -0.063 1.0736, -0.2008 -0.054 1.1688, -0.2314 -0.059 1.0736, -0.2314 -0.0501 1.1681, -0.2598 -0.0472 1.0736, -0.2598 -0.0385 1.1659, -0.2843 -0.0284 1.0736, -0.2843 -0.0201 1.1624, -0.3031 -0.0039 1.0736, -0.3031 0.004 1.1578, -0.3149 0.0245 1.0736, -0.3149 0.032 1.1525, -0.3189 0.0551 1.0736, -0.3189 0.062 1.1469, -0.3149 0.0857 1.0736, -0.3149 0.092 1.1412, -0.3031 0.1142 1.0736, -0.3031 0.12 1.1359, -0.2843 0.1386 1.0736, -0.2843 0.1441 1.1313, -0.2598 0.1574 1.0736, -0.2598 0.1625 1.1278, -0.2314 0.1692 1.0736, -0.2314 0.1741 1.1256, -0.2008 0.1923 1.1744, -0.1702 0.1886 1.1758, -0.1417 0.1776 1.1802, -0.1173 0.1601 1.187, -0.0985 0.1374 1.196, -0.0867 0.1108 1.2064, -0.0827 0.0824 1.2176, -0.0867 0.0539 1.2288, -0.0985 0.0274 1.2392, -0.1173 0.0047 1.2481, -0.1417 -0.0128 1.255, -0.1702 -0.0238 1.2593, -0.2008 -0.0275 1.2608, -0.2314 -0.0238 1.2593, -0.2598 -0.0128 1.255, -0.2843 0.0047 1.2481, -0.3031 0.0274 1.2392, -0.3149 0.0539 1.2288, -0.3189 0.0824 1.2176, -0.3149 0.1108 1.2064, -0.3031 0.1374 1.196, -0.2843 0.1601 1.187, -0.2598 0.1776 1.1802, -0.2314 0.1886 1.1758, -0.2008 0.2156 1.2204, -0.1702 0.2122 1.2225, -0.1417 0.2022 1.2288, -0.1173 0.1863 1.2388, -0.0985 0.1656 1.2518, -0.0867 0.1415 1.267, -0.0827 0.1156 1.2833, -0.0867 0.0897 1.2995, -0.0985 0.0656 1.3147, -0.1173 0.0449 1.3277, -0.1417 0.029 1.3377, -0.1702 0.019 1.344, -0.2008 0.0156 1.3462, -0.2314 0.019 1.344, -0.2598 0.029 1.3377, -0.2843 0.0449 1.3277, -0.3031 0.0656 1.3147, -0.3149 0.0897 1.2995, -0.3189 0.1156 1.2833, -0.3149 0.1415 1.267, -0.3031 0.1656 1.2518, -0.2843 0.1863 1.2388, -0.2598 0.2022 1.2288, -0.2314 0.2122 1.2225, -0.2008 0.247 1.2612, -0.1702 0.244 1.2639, -0.1417 0.2354 1.272, -0.1173 0.2216 1.2848, -0.0985 0.2037 1.3014, -0.0867 0.1828 1.3208, -0.0827 0.1605 1.3416, -0.0867 0.1381 1.3624, -0.0985 0.1172 1.3818, -0.1173 0.0993 1.3985, -0.1417 0.0855 1.4113, -0.1702 0.0769 1.4193, -0.2008 0.074 1.422, -0.2314 0.0769 1.4193, -0.2598 0.0855 1.4113, -0.2843 0.0993 1.3985, -0.3031 0.1172 1.3818, -0.3149 0.1381 1.3624, -0.3189 0.1605 1.3416, -0.3149 0.1828 1.3208, -0.3031 0.2037 1.3014, -0.2843 0.2216 1.2848, -0.2598 0.2354 1.272, -0.2314 0.244 1.2639, -0.3189 0.0551 1.0236, -0.3149 0.0857 1.0236, -0.3031 0.1142 1.0236, -0.2843 0.1386 1.0236, -0.2598 0.1574 1.0236, -0.2314 0.1692 1.0236, -0.2008 0.1732 1.0236, -0.1702 0.1692 1.0236, -0.1417 0.1574 1.0236, -0.1173 0.1386 1.0236, -0.0985 0.1142 1.0236, -0.0867 0.0857 1.0236, -0.0827 0.0551 1.0236, -0.0867 0.0245 1.0236, -0.0985 -0.0039 1.0236, -0.1173 -0.0284 1.0236, -0.1417 -0.0472 1.0236, -0.1702 -0.059 1.0236, -0.2008 -0.063 1.0236, -0.2314 -0.059 1.0236, -0.2598 -0.0472 1.0236, -0.2843 -0.0284 1.0236, -0.3031 -0.0039 1.0236, -0.3149 0.0245 1.0236, -0.3031 -0.0039 -0.9843, -0.3149 0.0245 -0.9843, -0.2008 0.0551 -0.9843, -0.3189 0.0551 -0.9843, -0.3149 0.0857 -0.9843, -0.2314 -0.059 -0.9843, -0.2598 -0.0472 -0.9843, -0.2843 -0.0284 -0.9843, -0.1417 -0.0472 -0.9843, -0.1702 -0.059 -0.9843, -0.2008 -0.063 -0.9843, -0.0867 0.0245 -0.9843, -0.0985 -0.0039 -0.9843, -0.1173 -0.0284 -0.9843, -0.0985 0.1142 -0.9843, -0.0867 0.0857 -0.9843, -0.0827 0.0551 -0.9843, -0.1702 0.1692 -0.9843, -0.1417 0.1574 -0.9843, -0.1173 0.1386 -0.9843, -0.2598 0.1574 -0.9843, -0.2314 0.1692 -0.9843, -0.2008 0.1732 -0.9843, -0.3031 0.1142 -0.9843, -0.2843 0.1386 -0.9843, -0.3149 0.0857 0.0394, -0.3031 0.1142 0.0394, -0.2843 0.1386 0.0394, -0.2598 0.1574 0.0394, -0.2314 0.1692 0.0394, -0.2008 0.1732 0.0394, -0.1702 0.1692 0.0394, -0.1417 0.1574 0.0394, -0.1173 0.1386 0.0394, -0.0985 0.1142 0.0394, -0.0867 0.0857 0.0394, -0.0827 0.0551 0.0394, -0.0867 0.0245 0.0394, -0.0985 -0.0039 0.0394, -0.1173 -0.0284 0.0394, -0.1417 -0.0472 0.0394, -0.1702 -0.059 0.0394, -0.2008 -0.063 0.0394, -0.2314 -0.059 0.0394, -0.2598 -0.0472 0.0394, -0.2843 -0.0284 0.0394, -0.3031 -0.0039 0.0394, -0.3149 0.0245 0.0394, -0.3189 0.0551 0.0394, -0.3159 3.0669 3.4573, -0.3189 3.0512 3.4785, -0.0857 3.0669 3.4573, -0.0827 3.0512 3.4785, -0.0955 3.0829 3.4355, -0.1116 3.0971 3.4162, -0.133 3.1085 3.4007, -0.1584 3.1166 3.3898, -0.1864 3.1207 3.3841, -0.3061 3.0829 3.4355, -0.29 3.0971 3.4162, -0.2152 3.1207 3.3841, -0.2431 3.1166 3.3898, -0.2686 3.1085 3.4007, -0.29 3.0512 3.3824, -0.3061 3.0512 3.4121, -0.3159 3.0512 3.4457, -0.2563 3.0512 3.3491, -0.2686 3.0512 3.3584, -0.2294 3.0512 3.3362, -0.2431 3.0512 3.3416, -0.2008 3.0512 3.3319, -0.2152 3.0512 3.333, -0.1722 3.0512 3.3362, -0.1864 3.0512 3.333, -0.0857 3.0512 3.4457, -0.0955 3.0512 3.4121, -0.1116 3.0512 3.3824, -0.133 3.0512 3.3584, -0.1453 3.0512 3.3491, -0.1584 3.0512 3.3416, -1.063 0.276 1.3082, -1.063 1.4764 2.192, -1.0491 1.4764 2.1835, -1.0345 0.283 1.2987, -1.0758 1.4764 2.2027, -1.0875 0.2649 1.3234, -1.0875 1.4764 2.2153, -1.1062 0.2504 1.3431, -1.1062 1.4764 2.2457, -1.118 0.2335 1.366, -1.118 1.4764 2.2811, -1.122 0.2154 1.3906, -1.122 1.4764 2.3191, -1.118 0.1973 1.4152, -1.118 1.4764 2.357, -1.1062 0.1804 1.4382, -1.1062 1.4764 2.3924, -1.0875 0.1659 1.4579, -1.0875 1.4764 2.4228, -1.0758 1.4764 2.4354, -1.063 0.1547 1.473, -1.063 1.4764 2.4461, -1.0491 1.4764 2.4546, -1.0345 0.1477 1.4825, -1.0345 1.4764 2.4607, -1.0194 1.4764 2.4645, -1.0039 0.1454 1.4857, -1.0039 1.4764 2.4657, -0.9885 1.4764 2.4645, -0.9734 0.1477 1.4825, -0.9734 1.4764 2.4607, -0.9587 1.4764 2.4546, -0.9449 0.1547 1.473, -0.9449 1.4764 2.4461, -0.932 1.4764 2.4354, -0.9204 0.1659 1.4579, -0.9204 1.4764 2.4228, -0.9017 0.1804 1.4382, -0.9017 1.4764 2.3924, -0.8899 0.1973 1.4152, -0.8899 1.4764 2.357, -0.8858 0.2154 1.3906, -0.8858 1.4764 2.3191, -0.8899 0.2335 1.366, -0.8899 1.4764 2.2811, -0.9017 0.2504 1.3431, -0.9017 1.4764 2.2457, -0.9204 0.2649 1.3234, -0.9204 1.4764 2.2153, -0.9449 0.276 1.3082, -0.9734 0.283 1.2987, -0.9734 1.4764 2.1774, -0.9587 1.4764 2.1835, -0.9449 1.4764 2.192, -0.932 1.4764 2.2027, -1.0345 1.4764 2.1774, -1.0194 1.4764 2.1736, -1.0039 0.2854 1.2955, -1.0039 1.4764 2.1724, -0.9885 1.4764 2.1736, -1.0039 0.1732 1.0736, -1.0039 0.178 1.1249, -0.9734 0.1692 1.0736, -0.9734 0.1741 1.1256, -0.9449 0.1574 1.0736, -0.9449 0.1625 1.1278, -0.9204 0.1386 1.0736, -0.9204 0.1441 1.1313, -0.9017 0.1142 1.0736, -0.9017 0.12 1.1359, -0.8899 0.0857 1.0736, -0.8899 0.092 1.1412, -0.8858 0.0551 1.0736, -0.8858 0.062 1.1469, -0.8899 0.0245 1.0736, -0.8899 0.032 1.1525, -0.9017 -0.0039 1.0736, -0.9017 0.004 1.1578, -0.9204 -0.0284 1.0736, -0.9204 -0.0201 1.1624, -0.9449 -0.0472 1.0736, -0.9449 -0.0385 1.1659, -0.9734 -0.059 1.0736, -0.9734 -0.0501 1.1681, -1.0039 -0.063 1.0736, -1.0039 -0.054 1.1688, -1.0345 -0.059 1.0736, -1.0345 -0.0501 1.1681, -1.063 -0.0472 1.0736, -1.063 -0.0385 1.1659, -1.0875 -0.0284 1.0736, -1.0875 -0.0201 1.1624, -1.1062 -0.0039 1.0736, -1.1062 0.004 1.1578, -1.118 0.0245 1.0736, -1.118 0.032 1.1525, -1.122 0.0551 1.0736, -1.122 0.062 1.1469, -1.118 0.0857 1.0736, -1.118 0.092 1.1412, -1.1062 0.1142 1.0736, -1.1062 0.12 1.1359, -1.0875 0.1386 1.0736, -1.0875 0.1441 1.1313, -1.063 0.1574 1.0736, -1.063 0.1625 1.1278, -1.0345 0.1692 1.0736, -1.0345 0.1741 1.1256, -1.0039 0.1923 1.1744, -0.9734 0.1886 1.1758, -0.9449 0.1776 1.1802, -0.9204 0.1601 1.187, -0.9017 0.1374 1.196, -0.8899 0.1108 1.2064, -0.8858 0.0824 1.2176, -0.8899 0.0539 1.2288, -0.9017 0.0274 1.2392, -0.9204 0.0047 1.2481, -0.9449 -0.0128 1.255, -0.9734 -0.0238 1.2593, -1.0039 -0.0275 1.2608, -1.0345 -0.0238 1.2593, -1.063 -0.0128 1.255, -1.0875 0.0047 1.2481, -1.1062 0.0274 1.2392, -1.118 0.0539 1.2288, -1.122 0.0824 1.2176, -1.118 0.1108 1.2064, -1.1062 0.1374 1.196, -1.0875 0.1601 1.187, -1.063 0.1776 1.1802, -1.0345 0.1886 1.1758, -1.0039 0.2156 1.2204, -0.9734 0.2122 1.2225, -0.9449 0.2022 1.2288, -0.9204 0.1863 1.2388, -0.9017 0.1656 1.2518, -0.8899 0.1415 1.267, -0.8858 0.1156 1.2833, -0.8899 0.0897 1.2995, -0.9017 0.0656 1.3147, -0.9204 0.0449 1.3277, -0.9449 0.029 1.3377, -0.9734 0.019 1.344, -1.0039 0.0156 1.3462, -1.0345 0.019 1.344, -1.063 0.029 1.3377, -1.0875 0.0449 1.3277, -1.1062 0.0656 1.3147, -1.118 0.0897 1.2995, -1.122 0.1156 1.2833, -1.118 0.1415 1.267, -1.1062 0.1656 1.2518, -1.0875 0.1863 1.2388, -1.063 0.2022 1.2288, -1.0345 0.2122 1.2225, -1.0039 0.247 1.2612, -0.9734 0.244 1.2639, -0.9449 0.2354 1.272, -0.9204 0.2216 1.2848, -0.9017 0.2037 1.3014, -0.8899 0.1828 1.3208, -0.8858 0.1605 1.3416, -0.8899 0.1381 1.3624, -0.9017 0.1172 1.3818, -0.9204 0.0993 1.3985, -0.9449 0.0855 1.4113, -0.9734 0.0769 1.4193, -1.0039 0.074 1.422, -1.0345 0.0769 1.4193, -1.063 0.0855 1.4113, -1.0875 0.0993 1.3985, -1.1062 0.1172 1.3818, -1.118 0.1381 1.3624, -1.122 0.1605 1.3416, -1.118 0.1828 1.3208, -1.1062 0.2037 1.3014, -1.0875 0.2216 1.2848, -1.063 0.2354 1.272, -1.0345 0.244 1.2639, -1.122 0.0551 1.0236, -1.118 0.0857 1.0236, -1.1062 0.1142 1.0236, -1.0875 0.1386 1.0236, -1.063 0.1574 1.0236, -1.0345 0.1692 1.0236, -1.0039 0.1732 1.0236, -0.9734 0.1692 1.0236, -0.9449 0.1574 1.0236, -0.9204 0.1386 1.0236, -0.9017 0.1142 1.0236, -0.8899 0.0857 1.0236, -0.8858 0.0551 1.0236, -0.8899 0.0245 1.0236, -0.9017 -0.0039 1.0236, -0.9204 -0.0284 1.0236, -0.9449 -0.0472 1.0236, -0.9734 -0.059 1.0236, -1.0039 -0.063 1.0236, -1.0345 -0.059 1.0236, -1.063 -0.0472 1.0236, -1.0875 -0.0284 1.0236, -1.1062 -0.0039 1.0236, -1.118 0.0245 1.0236, -1.1062 -0.0039 -0.9843, -1.118 0.0245 -0.9843, -1.0039 0.0551 -0.9843, -1.122 0.0551 -0.9843, -1.118 0.0857 -0.9843, -1.0345 -0.059 -0.9843, -1.063 -0.0472 -0.9843, -1.0875 -0.0284 -0.9843, -0.9449 -0.0472 -0.9843, -0.9734 -0.059 -0.9843, -1.0039 -0.063 -0.9843, -0.8899 0.0245 -0.9843, -0.9017 -0.0039 -0.9843, -0.9204 -0.0284 -0.9843, -0.9017 0.1142 -0.9843, -0.8899 0.0857 -0.9843, -0.8858 0.0551 -0.9843, -0.9734 0.1692 -0.9843, -0.9449 0.1574 -0.9843, -0.9204 0.1386 -0.9843, -1.063 0.1574 -0.9843, -1.0345 0.1692 -0.9843, -1.0039 0.1732 -0.9843, -1.1062 0.1142 -0.9843, -1.0875 0.1386 -0.9843, -1.118 0.0857 0.0394, -1.1062 0.1142 0.0394, -1.0875 0.1386 0.0394, -1.063 0.1574 0.0394, -1.0345 0.1692 0.0394, -1.0039 0.1732 0.0394, -0.9734 0.1692 0.0394, -0.9449 0.1574 0.0394, -0.9204 0.1386 0.0394, -0.9017 0.1142 0.0394, -0.8899 0.0857 0.0394, -0.8858 0.0551 0.0394, -0.8899 0.0245 0.0394, -0.9017 -0.0039 0.0394, -0.9204 -0.0284 0.0394, -0.9449 -0.0472 0.0394, -0.9734 -0.059 0.0394, -1.0039 -0.063 0.0394, -1.0345 -0.059 0.0394, -1.063 -0.0472 0.0394, -1.0875 -0.0284 0.0394, -1.1062 -0.0039 0.0394, -1.118 0.0245 0.0394, -1.122 0.0551 0.0394, -1.122 3.0512 3.4785, -0.8858 3.0512 3.4785, -0.8888 3.0669 3.4573, -1.1092 3.0829 3.4355, -1.1191 3.0669 3.4573, -0.9147 3.0971 3.4162, -0.8986 3.0829 3.4355, -0.9361 3.1085 3.4007, -0.9616 3.1166 3.3898, -0.9895 3.1207 3.3841, -1.0183 3.1207 3.3841, -1.0463 3.1166 3.3898, -1.0717 3.1085 3.4007, -1.0931 3.0971 3.4162, -1.0931 3.0512 3.3824, -1.1092 3.0512 3.4121, -1.1191 3.0512 3.4457, -1.0594 3.0512 3.3491, -1.0717 3.0512 3.3584, -1.0325 3.0512 3.3362, -1.0463 3.0512 3.3416, -1.0039 3.0512 3.3319, -1.0183 3.0512 3.333, -0.9753 3.0512 3.3362, -0.9895 3.0512 3.333, -0.8888 3.0512 3.4457, -0.8986 3.0512 3.4121, -0.9147 3.0512 3.3824, -0.9361 3.0512 3.3584, -0.9484 3.0512 3.3491, -0.9616 3.0512 3.3416, 0.3148 0.7635 1.0236, 0.3149 0.7925 1.0825, 0.3031 0.768 1.097, 0.139 0.9103 1.0236, 0.1191 0.8917 1.0236, 0.1173 0.8906 1.0243, 0.2598 0.7308 1.1191, 0.2579 0.686 1.0236, 0.279 0.7017 1.0236, 0.2843 0.7469 1.1095, 0.2482 0.6809 1.0236, 0.2314 0.7206 1.1251, 0.2312 0.6754 1.0236, 0.2226 0.6726 1.0236, 0.2008 0.7172 1.1271, 0.211 0.6709 1.0236, 0.1702 0.7206 1.1251, 0.1844 0.6717 1.0236, 0.2008 0.6712 1.0236, 0.1417 0.7308 1.1191, 0.1467 0.6843 1.0236, 0.1717 0.6743 1.0236, 0.1173 0.7469 1.1095, 0.1344 0.692 1.0236, 0.1418 0.6873 1.0236, 0.1041 0.7237 1.0236, 0.1137 0.7109 1.0236, 0.1176 0.7074 1.0236, 0.0992 0.7334 1.0236, 0.0985 0.768 1.097, 0.0907 0.7504 1.0236, 0.0867 0.7925 1.0825, 0.0868 0.7636 1.0236, 0.0861 0.7662 1.0236, 0.0827 0.8188 1.0669, 0.0827 0.7982 1.0236, 0.0985 0.8696 1.0368, 0.0991 0.8618 1.0236, 0.0867 0.8451 1.0513, 0.095 0.8548 1.0236, 0.0913 0.8456 1.0236, 0.0877 0.8301 1.0236, 0.0836 0.8124 1.0236, 0.1174 0.8901 1.0236, 0.1165 0.8893 1.0236, 0.1122 0.884 1.0236, 0.1173 0.933 1.0803, 0.1417 0.9466 1.0673, 0.1418 0.9122 1.0236, 0.1702 0.9551 1.0592, 0.1702 0.9263 1.0236, 0.1684 0.9258 1.0236, 0.1446 0.9142 1.0236, 0.2314 0.9551 1.0592, 0.2168 0.9299 1.0236, 0.2008 0.958 1.0564, 0.2018 0.9313 1.0236, 0.1784 0.9287 1.0236, 0.2595 0.9116 1.0236, 0.2497 0.9184 1.0236, 0.2598 0.9466 1.0673, 0.2398 0.9232 1.0236, 0.2312 0.9257 1.0236, 0.2724 0.9024 1.0236, 0.2843 0.933 1.0803, 0.2828 0.8918 1.0236, 0.2839 0.8907 1.0236, 0.2843 0.8906 1.0243, 0.2842 0.8902 1.0236, 0.3031 0.8696 1.0368, 0.3023 0.8637 1.0236, 0.3077 0.8521 1.0236, 0.3149 0.8451 1.0513, 0.314 0.8301 1.0236, 0.3171 0.819 1.0236, 0.3189 0.8188 1.0669, 0.3184 0.8081 1.0236, 0.3151 0.7643 1.0236, 0.3172 0.7749 1.0236, 0.318 0.7968 1.0236, 0.2838 0.7074 1.0236, 0.2977 0.724 1.0236, 0.3042 0.7352 1.0236, 0.3031 0.9153 1.0972, 0.3149 0.8947 1.1168, 0.3189 0.8726 1.1379, 0.3149 0.8505 1.159, 0.3031 0.8298 1.1787, 0.2843 0.8121 1.1956, 0.2598 0.7986 1.2085, 0.2314 0.79 1.2167, 0.2008 0.7871 1.2194, 0.1702 0.79 1.2167, 0.1417 0.7986 1.2085, 0.1173 0.8121 1.1956, 0.0985 0.8298 1.1787, 0.0867 0.8505 1.159, 0.0827 0.8726 1.1379, 0.0867 0.8947 1.1168, 0.0985 0.9153 1.0972, 0.2008 1.0059 1.0964, 0.2314 1.0037 1.0997, 0.2598 0.9972 1.1096, 0.2843 0.9869 1.1253, 0.3031 0.9734 1.1457, 0.3149 0.9578 1.1695, 0.3189 0.941 1.195, 0.3149 0.9242 1.2206, 0.3031 0.9085 1.2443, 0.2843 0.895 1.2648, 0.2598 0.8847 1.2804, 0.2314 0.8782 1.2903, 0.2008 0.876 1.2937, 0.1702 0.8782 1.2903, 0.1417 0.8847 1.2804, 0.1173 0.895 1.2648, 0.0985 0.9085 1.2443, 0.0867 0.9242 1.2206, 0.0827 0.941 1.195, 0.0867 0.9578 1.1695, 0.0985 0.9734 1.1457, 0.1173 0.9869 1.1253, 0.1417 0.9972 1.1096, 0.1702 1.0037 1.0997, 0.1417 1.4764 1.4251, 0.1556 1.4764 1.4169, 0.1289 1.4764 1.4354, 0.1173 1.4764 1.4476, 0.0985 1.4764 1.4769, 0.0867 1.4764 1.511, 0.0827 1.4764 1.5476, 0.0867 1.4764 1.5842, 0.0985 1.4764 1.6183, 0.1173 1.4764 1.6476, 0.1289 1.4764 1.6598, 0.1417 1.4764 1.67, 0.1556 1.4764 1.6782, 0.1702 1.4764 1.6842, 0.1854 1.4764 1.6878, 0.2008 1.4764 1.689, 0.2162 1.4764 1.6878, 0.2314 1.4764 1.6842, 0.246 1.4764 1.6782, 0.2598 1.4764 1.67, 0.2727 1.4764 1.6598, 0.2843 1.4764 1.6476, 0.3031 1.4764 1.6183, 0.3149 1.4764 1.5842, 0.3189 1.4764 1.5476, 0.3149 1.4764 1.511, 0.3031 1.4764 1.4769, 0.2843 1.4764 1.4476, 0.2314 1.4764 1.411, 0.246 1.4764 1.4169, 0.2598 1.4764 1.4251, 0.2727 1.4764 1.4354, 0.1702 1.4764 1.411, 0.1854 1.4764 1.4074, 0.2008 1.4764 1.4062, 0.2162 1.4764 1.4074, 0.2843 0.8473 -0.9843, 0.3031 0.8228 0.0394, 0.3031 0.8228 -0.9843, 0.3149 0.7943 0.0394, 0.3149 0.7943 -0.9843, 0.3189 0.7638 0.0394, 0.3189 0.7638 -0.9843, 0.3149 0.7332 0.0394, 0.3149 0.7332 -0.9843, 0.3031 0.7047 0.0394, 0.3031 0.7047 -0.9843, 0.2843 0.6803 0.0394, 0.2843 0.6803 -0.9843, 0.2722 0.671 0.0394, 0.2598 0.6615 -0.9843, 0.2008 0.8819 -0.9843, 0.2314 0.8779 0.0394, 0.2314 0.8779 -0.9843, 0.2598 0.8661 0.0394, 0.2598 0.8661 -0.9843, 0.2722 0.8566 0.0394, 0.2843 0.8473 0.0394, 0.1702 0.6497 -0.9843, 0.1417 0.6615 0.0394, 0.1417 0.6615 -0.9843, 0.1173 0.6803 0.0394, 0.1173 0.6803 -0.9843, 0.0985 0.7047 0.0394, 0.0985 0.7047 -0.9843, 0.0867 0.7332 0.0394, 0.0867 0.7332 -0.9843, 0.0827 0.7638 0.0394, 0.0827 0.7638 -0.9843, 0.0867 0.7943 0.0394, 0.0867 0.7943 -0.9843, 0.0985 0.8228 0.0394, 0.0985 0.8228 -0.9843, 0.1173 0.8473 0.0394, 0.1173 0.8473 -0.9843, 0.1417 0.8661 0.0394, 0.1417 0.8661 -0.9843, 0.1702 0.8779 0.0394, 0.1702 0.8779 -0.9843, 0.1858 0.8799 0.0394, 0.2008 0.8819 0.0394, 0.2598 0.6615 0.0394, 0.2314 0.6497 0.0394, 0.2314 0.6497 -0.9843, 0.2008 0.6457 0.0394, 0.2008 0.6457 -0.9843, 0.1858 0.6476 0.0394, 0.1702 0.6497 0.0394, 0.2008 0.7638 -0.9843, 0.3061 3.0806 2.5399, 0.0857 3.0657 2.5625, 0.3159 3.0657 2.5625, 0.0827 3.0512 2.5845, 0.3189 3.0512 2.5845, 0.29 3.0938 2.5199, 0.2686 3.1044 2.5038, 0.2431 3.1118 2.4925, 0.133 3.1044 2.5038, 0.1116 3.0938 2.5199, 0.1584 3.1118 2.4925, 0.1864 3.1157 2.4866, 0.2152 3.1157 2.4866, 0.0955 3.0806 2.5399, 0.1116 3.0512 2.4919, 0.0955 3.0512 2.5205, 0.0857 3.0512 2.5529, 0.1453 3.0512 2.4597, 0.133 3.0512 2.4688, 0.1722 3.0512 2.4473, 0.1584 3.0512 2.4525, 0.2008 3.0512 2.4431, 0.1864 3.0512 2.4442, 0.2294 3.0512 2.4473, 0.2152 3.0512 2.4442, 0.3159 3.0512 2.5529, 0.3061 3.0512 2.5205, 0.29 3.0512 2.4919, 0.2686 3.0512 2.4688, 0.2563 3.0512 2.4597, 0.2431 3.0512 2.4525, -0.4884 0.7635 1.0236, -0.4883 0.7925 1.0825, -0.5001 0.768 1.097, -0.6642 0.9103 1.0236, -0.6841 0.8917 1.0236, -0.6859 0.8906 1.0243, -0.5433 0.7308 1.1191, -0.5453 0.686 1.0236, -0.5242 0.7017 1.0236, -0.5188 0.7469 1.1095, -0.5549 0.6809 1.0236, -0.5718 0.7206 1.1251, -0.572 0.6754 1.0236, -0.5806 0.6726 1.0236, -0.6024 0.7172 1.1271, -0.5922 0.6709 1.0236, -0.6329 0.7206 1.1251, -0.6188 0.6717 1.0236, -0.6023 0.6712 1.0236, -0.6614 0.7308 1.1191, -0.6565 0.6843 1.0236, -0.6314 0.6743 1.0236, -0.6859 0.7469 1.1095, -0.6687 0.692 1.0236, -0.6613 0.6873 1.0236, -0.6991 0.7237 1.0236, -0.6894 0.7109 1.0236, -0.6856 0.7074 1.0236, -0.704 0.7334 1.0236, -0.7046 0.768 1.097, -0.7125 0.7504 1.0236, -0.7164 0.7925 1.0825, -0.7163 0.7636 1.0236, -0.7171 0.7662 1.0236, -0.7205 0.8188 1.0669, -0.7205 0.7982 1.0236, -0.7046 0.8696 1.0368, -0.704 0.8618 1.0236, -0.7164 0.8451 1.0513, -0.7081 0.8548 1.0236, -0.7118 0.8456 1.0236, -0.7155 0.8301 1.0236, -0.7196 0.8124 1.0236, -0.6858 0.8901 1.0236, -0.6866 0.8893 1.0236, -0.6909 0.884 1.0236, -0.6859 0.933 1.0803, -0.6614 0.9466 1.0673, -0.6614 0.9122 1.0236, -0.6329 0.9551 1.0592, -0.6329 0.9263 1.0236, -0.6348 0.9258 1.0236, -0.6585 0.9142 1.0236, -0.5718 0.9551 1.0592, -0.5863 0.9299 1.0236, -0.6024 0.958 1.0564, -0.6014 0.9313 1.0236, -0.6248 0.9287 1.0236, -0.5437 0.9116 1.0236, -0.5534 0.9184 1.0236, -0.5433 0.9466 1.0673, -0.5634 0.9232 1.0236, -0.5719 0.9257 1.0236, -0.5308 0.9024 1.0236, -0.5188 0.933 1.0803, -0.5204 0.8918 1.0236, -0.5193 0.8907 1.0236, -0.5188 0.8906 1.0243, -0.5189 0.8902 1.0236, -0.5001 0.8696 1.0368, -0.5009 0.8637 1.0236, -0.4954 0.8521 1.0236, -0.4883 0.8451 1.0513, -0.4892 0.8301 1.0236, -0.486 0.819 1.0236, -0.4843 0.8188 1.0669, -0.4847 0.8081 1.0236, -0.4881 0.7643 1.0236, -0.486 0.7749 1.0236, -0.4851 0.7968 1.0236, -0.5193 0.7074 1.0236, -0.5054 0.724 1.0236, -0.4989 0.7352 1.0236, -0.5001 0.9153 1.0972, -0.4883 0.8947 1.1168, -0.4843 0.8726 1.1379, -0.4883 0.8505 1.159, -0.5001 0.8298 1.1787, -0.5188 0.8121 1.1956, -0.5433 0.7986 1.2085, -0.5718 0.79 1.2167, -0.6024 0.7871 1.2194, -0.6329 0.79 1.2167, -0.6614 0.7986 1.2085, -0.6859 0.8121 1.1956, -0.7046 0.8298 1.1787, -0.7164 0.8505 1.159, -0.7205 0.8726 1.1379, -0.7164 0.8947 1.1168, -0.7046 0.9153 1.0972, -0.6024 1.0059 1.0964, -0.5718 1.0037 1.0997, -0.5433 0.9972 1.1096, -0.5188 0.9869 1.1253, -0.5001 0.9734 1.1457, -0.4883 0.9578 1.1695, -0.4843 0.941 1.195, -0.4883 0.9242 1.2206, -0.5001 0.9085 1.2443, -0.5188 0.895 1.2648, -0.5433 0.8847 1.2804, -0.5718 0.8782 1.2903, -0.6024 0.876 1.2937, -0.6329 0.8782 1.2903, -0.6614 0.8847 1.2804, -0.6859 0.895 1.2648, -0.7046 0.9085 1.2443, -0.7164 0.9242 1.2206, -0.7205 0.941 1.195, -0.7164 0.9578 1.1695, -0.7046 0.9734 1.1457, -0.6859 0.9869 1.1253, -0.6614 0.9972 1.1096, -0.6329 1.0037 1.0997, -0.6614 1.4764 1.4251, -0.6476 1.4764 1.4169, -0.6743 1.4764 1.4354, -0.6859 1.4764 1.4476, -0.7046 1.4764 1.4769, -0.7164 1.4764 1.511, -0.7205 1.4764 1.5476, -0.7164 1.4764 1.5842, -0.7046 1.4764 1.6183, -0.6859 1.4764 1.6476, -0.6743 1.4764 1.6598, -0.6614 1.4764 1.67, -0.6476 1.4764 1.6782, -0.6329 1.4764 1.6842, -0.6178 1.4764 1.6878, -0.6024 1.4764 1.689, -0.5869 1.4764 1.6878, -0.5718 1.4764 1.6842, -0.5572 1.4764 1.6782, -0.5433 1.4764 1.67, -0.5305 1.4764 1.6598, -0.5188 1.4764 1.6476, -0.5001 1.4764 1.6183, -0.4883 1.4764 1.5842, -0.4843 1.4764 1.5476, -0.4883 1.4764 1.511, -0.5001 1.4764 1.4769, -0.5188 1.4764 1.4476, -0.5718 1.4764 1.411, -0.5572 1.4764 1.4169, -0.5433 1.4764 1.4251, -0.5305 1.4764 1.4354, -0.6329 1.4764 1.411, -0.6178 1.4764 1.4074, -0.6024 1.4764 1.4062, -0.5869 1.4764 1.4074, -0.6024 0.6457 -0.9843, -0.6329 0.6497 0.0394, -0.6329 0.6497 -0.9843, -0.6614 0.6615 0.0394, -0.6614 0.6615 -0.9843, -0.6859 0.6803 0.0394, -0.6859 0.6803 -0.9843, -0.7046 0.7047 0.0394, -0.7046 0.7047 -0.9843, -0.7164 0.7332 0.0394, -0.7164 0.7332 -0.9843, -0.7205 0.7638 0.0394, -0.7205 0.7638 -0.9843, -0.7164 0.7943 0.0394, -0.7164 0.7943 -0.9843, -0.7046 0.8228 0.0394, -0.7046 0.8228 -0.9843, -0.6859 0.8473 0.0394, -0.6859 0.8473 -0.9843, -0.6614 0.8661 0.0394, -0.6614 0.8661 -0.9843, -0.6329 0.8779 0.0394, -0.6329 0.8779 -0.9843, -0.6024 0.8819 0.0394, -0.6024 0.8819 -0.9843, -0.5718 0.8779 0.0394, -0.5718 0.8779 -0.9843, -0.5433 0.8661 0.0394, -0.5433 0.8661 -0.9843, -0.5188 0.8473 0.0394, -0.5188 0.8473 -0.9843, -0.5001 0.8228 0.0394, -0.5001 0.8228 -0.9843, -0.4883 0.7943 0.0394, -0.4883 0.7943 -0.9843, -0.4843 0.7638 0.0394, -0.4843 0.7638 -0.9843, -0.4883 0.7332 0.0394, -0.4883 0.7332 -0.9843, -0.5001 0.7047 0.0394, -0.5001 0.7047 -0.9843, -0.5188 0.6803 0.0394, -0.5188 0.6803 -0.9843, -0.5433 0.6615 0.0394, -0.5433 0.6615 -0.9843, -0.5718 0.6497 0.0394, -0.5718 0.6497 -0.9843, -0.6024 0.6457 0.0394, -0.6024 0.7638 -0.9843, -0.7077 3.0806 2.5399, -0.7175 3.0657 2.5625, -0.4872 3.0657 2.5625, -0.7205 3.0512 2.5845, -0.4843 3.0512 2.5845, -0.4971 3.0806 2.5399, -0.5132 3.0938 2.5199, -0.5346 3.1044 2.5038, -0.588 3.1157 2.4866, -0.6168 3.1157 2.4866, -0.6447 3.1118 2.4925, -0.56 3.1118 2.4925, -0.6702 3.1044 2.5038, -0.6916 3.0938 2.5199, -0.6916 3.0512 2.4919, -0.7077 3.0512 2.5205, -0.7175 3.0512 2.5529, -0.6579 3.0512 2.4597, -0.6702 3.0512 2.4688, -0.631 3.0512 2.4473, -0.6447 3.0512 2.4525, -0.6024 3.0512 2.4431, -0.6168 3.0512 2.4442, -0.5738 3.0512 2.4473, -0.588 3.0512 2.4442, -0.4872 3.0512 2.5529, -0.4971 3.0512 2.5205, -0.5132 3.0512 2.4919, -0.5346 3.0512 2.4688, -0.5469 3.0512 2.4597, -0.56 3.0512 2.4525, -1.5033 0.8704 1.0236, -1.507 0.8619 1.0236, -1.5078 0.8696 1.0369, -1.3448 0.6881 1.0236, -1.323 0.706 1.0236, -1.3465 0.7308 1.1191, -1.322 0.747 1.1096, -1.3749 0.7207 1.1252, -1.3694 0.6764 1.0236, -1.3465 0.6873 1.0236, -1.4055 0.7172 1.1272, -1.3804 0.6733 1.0236, -1.375 0.6748 1.0236, -1.4452 0.6777 1.0236, -1.4359 0.6754 1.0236, -1.4361 0.7207 1.1252, -1.4193 0.6713 1.0236, -1.4069 0.6705 1.0236, -1.489 0.747 1.1096, -1.4806 0.6989 1.0236, -1.4646 0.7308 1.1191, -1.4642 0.6877 1.0236, -1.4579 0.6834 1.0236, -1.5078 0.768 1.0971, -1.4916 0.7098 1.0236, -1.4889 0.7071 1.0236, -1.5225 0.7791 1.0236, -1.5187 0.7638 1.0236, -1.5196 0.7925 1.0826, -1.515 0.7487 1.0236, -1.5082 0.7336 1.0236, -1.5236 0.7945 1.0236, -1.5236 0.8188 1.067, -1.5234 0.7966 1.0236, -1.5196 0.8451 1.0514, -1.5202 0.8278 1.0236, -1.5172 0.839 1.0236, -1.4782 0.9014 1.0236, -1.4866 0.8916 1.0236, -1.4883 0.8902 1.0248, -1.4883 0.8895 1.0236, -1.4991 0.8769 1.0236, -1.4733 0.9057 1.0236, -1.489 0.933 1.0803, -1.4642 0.9115 1.0236, -1.4646 0.9466 1.0673, -1.4497 0.9209 1.0236, -1.4055 0.9313 1.0236, -1.4183 0.9304 1.0236, -1.4361 0.9552 1.0592, -1.436 0.9258 1.0236, -1.4419 0.9243 1.0236, -1.4055 0.9313 1.0236, -1.4055 0.9581 1.0564, -1.3824 0.9285 1.0236, -1.3749 0.9552 1.0592, -1.3726 0.9256 1.0236, -1.3496 0.9143 1.0236, -1.3465 0.9466 1.0673, -1.3466 0.912 1.0236, -1.3352 0.9035 1.0236, -1.322 0.933 1.0803, -1.3244 0.8916 1.0236, -1.3226 0.8896 1.0236, -1.3226 0.8902 1.0247, -1.3145 0.8807 1.0236, -1.3032 0.8696 1.0369, -1.3069 0.8689 1.0236, -1.2914 0.8451 1.0514, -1.2934 0.8375 1.0236, -1.3039 0.8619 1.0236, -1.2874 0.8188 1.067, -1.2905 0.8263 1.0236, -1.2915 0.8302 1.0236, -1.2923 0.7638 1.0236, -1.2882 0.782 1.0236, -1.2914 0.7925 1.0826, -1.2875 0.7926 1.0236, -1.2878 0.7966 1.0236, -1.2952 0.7509 1.0236, -1.3032 0.768 1.0971, -1.2993 0.7409 1.0236, -1.322 0.707 1.0236, -1.3148 0.7154 1.0236, -1.3038 0.7334 1.0236, -1.3032 0.9153 1.0972, -1.2914 0.8947 1.1169, -1.2874 0.8726 1.138, -1.2914 0.8505 1.1591, -1.3032 0.8299 1.1787, -1.322 0.8122 1.1956, -1.3465 0.7986 1.2086, -1.3749 0.7901 1.2167, -1.4055 0.7871 1.2195, -1.4361 0.7901 1.2167, -1.4646 0.7986 1.2086, -1.489 0.8122 1.1956, -1.5078 0.8299 1.1787, -1.5196 0.8505 1.1591, -1.5236 0.8726 1.138, -1.5196 0.8947 1.1169, -1.5078 0.9153 1.0972, -1.4055 1.0059 1.0964, -1.3749 1.0037 1.0997, -1.3465 0.9972 1.1096, -1.322 0.9869 1.1253, -1.3032 0.9734 1.1457, -1.2914 0.9578 1.1695, -1.2874 0.941 1.195, -1.2914 0.9242 1.2206, -1.3032 0.9085 1.2443, -1.322 0.895 1.2648, -1.3465 0.8847 1.2804, -1.3749 0.8782 1.2903, -1.4055 0.876 1.2937, -1.4361 0.8782 1.2903, -1.4646 0.8847 1.2804, -1.489 0.895 1.2648, -1.5078 0.9085 1.2443, -1.5196 0.9242 1.2206, -1.5236 0.941 1.195, -1.5196 0.9578 1.1695, -1.5078 0.9734 1.1457, -1.489 0.9869 1.1253, -1.4646 0.9972 1.1096, -1.4361 1.0037 1.0997, -1.4646 1.4764 1.4251, -1.4507 1.4764 1.4169, -1.4774 1.4764 1.4354, -1.489 1.4764 1.4476, -1.5078 1.4764 1.4769, -1.5196 1.4764 1.511, -1.5236 1.4764 1.5476, -1.5196 1.4764 1.5842, -1.5078 1.4764 1.6183, -1.489 1.4764 1.6476, -1.4774 1.4764 1.6598, -1.4646 1.4764 1.67, -1.4507 1.4764 1.6782, -1.4361 1.4764 1.6842, -1.4209 1.4764 1.6878, -1.4055 1.4764 1.689, -1.3901 1.4764 1.6878, -1.3749 1.4764 1.6842, -1.3603 1.4764 1.6782, -1.3465 1.4764 1.67, -1.3336 1.4764 1.6598, -1.322 1.4764 1.6476, -1.3032 1.4764 1.6183, -1.2914 1.4764 1.5842, -1.2874 1.4764 1.5476, -1.2914 1.4764 1.511, -1.3032 1.4764 1.4769, -1.322 1.4764 1.4476, -1.3749 1.4764 1.411, -1.3603 1.4764 1.4169, -1.3465 1.4764 1.4251, -1.3336 1.4764 1.4354, -1.4361 1.4764 1.411, -1.4209 1.4764 1.4074, -1.4055 1.4764 1.4062, -1.3901 1.4764 1.4074, -1.4055 0.6457 -0.9843, -1.4361 0.6497 0.0394, -1.4361 0.6497 -0.9843, -1.4646 0.6615 0.0394, -1.4646 0.6615 -0.9843, -1.489 0.6803 0.0394, -1.489 0.6803 -0.9843, -1.5078 0.7047 0.0394, -1.5078 0.7047 -0.9843, -1.5196 0.7332 0.0394, -1.5196 0.7332 -0.9843, -1.5236 0.7638 0.0394, -1.5236 0.7638 -0.9843, -1.5196 0.7943 0.0394, -1.5196 0.7943 -0.9843, -1.5078 0.8228 0.0394, -1.5078 0.8228 -0.9843, -1.489 0.8473 0.0394, -1.489 0.8473 -0.9843, -1.4646 0.8661 0.0394, -1.4646 0.8661 -0.9843, -1.4361 0.8779 0.0394, -1.4361 0.8779 -0.9843, -1.4055 0.8819 0.0394, -1.4055 0.8819 -0.9843, -1.3749 0.8779 0.0394, -1.3749 0.8779 -0.9843, -1.3465 0.8661 0.0394, -1.3465 0.8661 -0.9843, -1.322 0.8473 0.0394, -1.322 0.8473 -0.9843, -1.3032 0.8228 0.0394, -1.3032 0.8228 -0.9843, -1.2914 0.7943 0.0394, -1.2914 0.7943 -0.9843, -1.2874 0.7638 0.0394, -1.2874 0.7638 -0.9843, -1.2914 0.7332 0.0394, -1.2914 0.7332 -0.9843, -1.3032 0.7047 0.0394, -1.3032 0.7047 -0.9843, -1.322 0.6803 0.0394, -1.322 0.6803 -0.9843, -1.3465 0.6615 0.0394, -1.3465 0.6615 -0.9843, -1.3749 0.6497 0.0394, -1.3749 0.6497 -0.9843, -1.4055 0.6457 0.0394, -1.4055 0.7638 -0.9843, -1.5236 3.0512 2.5845, -1.2874 3.0512 2.5845, -1.2904 3.0657 2.5625, -1.5108 3.0806 2.5399, -1.5206 3.0657 2.5625, -1.3377 3.1044 2.5038, -1.3163 3.0938 2.5199, -1.3002 3.0806 2.5399, -1.3631 3.1118 2.4925, -1.3911 3.1157 2.4866, -1.4199 3.1157 2.4866, -1.4479 3.1118 2.4925, -1.4733 3.1044 2.5038, -1.4947 3.0938 2.5199, -1.4947 3.0512 2.4919, -1.5108 3.0512 2.5205, -1.5206 3.0512 2.5529, -1.461 3.0512 2.4597, -1.4733 3.0512 2.4688, -1.4341 3.0512 2.4473, -1.4479 3.0512 2.4525, -1.4055 3.0512 2.4431, -1.4199 3.0512 2.4442, -1.3769 3.0512 2.4473, -1.3911 3.0512 2.4442, -1.2904 3.0512 2.5529, -1.3002 3.0512 2.5205, -1.3163 3.0512 2.4919, -1.3377 3.0512 2.4688, -1.35 3.0512 2.4597, -1.3631 3.0512 2.4525, 0.4648 -1.1093 0.0472, 0.4648 -1.1093 0.0394, 0.4768 -1.0761 0.0472, 0.4768 -1.0761 0.0394, 0.416 -1.1093 0.0472, 0.416 -1.1093 0.0394, 0.4047 -1.0761 0.0472, 0.4047 -1.0761 0.0394, 0.3875 -1.0761 0.0472, 0.3875 -1.0761 0.0394, 0.4321 -1.1943 0.0472, 0.4321 -1.1943 0.0394, 0.448 -1.1943 0.0472, 0.448 -1.1943 0.0394, 0.494 -1.0761 0.0472, 0.494 -1.0761 0.0394, 0.42 -1.1222 0.0472, 0.4595 -1.1222 0.0472, 0.4376 -1.1716 0.0472, 0.4387 -1.1757 0.0472, 0.4395 -1.1798 0.0472, 0.4399 -1.1798 0.0472, 0.4407 -1.1757 0.0472, 0.4417 -1.1716 0.0472, 0.4399 -1.1798 0.0394, 0.4407 -1.1757 0.0394, 0.4417 -1.1716 0.0394, 0.4395 -1.1798 0.0394, 0.4376 -1.1716 0.0394, 0.4387 -1.1757 0.0394, 0.42 -1.1222 0.0394, 0.4595 -1.1222 0.0394, 0.3171 -1.1943 0.0472, 0.3171 -1.1943 0.0394, 0.2838 -1.1943 0.0472, 0.2838 -1.1943 0.0394, 0.3788 -1.1367 0.0472, 0.3788 -1.1367 0.0394, 0.3786 -1.1425 0.0394, 0.3786 -1.1425 0.0472, 0.3763 -1.155 0.0394, 0.3763 -1.155 0.0472, 0.3713 -1.1665 0.0394, 0.3713 -1.1665 0.0472, 0.3643 -1.1757 0.0394, 0.3643 -1.1757 0.0472, 0.3597 -1.18 0.0394, 0.3597 -1.18 0.0472, 0.348 -1.1876 0.0394, 0.348 -1.1876 0.0472, 0.3341 -1.1924 0.0394, 0.3341 -1.1924 0.0472, 0.3159 -1.0761 0.0472, 0.3159 -1.0761 0.0394, 0.3308 -1.0775 0.0394, 0.3308 -1.0775 0.0472, 0.3444 -1.0816 0.0394, 0.3444 -1.0816 0.0472, 0.3567 -1.0888 0.0394, 0.3567 -1.0888 0.0472, 0.3663 -1.0982 0.0394, 0.3663 -1.0982 0.0472, 0.3729 -1.1086 0.0394, 0.3729 -1.1086 0.0472, 0.3772 -1.1209 0.0394, 0.3772 -1.1209 0.0472, 0.2838 -1.0761 0.0472, 0.2838 -1.0761 0.0394, 0.363 -1.1363 0.0472, 0.362 -1.1481 0.0472, 0.3592 -1.1574 0.0472, 0.3552 -1.1647 0.0472, 0.3494 -1.1708 0.0472, 0.3408 -1.1763 0.0472, 0.3311 -1.1798 0.0472, 0.317 -1.1813 0.0472, 0.2996 -1.1813 0.0472, 0.2996 -1.0891 0.0472, 0.3164 -1.0891 0.0472, 0.3288 -1.0903 0.0472, 0.3388 -1.0934 0.0472, 0.3468 -1.0981 0.0472, 0.3534 -1.1047 0.0472, 0.3584 -1.1127 0.0472, 0.3615 -1.1221 0.0472, 0.3164 -1.0891 0.0394, 0.2996 -1.0891 0.0394, 0.363 -1.1363 0.0394, 0.3615 -1.1221 0.0394, 0.3584 -1.1127 0.0394, 0.3534 -1.1047 0.0394, 0.3468 -1.0981 0.0394, 0.3388 -1.0934 0.0394, 0.3288 -1.0903 0.0394, 0.317 -1.1813 0.0394, 0.3311 -1.1798 0.0394, 0.3408 -1.1763 0.0394, 0.3494 -1.1708 0.0394, 0.3552 -1.1647 0.0394, 0.3592 -1.1574 0.0394, 0.362 -1.1481 0.0394, 0.2996 -1.1813 0.0394, 0.1973 -1.1943 0.0472, 0.1973 -1.1943 0.0394, 0.1973 -1.0761 0.0472, 0.1973 -1.0761 0.0394, 0.2578 -1.1943 0.0472, 0.2578 -1.1943 0.0394, 0.2578 -1.1813 0.0472, 0.2578 -1.1813 0.0394, 0.2132 -1.1813 0.0472, 0.2132 -1.1813 0.0394, 0.2132 -1.1424 0.0472, 0.2132 -1.1424 0.0394, 0.2549 -1.1424 0.0472, 0.2549 -1.1424 0.0394, 0.2549 -1.1294 0.0472, 0.2549 -1.1294 0.0394, 0.2132 -1.1294 0.0472, 0.2132 -1.1294 0.0394, 0.2132 -1.0891 0.0472, 0.2132 -1.0891 0.0394, 0.2607 -1.0891 0.0472, 0.2607 -1.0891 0.0394, 0.2607 -1.0761 0.0472, 0.2607 -1.0761 0.0394, 0.0864 -1.133 0.0472, 0.0864 -1.133 0.0394, 0.0876 -1.1192 0.0394, 0.0876 -1.1192 0.0472, 0.0912 -1.1065 0.0394, 0.0912 -1.1065 0.0472, 0.0975 -1.0954 0.0394, 0.0975 -1.0954 0.0472, 0.1062 -1.0863 0.0394, 0.1062 -1.0863 0.0472, 0.1158 -1.0801 0.0394, 0.1158 -1.0801 0.0472, 0.1273 -1.0762 0.0394, 0.1273 -1.0762 0.0472, 0.1418 -1.0747 0.0394, 0.1418 -1.0747 0.0472, 0.1465 -1.1957 0.0472, 0.1465 -1.1957 0.0394, 0.134 -1.1946 0.0394, 0.134 -1.1946 0.0472, 0.1211 -1.1907 0.0394, 0.1211 -1.1907 0.0472, 0.11 -1.1843 0.0394, 0.11 -1.1843 0.0472, 0.0997 -1.1744 0.0394, 0.0997 -1.1744 0.0472, 0.0927 -1.1632 0.0394, 0.0927 -1.1632 0.0472, 0.0881 -1.1497 0.0394, 0.0881 -1.1497 0.0472, 0.1743 -1.191 0.0472, 0.1743 -1.191 0.0394, 0.1606 -1.1947 0.0394, 0.1606 -1.1947 0.0472, 0.1743 -1.1752 0.0472, 0.1743 -1.1752 0.0394, 0.1466 -1.1827 0.0472, 0.1466 -1.1827 0.0394, 0.161 -1.1809 0.0394, 0.161 -1.1809 0.0472, 0.1023 -1.1339 0.0472, 0.1023 -1.1339 0.0394, 0.1028 -1.1428 0.0394, 0.1028 -1.1428 0.0472, 0.1059 -1.1556 0.0394, 0.1059 -1.1556 0.0472, 0.1107 -1.1647 0.0394, 0.1107 -1.1647 0.0472, 0.1178 -1.1726 0.0394, 0.1178 -1.1726 0.0472, 0.1262 -1.1782 0.0394, 0.1262 -1.1782 0.0472, 0.135 -1.1814 0.0394, 0.135 -1.1814 0.0472, 0.144 -1.0877 0.0472, 0.144 -1.0877 0.0394, 0.133 -1.0889 0.0394, 0.133 -1.0889 0.0472, 0.1243 -1.0921 0.0394, 0.1243 -1.0921 0.0472, 0.1171 -1.097 0.0394, 0.1171 -1.097 0.0472, 0.1116 -1.1028 0.0394, 0.1116 -1.1028 0.0472, 0.1067 -1.111 0.0394, 0.1067 -1.111 0.0472, 0.1035 -1.1212 0.0394, 0.1035 -1.1212 0.0472, 0.1743 -1.0952 0.0472, 0.1743 -1.0952 0.0394, 0.1722 -1.0941 0.0394, 0.1722 -1.0941 0.0472, 0.1596 -1.0894 0.0394, 0.1596 -1.0894 0.0472, 0.1743 -1.0823 0.0472, 0.1743 -1.0823 0.0394, 0.145 -1.0748 0.0394, 0.145 -1.0748 0.0472, 0.1617 -1.0771 0.0394, 0.1617 -1.0771 0.0472, 0.0158 -1.1943 0.0472, 0.0158 -1.1943 0.0394, 0.0158 -1.0761 0.0472, 0.0158 -1.0761 0.0394, 0.0317 -1.1943 0.0472, 0.0317 -1.1943 0.0394, 0.0317 -1.0891 0.0472, 0.0317 -1.0891 0.0394, 0.0763 -1.0891 0.0472, 0.0763 -1.0891 0.0394, 0.0763 -1.0761 0.0472, 0.0763 -1.0761 0.0394, 0.0763 -1.0761 0.0394
            ]
        }
        coordIndex [
            0,1,2,-1,0,2,3,-1,1,0,4,-1,4,0,5,-1,4,5,6,-1,6,5,7,-1,6,7,8,-1,8,7,9,-1,8,9,10,-1,10,9,11,-1,10,11,12,-1,12,11,13,-1,12,13,14,-1,14,13,15,-1,14,15,16,-1,16,15,17,-1,16,17,18,-1,18,17,19,-1,19,17,20,-1,19,20,21,-1,21,20,22,-1,22,20,23,-1,22,23,24,-1,24,23,25,-1,25,23,26,-1,25,26,27,-1,27,26,28,-1,28,26,29,-1,28,29,30,-1,30,29,31,-1,31,29,32,-1,31,32,33,-1,33,32,34,-1,34,32,35,-1,34,35,36,-1,36,35,37,-1,36,37,38,-1,38,37,39,-1,38,39,40,-1,40,39,41,-1,40,41,42,-1,42,41,43,-1,42,43,44,-1,44,43,45,-1,44,45,46,-1,46,45,47,-1,46,47,48,-1,49,50,51,-1,51,52,49,-1,49,52,53,-1,49,53,47,-1,47,53,54,-1,47,54,48,-1,2,55,3,-1,3,55,56,-1,3,56,57,-1,57,56,58,-1,57,58,50,-1,50,58,59,-1,50,59,51,-1,60,61,62,-1,62,61,63,-1,62,63,64,-1,64,63,65,-1,64,65,66,-1,66,65,67,-1,66,67,68,-1,68,67,69,-1,68,69,70,-1,70,69,71,-1,70,71,72,-1,72,71,73,-1,72,73,74,-1,74,73,75,-1,74,75,76,-1,76,75,77,-1,76,77,78,-1,78,77,79,-1,78,79,80,-1,80,79,81,-1,80,81,82,-1,82,81,83,-1,82,83,84,-1,84,83,85,-1,84,85,86,-1,86,85,87,-1,86,87,88,-1,88,87,89,-1,88,89,90,-1,90,89,91,-1,90,91,92,-1,92,91,93,-1,92,93,94,-1,94,93,95,-1,94,95,96,-1,96,95,97,-1,96,97,98,-1,98,97,99,-1,98,99,100,-1,100,99,101,-1,100,101,102,-1,102,101,103,-1,102,103,104,-1,104,103,105,-1,104,105,106,-1,106,105,107,-1,106,107,60,-1,60,107,61,-1,61,108,63,-1,63,108,109,-1,63,109,65,-1,65,109,110,-1,65,110,67,-1,67,110,111,-1,67,111,69,-1,69,111,112,-1,69,112,71,-1,71,112,113,-1,71,113,73,-1,73,113,114,-1,73,114,75,-1,75,114,115,-1,75,115,77,-1,77,115,116,-1,77,116,79,-1,79,116,117,-1,79,117,81,-1,81,117,118,-1,81,118,83,-1,83,118,119,-1,83,119,85,-1,85,119,120,-1,85,120,87,-1,87,120,121,-1,87,121,89,-1,89,121,122,-1,89,122,91,-1,91,122,123,-1,91,123,93,-1,93,123,124,-1,93,124,95,-1,95,124,125,-1,95,125,97,-1,97,125,126,-1,97,126,99,-1,99,126,127,-1,99,127,101,-1,101,127,128,-1,101,128,103,-1,103,128,129,-1,103,129,105,-1,105,129,130,-1,105,130,107,-1,107,130,131,-1,107,131,61,-1,61,131,108,-1,108,132,109,-1,109,132,133,-1,109,133,110,-1,110,133,134,-1,110,134,111,-1,111,134,135,-1,111,135,112,-1,112,135,136,-1,112,136,113,-1,113,136,137,-1,113,137,114,-1,114,137,138,-1,114,138,115,-1,115,138,139,-1,115,139,116,-1,116,139,140,-1,116,140,117,-1,117,140,141,-1,117,141,118,-1,118,141,142,-1,118,142,119,-1,119,142,143,-1,119,143,120,-1,120,143,144,-1,120,144,121,-1,121,144,145,-1,121,145,122,-1,122,145,146,-1,122,146,123,-1,123,146,147,-1,123,147,124,-1,124,147,148,-1,124,148,125,-1,125,148,149,-1,125,149,126,-1,126,149,150,-1,126,150,127,-1,127,150,151,-1,127,151,128,-1,128,151,152,-1,128,152,129,-1,129,152,153,-1,129,153,130,-1,130,153,154,-1,130,154,131,-1,131,154,155,-1,131,155,108,-1,108,155,132,-1,132,156,133,-1,133,156,157,-1,133,157,134,-1,134,157,158,-1,134,158,135,-1,135,158,159,-1,135,159,136,-1,136,159,160,-1,136,160,137,-1,137,160,161,-1,137,161,138,-1,138,161,162,-1,138,162,139,-1,139,162,163,-1,139,163,140,-1,140,163,164,-1,140,164,141,-1,141,164,165,-1,141,165,142,-1,142,165,166,-1,142,166,143,-1,143,166,167,-1,143,167,144,-1,144,167,168,-1,144,168,145,-1,145,168,169,-1,145,169,146,-1,146,169,170,-1,146,170,147,-1,147,170,171,-1,147,171,148,-1,148,171,172,-1,148,172,149,-1,149,172,173,-1,149,173,150,-1,150,173,174,-1,150,174,151,-1,151,174,175,-1,151,175,152,-1,152,175,176,-1,152,176,153,-1,153,176,177,-1,153,177,154,-1,154,177,178,-1,154,178,155,-1,155,178,179,-1,155,179,132,-1,132,179,156,-1,156,57,157,-1,157,57,50,-1,157,50,158,-1,158,50,49,-1,158,49,159,-1,159,49,47,-1,159,47,160,-1,160,47,45,-1,160,45,161,-1,161,45,43,-1,161,43,162,-1,162,43,41,-1,162,41,163,-1,163,41,39,-1,163,39,164,-1,164,39,37,-1,164,37,165,-1,165,37,35,-1,165,35,166,-1,166,35,32,-1,166,32,167,-1,167,32,29,-1,167,29,168,-1,168,29,26,-1,168,26,169,-1,169,26,23,-1,169,23,170,-1,170,23,20,-1,170,20,171,-1,171,20,17,-1,171,17,172,-1,172,17,15,-1,172,15,173,-1,173,15,13,-1,173,13,174,-1,174,13,11,-1,174,11,175,-1,175,11,9,-1,175,9,176,-1,176,9,7,-1,176,7,177,-1,177,7,5,-1,177,5,178,-1,178,5,0,-1,178,0,179,-1,179,0,3,-1,179,3,156,-1,156,3,57,-1,180,98,181,-1,181,98,100,-1,181,100,182,-1,182,100,102,-1,182,102,183,-1,183,102,104,-1,183,104,184,-1,184,104,106,-1,184,106,185,-1,185,106,60,-1,185,60,186,-1,186,60,62,-1,186,62,187,-1,187,62,64,-1,187,64,188,-1,188,64,66,-1,188,66,189,-1,189,66,68,-1,189,68,190,-1,190,68,70,-1,190,70,191,-1,191,70,72,-1,191,72,192,-1,192,72,74,-1,192,74,193,-1,193,74,76,-1,193,76,194,-1,194,76,78,-1,194,78,195,-1,195,78,80,-1,195,80,196,-1,196,80,82,-1,196,82,197,-1,197,82,84,-1,197,84,198,-1,198,84,86,-1,198,86,199,-1,199,86,88,-1,199,88,200,-1,200,88,90,-1,200,90,201,-1,201,90,92,-1,201,92,202,-1,202,92,94,-1,202,94,203,-1,203,94,96,-1,203,96,180,-1,180,96,98,-1,204,205,206,-1,206,205,207,-1,206,207,208,-1,208,207,209,-1,208,209,210,-1,210,209,211,-1,212,213,204,-1,204,213,214,-1,204,214,205,-1,215,216,212,-1,212,216,217,-1,212,217,213,-1,218,219,215,-1,215,219,220,-1,215,220,216,-1,221,222,218,-1,218,222,223,-1,218,223,219,-1,224,225,226,-1,226,225,227,-1,226,227,228,-1,228,227,229,-1,228,229,230,-1,230,229,231,-1,230,231,232,-1,232,231,233,-1,232,233,221,-1,221,233,234,-1,221,234,222,-1,211,224,226,-1,211,226,210,-1,210,226,228,-1,210,228,230,-1,218,215,212,-1,230,232,210,-1,210,232,221,-1,210,221,208,-1,208,221,206,-1,218,212,221,-1,221,212,204,-1,221,204,206,-1,235,236,237,-1,237,236,238,-1,237,238,239,-1,239,238,240,-1,239,240,241,-1,241,240,242,-1,241,242,243,-1,243,242,244,-1,243,244,245,-1,245,244,246,-1,245,246,247,-1,247,246,248,-1,247,248,249,-1,249,248,250,-1,249,250,251,-1,251,250,252,-1,251,252,253,-1,253,252,254,-1,253,254,255,-1,255,254,256,-1,255,256,257,-1,257,256,258,-1,257,258,259,-1,259,258,260,-1,259,260,261,-1,261,260,262,-1,261,262,263,-1,263,262,264,-1,263,264,265,-1,265,264,266,-1,265,266,267,-1,267,266,268,-1,267,268,269,-1,269,268,270,-1,269,270,271,-1,271,270,272,-1,271,272,273,-1,273,272,274,-1,273,274,275,-1,275,274,276,-1,275,276,277,-1,277,276,278,-1,277,278,279,-1,279,278,280,-1,279,280,281,-1,281,280,282,-1,281,282,235,-1,235,282,236,-1,279,281,283,-1,283,281,235,-1,283,235,237,-1,273,275,283,-1,283,275,277,-1,283,277,279,-1,267,269,283,-1,283,269,271,-1,283,271,273,-1,261,263,283,-1,283,263,265,-1,283,265,267,-1,255,257,283,-1,283,257,259,-1,283,259,261,-1,249,251,283,-1,283,251,253,-1,283,253,255,-1,243,245,283,-1,283,245,247,-1,283,247,249,-1,237,239,283,-1,283,239,241,-1,283,241,243,-1,284,285,286,-1,287,288,289,-1,289,288,290,-1,291,292,289,-1,289,292,293,-1,289,293,287,-1,294,295,291,-1,291,295,296,-1,291,296,292,-1,297,298,299,-1,299,298,300,-1,299,300,294,-1,294,300,301,-1,294,301,295,-1,302,303,304,-1,304,303,305,-1,304,305,299,-1,299,305,306,-1,299,306,297,-1,307,308,302,-1,302,308,309,-1,302,309,303,-1,310,311,312,-1,312,311,313,-1,312,313,307,-1,307,313,314,-1,307,314,308,-1,310,312,315,-1,315,312,316,-1,315,316,317,-1,317,316,318,-1,317,318,319,-1,286,285,318,-1,318,285,320,-1,318,320,319,-1,321,322,323,-1,323,322,324,-1,323,324,286,-1,286,324,325,-1,286,325,284,-1,326,327,328,-1,328,327,329,-1,328,329,330,-1,331,332,333,-1,333,332,334,-1,333,334,329,-1,329,334,335,-1,329,335,330,-1,331,333,336,-1,336,333,337,-1,336,337,338,-1,338,337,339,-1,338,339,340,-1,340,339,341,-1,341,339,342,-1,341,342,343,-1,343,342,344,-1,344,342,345,-1,344,345,346,-1,347,348,349,-1,349,348,350,-1,349,350,351,-1,352,353,350,-1,350,353,354,-1,350,354,351,-1,355,356,352,-1,352,356,357,-1,352,357,353,-1,358,359,360,-1,360,359,361,-1,360,361,355,-1,355,361,362,-1,355,362,356,-1,358,360,363,-1,363,360,364,-1,363,364,365,-1,288,366,290,-1,290,366,367,-1,290,367,364,-1,364,367,368,-1,364,368,365,-1,347,346,348,-1,348,346,345,-1,348,345,350,-1,350,345,369,-1,350,369,352,-1,352,369,370,-1,352,370,355,-1,355,370,371,-1,355,371,360,-1,360,371,372,-1,360,372,364,-1,364,372,373,-1,364,373,290,-1,290,373,374,-1,290,374,289,-1,289,374,375,-1,289,375,291,-1,291,375,376,-1,291,376,294,-1,294,376,377,-1,294,377,299,-1,299,377,378,-1,299,378,304,-1,304,378,379,-1,304,379,302,-1,302,379,380,-1,302,380,307,-1,307,380,381,-1,307,381,312,-1,312,381,382,-1,312,382,316,-1,316,382,383,-1,316,383,318,-1,318,383,384,-1,318,384,286,-1,286,384,385,-1,286,385,323,-1,323,385,327,-1,323,327,321,-1,321,327,326,-1,337,386,339,-1,339,386,387,-1,339,387,342,-1,342,387,388,-1,342,388,345,-1,345,388,389,-1,345,389,369,-1,369,389,390,-1,369,390,370,-1,370,390,391,-1,370,391,371,-1,371,391,392,-1,371,392,372,-1,372,392,393,-1,372,393,373,-1,373,393,394,-1,373,394,374,-1,374,394,395,-1,374,395,375,-1,375,395,396,-1,375,396,376,-1,376,396,397,-1,376,397,377,-1,377,397,398,-1,377,398,378,-1,378,398,399,-1,378,399,379,-1,379,399,400,-1,379,400,380,-1,380,400,401,-1,380,401,381,-1,381,401,402,-1,381,402,382,-1,382,402,403,-1,382,403,383,-1,383,403,404,-1,383,404,384,-1,384,404,405,-1,384,405,385,-1,385,405,406,-1,385,406,327,-1,327,406,407,-1,327,407,329,-1,329,407,408,-1,329,408,333,-1,333,408,409,-1,333,409,337,-1,337,409,386,-1,408,410,411,-1,408,411,409,-1,410,408,412,-1,412,408,407,-1,412,407,413,-1,413,407,406,-1,413,406,414,-1,414,406,405,-1,414,405,415,-1,415,405,404,-1,415,404,416,-1,416,404,403,-1,416,403,417,-1,417,403,402,-1,417,402,418,-1,418,402,401,-1,418,401,419,-1,419,401,420,-1,420,401,400,-1,420,400,421,-1,421,400,422,-1,422,400,399,-1,422,399,423,-1,423,399,424,-1,424,399,398,-1,424,398,425,-1,425,398,426,-1,426,398,397,-1,426,397,427,-1,427,397,428,-1,428,397,396,-1,428,396,429,-1,429,396,430,-1,430,396,395,-1,430,395,431,-1,431,395,394,-1,431,394,432,-1,432,394,393,-1,432,393,433,-1,433,393,392,-1,433,392,434,-1,434,392,391,-1,434,391,435,-1,435,391,390,-1,435,390,436,-1,436,390,389,-1,436,389,437,-1,388,387,438,-1,438,439,388,-1,388,439,440,-1,388,440,389,-1,389,440,441,-1,389,441,437,-1,411,442,409,-1,409,442,443,-1,409,443,386,-1,386,443,444,-1,386,444,387,-1,387,444,445,-1,387,445,438,-1,446,447,448,-1,448,447,449,-1,448,449,450,-1,450,449,451,-1,450,451,452,-1,452,451,453,-1,452,453,454,-1,454,453,455,-1,454,455,456,-1,456,455,457,-1,456,457,458,-1,458,457,459,-1,458,459,460,-1,460,459,461,-1,460,461,462,-1,462,461,463,-1,462,463,464,-1,464,463,465,-1,464,465,466,-1,466,465,467,-1,466,467,468,-1,468,467,469,-1,468,469,470,-1,470,469,471,-1,470,471,472,-1,472,471,473,-1,472,473,474,-1,474,473,475,-1,474,475,476,-1,476,475,477,-1,476,477,478,-1,478,477,479,-1,478,479,480,-1,480,479,481,-1,480,481,482,-1,482,481,483,-1,482,483,484,-1,484,483,485,-1,484,485,486,-1,486,485,487,-1,486,487,488,-1,488,487,489,-1,488,489,490,-1,490,489,491,-1,490,491,492,-1,492,491,493,-1,492,493,446,-1,446,493,447,-1,454,456,494,-1,494,456,458,-1,494,458,460,-1,448,450,494,-1,494,450,452,-1,494,452,454,-1,490,492,494,-1,494,492,446,-1,494,446,448,-1,484,486,494,-1,494,486,488,-1,494,488,490,-1,478,480,494,-1,494,480,482,-1,494,482,484,-1,472,474,494,-1,494,474,476,-1,494,476,478,-1,466,468,494,-1,494,468,470,-1,494,470,472,-1,460,462,494,-1,494,462,464,-1,494,464,466,-1,495,496,497,-1,498,499,497,-1,500,501,502,-1,501,503,502,-1,502,503,504,-1,502,504,505,-1,499,506,497,-1,497,506,507,-1,497,507,495,-1,500,502,497,-1,497,502,508,-1,497,508,498,-1,498,509,499,-1,499,509,510,-1,499,510,506,-1,506,510,511,-1,506,511,507,-1,507,511,495,-1,508,512,498,-1,498,512,513,-1,498,513,509,-1,502,514,508,-1,508,514,515,-1,508,515,512,-1,505,516,502,-1,502,516,517,-1,502,517,514,-1,504,518,505,-1,505,518,519,-1,505,519,516,-1,496,520,497,-1,497,520,521,-1,497,521,500,-1,500,521,522,-1,500,522,501,-1,501,522,523,-1,501,523,503,-1,503,523,524,-1,503,524,504,-1,504,524,525,-1,504,525,518,-1,526,527,528,-1,526,528,529,-1,527,526,530,-1,530,526,531,-1,530,531,532,-1,532,531,533,-1,532,533,534,-1,534,533,535,-1,534,535,536,-1,536,535,537,-1,536,537,538,-1,538,537,539,-1,538,539,540,-1,540,539,541,-1,540,541,542,-1,542,541,543,-1,542,543,544,-1,544,543,545,-1,545,543,546,-1,545,546,547,-1,547,546,548,-1,548,546,549,-1,548,549,550,-1,550,549,551,-1,551,549,552,-1,551,552,553,-1,553,552,554,-1,554,552,555,-1,554,555,556,-1,556,555,557,-1,557,555,558,-1,557,558,559,-1,559,558,560,-1,560,558,561,-1,560,561,562,-1,562,561,563,-1,562,563,564,-1,564,563,565,-1,564,565,566,-1,566,565,567,-1,566,567,568,-1,568,567,569,-1,568,569,570,-1,570,569,571,-1,570,571,572,-1,572,571,573,-1,572,573,574,-1,575,576,577,-1,577,578,575,-1,575,578,579,-1,575,579,573,-1,573,579,580,-1,573,580,574,-1,528,581,529,-1,529,581,582,-1,529,582,583,-1,583,582,584,-1,583,584,576,-1,576,584,585,-1,576,585,577,-1,586,587,588,-1,588,587,589,-1,588,589,590,-1,590,589,591,-1,590,591,592,-1,592,591,593,-1,592,593,594,-1,594,593,595,-1,594,595,596,-1,596,595,597,-1,596,597,598,-1,598,597,599,-1,598,599,600,-1,600,599,601,-1,600,601,602,-1,602,601,603,-1,602,603,604,-1,604,603,605,-1,604,605,606,-1,606,605,607,-1,606,607,608,-1,608,607,609,-1,608,609,610,-1,610,609,611,-1,610,611,612,-1,612,611,613,-1,612,613,614,-1,614,613,615,-1,614,615,616,-1,616,615,617,-1,616,617,618,-1,618,617,619,-1,618,619,620,-1,620,619,621,-1,620,621,622,-1,622,621,623,-1,622,623,624,-1,624,623,625,-1,624,625,626,-1,626,625,627,-1,626,627,628,-1,628,627,629,-1,628,629,630,-1,630,629,631,-1,630,631,632,-1,632,631,633,-1,632,633,586,-1,586,633,587,-1,587,634,589,-1,589,634,635,-1,589,635,591,-1,591,635,636,-1,591,636,593,-1,593,636,637,-1,593,637,595,-1,595,637,638,-1,595,638,597,-1,597,638,639,-1,597,639,599,-1,599,639,640,-1,599,640,601,-1,601,640,641,-1,601,641,603,-1,603,641,642,-1,603,642,605,-1,605,642,643,-1,605,643,607,-1,607,643,644,-1,607,644,609,-1,609,644,645,-1,609,645,611,-1,611,645,646,-1,611,646,613,-1,613,646,647,-1,613,647,615,-1,615,647,648,-1,615,648,617,-1,617,648,649,-1,617,649,619,-1,619,649,650,-1,619,650,621,-1,621,650,651,-1,621,651,623,-1,623,651,652,-1,623,652,625,-1,625,652,653,-1,625,653,627,-1,627,653,654,-1,627,654,629,-1,629,654,655,-1,629,655,631,-1,631,655,656,-1,631,656,633,-1,633,656,657,-1,633,657,587,-1,587,657,634,-1,634,658,635,-1,635,658,659,-1,635,659,636,-1,636,659,660,-1,636,660,637,-1,637,660,661,-1,637,661,638,-1,638,661,662,-1,638,662,639,-1,639,662,663,-1,639,663,640,-1,640,663,664,-1,640,664,641,-1,641,664,665,-1,641,665,642,-1,642,665,666,-1,642,666,643,-1,643,666,667,-1,643,667,644,-1,644,667,668,-1,644,668,645,-1,645,668,669,-1,645,669,646,-1,646,669,670,-1,646,670,647,-1,647,670,671,-1,647,671,648,-1,648,671,672,-1,648,672,649,-1,649,672,673,-1,649,673,650,-1,650,673,674,-1,650,674,651,-1,651,674,675,-1,651,675,652,-1,652,675,676,-1,652,676,653,-1,653,676,677,-1,653,677,654,-1,654,677,678,-1,654,678,655,-1,655,678,679,-1,655,679,656,-1,656,679,680,-1,656,680,657,-1,657,680,681,-1,657,681,634,-1,634,681,658,-1,658,682,659,-1,659,682,683,-1,659,683,660,-1,660,683,684,-1,660,684,661,-1,661,684,685,-1,661,685,662,-1,662,685,686,-1,662,686,663,-1,663,686,687,-1,663,687,664,-1,664,687,688,-1,664,688,665,-1,665,688,689,-1,665,689,666,-1,666,689,690,-1,666,690,667,-1,667,690,691,-1,667,691,668,-1,668,691,692,-1,668,692,669,-1,669,692,693,-1,669,693,670,-1,670,693,694,-1,670,694,671,-1,671,694,695,-1,671,695,672,-1,672,695,696,-1,672,696,673,-1,673,696,697,-1,673,697,674,-1,674,697,698,-1,674,698,675,-1,675,698,699,-1,675,699,676,-1,676,699,700,-1,676,700,677,-1,677,700,701,-1,677,701,678,-1,678,701,702,-1,678,702,679,-1,679,702,703,-1,679,703,680,-1,680,703,704,-1,680,704,681,-1,681,704,705,-1,681,705,658,-1,658,705,682,-1,682,583,683,-1,683,583,576,-1,683,576,684,-1,684,576,575,-1,684,575,685,-1,685,575,573,-1,685,573,686,-1,686,573,571,-1,686,571,687,-1,687,571,569,-1,687,569,688,-1,688,569,567,-1,688,567,689,-1,689,567,565,-1,689,565,690,-1,690,565,563,-1,690,563,691,-1,691,563,561,-1,691,561,692,-1,692,561,558,-1,692,558,693,-1,693,558,555,-1,693,555,694,-1,694,555,552,-1,694,552,695,-1,695,552,549,-1,695,549,696,-1,696,549,546,-1,696,546,697,-1,697,546,543,-1,697,543,698,-1,698,543,541,-1,698,541,699,-1,699,541,539,-1,699,539,700,-1,700,539,537,-1,700,537,701,-1,701,537,535,-1,701,535,702,-1,702,535,533,-1,702,533,703,-1,703,533,531,-1,703,531,704,-1,704,531,526,-1,704,526,705,-1,705,526,529,-1,705,529,682,-1,682,529,583,-1,706,624,707,-1,707,624,626,-1,707,626,708,-1,708,626,628,-1,708,628,709,-1,709,628,630,-1,709,630,710,-1,710,630,632,-1,710,632,711,-1,711,632,586,-1,711,586,712,-1,712,586,588,-1,712,588,713,-1,713,588,590,-1,713,590,714,-1,714,590,592,-1,714,592,715,-1,715,592,594,-1,715,594,716,-1,716,594,596,-1,716,596,717,-1,717,596,598,-1,717,598,718,-1,718,598,600,-1,718,600,719,-1,719,600,602,-1,719,602,720,-1,720,602,604,-1,720,604,721,-1,721,604,606,-1,721,606,722,-1,722,606,608,-1,722,608,723,-1,723,608,610,-1,723,610,724,-1,724,610,612,-1,724,612,725,-1,725,612,614,-1,725,614,726,-1,726,614,616,-1,726,616,727,-1,727,616,618,-1,727,618,728,-1,728,618,620,-1,728,620,729,-1,729,620,622,-1,729,622,706,-1,706,622,624,-1,730,731,732,-1,732,731,733,-1,732,733,734,-1,735,736,732,-1,732,736,737,-1,732,737,730,-1,738,739,732,-1,732,739,740,-1,732,740,735,-1,741,742,732,-1,732,742,743,-1,732,743,738,-1,744,745,732,-1,732,745,746,-1,732,746,741,-1,747,748,732,-1,732,748,749,-1,732,749,744,-1,750,751,732,-1,732,751,752,-1,732,752,747,-1,734,753,732,-1,732,753,754,-1,732,754,750,-1,747,755,748,-1,748,755,756,-1,748,756,749,-1,749,756,757,-1,749,757,744,-1,744,757,758,-1,744,758,745,-1,745,758,759,-1,745,759,746,-1,746,759,760,-1,746,760,741,-1,741,760,761,-1,741,761,742,-1,742,761,762,-1,742,762,743,-1,743,762,763,-1,743,763,738,-1,738,763,764,-1,738,764,739,-1,739,764,765,-1,739,765,740,-1,766,767,747,-1,747,767,768,-1,747,768,755,-1,765,769,740,-1,740,769,770,-1,740,770,735,-1,735,770,771,-1,735,771,736,-1,736,771,772,-1,736,772,737,-1,737,772,773,-1,737,773,730,-1,730,773,774,-1,730,774,731,-1,731,774,775,-1,731,775,733,-1,733,775,776,-1,733,776,734,-1,734,776,777,-1,734,777,753,-1,753,777,778,-1,753,778,754,-1,754,778,779,-1,754,779,750,-1,750,779,780,-1,750,780,751,-1,751,780,766,-1,751,766,752,-1,752,766,747,-1,781,782,783,-1,781,783,784,-1,784,783,785,-1,784,785,786,-1,786,787,784,-1,784,787,788,-1,784,788,789,-1,790,788,791,-1,791,788,792,-1,790,793,788,-1,788,793,794,-1,788,794,789,-1,793,795,794,-1,794,795,796,-1,794,796,789,-1,789,796,797,-1,789,797,784,-1,784,797,781,-1,790,798,793,-1,793,798,799,-1,793,799,795,-1,791,800,790,-1,790,800,801,-1,790,801,798,-1,792,802,791,-1,791,802,803,-1,791,803,800,-1,788,804,792,-1,792,804,805,-1,792,805,802,-1,782,806,783,-1,783,806,807,-1,783,807,785,-1,785,807,808,-1,785,808,786,-1,786,808,809,-1,786,809,787,-1,787,809,810,-1,787,810,788,-1,788,810,811,-1,788,811,804,-1,812,813,814,-1,812,814,815,-1,813,812,816,-1,816,812,817,-1,816,817,818,-1,818,817,819,-1,818,819,820,-1,820,819,821,-1,820,821,822,-1,822,821,823,-1,822,823,824,-1,824,823,825,-1,824,825,826,-1,826,825,827,-1,826,827,828,-1,828,827,829,-1,828,829,830,-1,830,829,831,-1,831,829,832,-1,831,832,833,-1,833,832,834,-1,834,832,835,-1,834,835,836,-1,836,835,837,-1,837,835,838,-1,837,838,839,-1,839,838,840,-1,840,838,841,-1,840,841,842,-1,842,841,843,-1,843,841,844,-1,843,844,845,-1,845,844,846,-1,846,844,847,-1,846,847,848,-1,848,847,849,-1,848,849,850,-1,850,849,851,-1,850,851,852,-1,852,851,853,-1,852,853,854,-1,854,853,855,-1,854,855,856,-1,856,855,857,-1,856,857,858,-1,858,857,859,-1,858,859,860,-1,861,862,863,-1,863,864,861,-1,861,864,865,-1,861,865,859,-1,859,865,866,-1,859,866,860,-1,814,867,815,-1,815,867,868,-1,815,868,869,-1,869,868,870,-1,869,870,862,-1,862,870,871,-1,862,871,863,-1,872,873,874,-1,874,873,875,-1,874,875,876,-1,876,875,877,-1,876,877,878,-1,878,877,879,-1,878,879,880,-1,880,879,881,-1,880,881,882,-1,882,881,883,-1,882,883,884,-1,884,883,885,-1,884,885,886,-1,886,885,887,-1,886,887,888,-1,888,887,889,-1,888,889,890,-1,890,889,891,-1,890,891,892,-1,892,891,893,-1,892,893,894,-1,894,893,895,-1,894,895,896,-1,896,895,897,-1,896,897,898,-1,898,897,899,-1,898,899,900,-1,900,899,901,-1,900,901,902,-1,902,901,903,-1,902,903,904,-1,904,903,905,-1,904,905,906,-1,906,905,907,-1,906,907,908,-1,908,907,909,-1,908,909,910,-1,910,909,911,-1,910,911,912,-1,912,911,913,-1,912,913,914,-1,914,913,915,-1,914,915,916,-1,916,915,917,-1,916,917,918,-1,918,917,919,-1,918,919,872,-1,872,919,873,-1,873,920,875,-1,875,920,921,-1,875,921,877,-1,877,921,922,-1,877,922,879,-1,879,922,923,-1,879,923,881,-1,881,923,924,-1,881,924,883,-1,883,924,925,-1,883,925,885,-1,885,925,926,-1,885,926,887,-1,887,926,927,-1,887,927,889,-1,889,927,928,-1,889,928,891,-1,891,928,929,-1,891,929,893,-1,893,929,930,-1,893,930,895,-1,895,930,931,-1,895,931,897,-1,897,931,932,-1,897,932,899,-1,899,932,933,-1,899,933,901,-1,901,933,934,-1,901,934,903,-1,903,934,935,-1,903,935,905,-1,905,935,936,-1,905,936,907,-1,907,936,937,-1,907,937,909,-1,909,937,938,-1,909,938,911,-1,911,938,939,-1,911,939,913,-1,913,939,940,-1,913,940,915,-1,915,940,941,-1,915,941,917,-1,917,941,942,-1,917,942,919,-1,919,942,943,-1,919,943,873,-1,873,943,920,-1,920,944,921,-1,921,944,945,-1,921,945,922,-1,922,945,946,-1,922,946,923,-1,923,946,947,-1,923,947,924,-1,924,947,948,-1,924,948,925,-1,925,948,949,-1,925,949,926,-1,926,949,950,-1,926,950,927,-1,927,950,951,-1,927,951,928,-1,928,951,952,-1,928,952,929,-1,929,952,953,-1,929,953,930,-1,930,953,954,-1,930,954,931,-1,931,954,955,-1,931,955,932,-1,932,955,956,-1,932,956,933,-1,933,956,957,-1,933,957,934,-1,934,957,958,-1,934,958,935,-1,935,958,959,-1,935,959,936,-1,936,959,960,-1,936,960,937,-1,937,960,961,-1,937,961,938,-1,938,961,962,-1,938,962,939,-1,939,962,963,-1,939,963,940,-1,940,963,964,-1,940,964,941,-1,941,964,965,-1,941,965,942,-1,942,965,966,-1,942,966,943,-1,943,966,967,-1,943,967,920,-1,920,967,944,-1,944,968,945,-1,945,968,969,-1,945,969,946,-1,946,969,970,-1,946,970,947,-1,947,970,971,-1,947,971,948,-1,948,971,972,-1,948,972,949,-1,949,972,973,-1,949,973,950,-1,950,973,974,-1,950,974,951,-1,951,974,975,-1,951,975,952,-1,952,975,976,-1,952,976,953,-1,953,976,977,-1,953,977,954,-1,954,977,978,-1,954,978,955,-1,955,978,979,-1,955,979,956,-1,956,979,980,-1,956,980,957,-1,957,980,981,-1,957,981,958,-1,958,981,982,-1,958,982,959,-1,959,982,983,-1,959,983,960,-1,960,983,984,-1,960,984,961,-1,961,984,985,-1,961,985,962,-1,962,985,986,-1,962,986,963,-1,963,986,987,-1,963,987,964,-1,964,987,988,-1,964,988,965,-1,965,988,989,-1,965,989,966,-1,966,989,990,-1,966,990,967,-1,967,990,991,-1,967,991,944,-1,944,991,968,-1,968,869,969,-1,969,869,862,-1,969,862,970,-1,970,862,861,-1,970,861,971,-1,971,861,859,-1,971,859,972,-1,972,859,857,-1,972,857,973,-1,973,857,855,-1,973,855,974,-1,974,855,853,-1,974,853,975,-1,975,853,851,-1,975,851,976,-1,976,851,849,-1,976,849,977,-1,977,849,847,-1,977,847,978,-1,978,847,844,-1,978,844,979,-1,979,844,841,-1,979,841,980,-1,980,841,838,-1,980,838,981,-1,981,838,835,-1,981,835,982,-1,982,835,832,-1,982,832,983,-1,983,832,829,-1,983,829,984,-1,984,829,827,-1,984,827,985,-1,985,827,825,-1,985,825,986,-1,986,825,823,-1,986,823,987,-1,987,823,821,-1,987,821,988,-1,988,821,819,-1,988,819,989,-1,989,819,817,-1,989,817,990,-1,990,817,812,-1,990,812,991,-1,991,812,815,-1,991,815,968,-1,968,815,869,-1,992,910,993,-1,993,910,912,-1,993,912,994,-1,994,912,914,-1,994,914,995,-1,995,914,916,-1,995,916,996,-1,996,916,918,-1,996,918,997,-1,997,918,872,-1,997,872,998,-1,998,872,874,-1,998,874,999,-1,999,874,876,-1,999,876,1000,-1,1000,876,878,-1,1000,878,1001,-1,1001,878,880,-1,1001,880,1002,-1,1002,880,882,-1,1002,882,1003,-1,1003,882,884,-1,1003,884,1004,-1,1004,884,886,-1,1004,886,1005,-1,1005,886,888,-1,1005,888,1006,-1,1006,888,890,-1,1006,890,1007,-1,1007,890,892,-1,1007,892,1008,-1,1008,892,894,-1,1008,894,1009,-1,1009,894,896,-1,1009,896,1010,-1,1010,896,898,-1,1010,898,1011,-1,1011,898,900,-1,1011,900,1012,-1,1012,900,902,-1,1012,902,1013,-1,1013,902,904,-1,1013,904,1014,-1,1014,904,906,-1,1014,906,1015,-1,1015,906,908,-1,1015,908,992,-1,992,908,910,-1,1016,1017,1018,-1,1018,1017,1019,-1,1018,1019,1020,-1,1021,1022,1018,-1,1018,1022,1023,-1,1018,1023,1016,-1,1024,1025,1018,-1,1018,1025,1026,-1,1018,1026,1021,-1,1027,1028,1018,-1,1018,1028,1029,-1,1018,1029,1024,-1,1030,1031,1018,-1,1018,1031,1032,-1,1018,1032,1027,-1,1033,1034,1018,-1,1018,1034,1035,-1,1018,1035,1030,-1,1036,1037,1018,-1,1018,1037,1038,-1,1018,1038,1033,-1,1020,1039,1018,-1,1018,1039,1040,-1,1018,1040,1036,-1,1019,1041,1020,-1,1020,1041,1042,-1,1020,1042,1039,-1,1039,1042,1043,-1,1039,1043,1040,-1,1040,1043,1044,-1,1040,1044,1036,-1,1036,1044,1045,-1,1036,1045,1037,-1,1037,1045,1046,-1,1037,1046,1038,-1,1038,1046,1047,-1,1038,1047,1033,-1,1033,1047,1048,-1,1033,1048,1034,-1,1034,1048,1049,-1,1034,1049,1035,-1,1035,1049,1050,-1,1035,1050,1030,-1,1030,1050,1051,-1,1030,1051,1031,-1,1031,1051,1052,-1,1031,1052,1032,-1,1032,1052,1053,-1,1032,1053,1027,-1,1027,1053,1054,-1,1027,1054,1028,-1,1028,1054,1055,-1,1028,1055,1029,-1,1029,1055,1056,-1,1029,1056,1024,-1,1024,1056,1057,-1,1024,1057,1025,-1,1025,1057,1058,-1,1025,1058,1026,-1,1026,1058,1059,-1,1026,1059,1021,-1,1021,1059,1060,-1,1021,1060,1022,-1,1022,1060,1061,-1,1022,1061,1023,-1,1023,1061,1062,-1,1023,1062,1016,-1,1016,1062,1063,-1,1016,1063,1017,-1,1017,1063,1064,-1,1017,1064,1019,-1,1019,1064,1041,-1,1065,1066,1067,-1,1067,1066,1068,-1,1067,1069,1065,-1,1065,1069,1070,-1,1065,1070,1071,-1,1071,1072,1065,-1,1065,1072,1073,-1,1065,1073,1074,-1,1074,1073,1075,-1,1076,1077,1073,-1,1073,1077,1078,-1,1073,1078,1075,-1,1078,1079,1075,-1,1075,1079,1080,-1,1075,1080,1074,-1,1074,1080,1081,-1,1074,1081,1065,-1,1065,1081,1066,-1,1077,1082,1078,-1,1078,1082,1083,-1,1078,1083,1079,-1,1076,1084,1077,-1,1077,1084,1085,-1,1077,1085,1082,-1,1073,1086,1076,-1,1076,1086,1087,-1,1076,1087,1084,-1,1072,1088,1073,-1,1073,1088,1089,-1,1073,1089,1086,-1,1068,1090,1067,-1,1067,1090,1091,-1,1067,1091,1069,-1,1069,1091,1092,-1,1069,1092,1070,-1,1070,1092,1093,-1,1070,1093,1071,-1,1071,1093,1094,-1,1071,1094,1072,-1,1072,1094,1095,-1,1072,1095,1088,-1,1096,1097,1098,-1,1096,1098,1099,-1,1097,1096,1100,-1,1100,1096,1101,-1,1100,1101,1102,-1,1102,1101,1103,-1,1102,1103,1104,-1,1104,1103,1105,-1,1104,1105,1106,-1,1106,1105,1107,-1,1106,1107,1108,-1,1108,1107,1109,-1,1108,1109,1110,-1,1110,1109,1111,-1,1110,1111,1112,-1,1112,1111,1113,-1,1112,1113,1114,-1,1114,1113,1115,-1,1115,1113,1116,-1,1115,1116,1117,-1,1117,1116,1118,-1,1118,1116,1119,-1,1118,1119,1120,-1,1120,1119,1121,-1,1121,1119,1122,-1,1121,1122,1123,-1,1123,1122,1124,-1,1124,1122,1125,-1,1124,1125,1126,-1,1126,1125,1127,-1,1127,1125,1128,-1,1127,1128,1129,-1,1129,1128,1130,-1,1130,1128,1131,-1,1130,1131,1132,-1,1132,1131,1133,-1,1132,1133,1134,-1,1134,1133,1135,-1,1134,1135,1136,-1,1136,1135,1137,-1,1136,1137,1138,-1,1138,1137,1139,-1,1138,1139,1140,-1,1140,1139,1141,-1,1140,1141,1142,-1,1142,1141,1143,-1,1142,1143,1144,-1,1145,1146,1147,-1,1147,1148,1145,-1,1145,1148,1149,-1,1145,1149,1143,-1,1143,1149,1150,-1,1143,1150,1144,-1,1098,1151,1099,-1,1099,1151,1152,-1,1099,1152,1153,-1,1153,1152,1154,-1,1153,1154,1146,-1,1146,1154,1155,-1,1146,1155,1147,-1,1156,1157,1158,-1,1158,1157,1159,-1,1158,1159,1160,-1,1160,1159,1161,-1,1160,1161,1162,-1,1162,1161,1163,-1,1162,1163,1164,-1,1164,1163,1165,-1,1164,1165,1166,-1,1166,1165,1167,-1,1166,1167,1168,-1,1168,1167,1169,-1,1168,1169,1170,-1,1170,1169,1171,-1,1170,1171,1172,-1,1172,1171,1173,-1,1172,1173,1174,-1,1174,1173,1175,-1,1174,1175,1176,-1,1176,1175,1177,-1,1176,1177,1178,-1,1178,1177,1179,-1,1178,1179,1180,-1,1180,1179,1181,-1,1180,1181,1182,-1,1182,1181,1183,-1,1182,1183,1184,-1,1184,1183,1185,-1,1184,1185,1186,-1,1186,1185,1187,-1,1186,1187,1188,-1,1188,1187,1189,-1,1188,1189,1190,-1,1190,1189,1191,-1,1190,1191,1192,-1,1192,1191,1193,-1,1192,1193,1194,-1,1194,1193,1195,-1,1194,1195,1196,-1,1196,1195,1197,-1,1196,1197,1198,-1,1198,1197,1199,-1,1198,1199,1200,-1,1200,1199,1201,-1,1200,1201,1202,-1,1202,1201,1203,-1,1202,1203,1156,-1,1156,1203,1157,-1,1157,1204,1159,-1,1159,1204,1205,-1,1159,1205,1161,-1,1161,1205,1206,-1,1161,1206,1163,-1,1163,1206,1207,-1,1163,1207,1165,-1,1165,1207,1208,-1,1165,1208,1167,-1,1167,1208,1209,-1,1167,1209,1169,-1,1169,1209,1210,-1,1169,1210,1171,-1,1171,1210,1211,-1,1171,1211,1173,-1,1173,1211,1212,-1,1173,1212,1175,-1,1175,1212,1213,-1,1175,1213,1177,-1,1177,1213,1214,-1,1177,1214,1179,-1,1179,1214,1215,-1,1179,1215,1181,-1,1181,1215,1216,-1,1181,1216,1183,-1,1183,1216,1217,-1,1183,1217,1185,-1,1185,1217,1218,-1,1185,1218,1187,-1,1187,1218,1219,-1,1187,1219,1189,-1,1189,1219,1220,-1,1189,1220,1191,-1,1191,1220,1221,-1,1191,1221,1193,-1,1193,1221,1222,-1,1193,1222,1195,-1,1195,1222,1223,-1,1195,1223,1197,-1,1197,1223,1224,-1,1197,1224,1199,-1,1199,1224,1225,-1,1199,1225,1201,-1,1201,1225,1226,-1,1201,1226,1203,-1,1203,1226,1227,-1,1203,1227,1157,-1,1157,1227,1204,-1,1204,1228,1205,-1,1205,1228,1229,-1,1205,1229,1206,-1,1206,1229,1230,-1,1206,1230,1207,-1,1207,1230,1231,-1,1207,1231,1208,-1,1208,1231,1232,-1,1208,1232,1209,-1,1209,1232,1233,-1,1209,1233,1210,-1,1210,1233,1234,-1,1210,1234,1211,-1,1211,1234,1235,-1,1211,1235,1212,-1,1212,1235,1236,-1,1212,1236,1213,-1,1213,1236,1237,-1,1213,1237,1214,-1,1214,1237,1238,-1,1214,1238,1215,-1,1215,1238,1239,-1,1215,1239,1216,-1,1216,1239,1240,-1,1216,1240,1217,-1,1217,1240,1241,-1,1217,1241,1218,-1,1218,1241,1242,-1,1218,1242,1219,-1,1219,1242,1243,-1,1219,1243,1220,-1,1220,1243,1244,-1,1220,1244,1221,-1,1221,1244,1245,-1,1221,1245,1222,-1,1222,1245,1246,-1,1222,1246,1223,-1,1223,1246,1247,-1,1223,1247,1224,-1,1224,1247,1248,-1,1224,1248,1225,-1,1225,1248,1249,-1,1225,1249,1226,-1,1226,1249,1250,-1,1226,1250,1227,-1,1227,1250,1251,-1,1227,1251,1204,-1,1204,1251,1228,-1,1228,1252,1229,-1,1229,1252,1253,-1,1229,1253,1230,-1,1230,1253,1254,-1,1230,1254,1231,-1,1231,1254,1255,-1,1231,1255,1232,-1,1232,1255,1256,-1,1232,1256,1233,-1,1233,1256,1257,-1,1233,1257,1234,-1,1234,1257,1258,-1,1234,1258,1235,-1,1235,1258,1259,-1,1235,1259,1236,-1,1236,1259,1260,-1,1236,1260,1237,-1,1237,1260,1261,-1,1237,1261,1238,-1,1238,1261,1262,-1,1238,1262,1239,-1,1239,1262,1263,-1,1239,1263,1240,-1,1240,1263,1264,-1,1240,1264,1241,-1,1241,1264,1265,-1,1241,1265,1242,-1,1242,1265,1266,-1,1242,1266,1243,-1,1243,1266,1267,-1,1243,1267,1244,-1,1244,1267,1268,-1,1244,1268,1245,-1,1245,1268,1269,-1,1245,1269,1246,-1,1246,1269,1270,-1,1246,1270,1247,-1,1247,1270,1271,-1,1247,1271,1248,-1,1248,1271,1272,-1,1248,1272,1249,-1,1249,1272,1273,-1,1249,1273,1250,-1,1250,1273,1274,-1,1250,1274,1251,-1,1251,1274,1275,-1,1251,1275,1228,-1,1228,1275,1252,-1,1252,1153,1253,-1,1253,1153,1146,-1,1253,1146,1254,-1,1254,1146,1145,-1,1254,1145,1255,-1,1255,1145,1143,-1,1255,1143,1256,-1,1256,1143,1141,-1,1256,1141,1257,-1,1257,1141,1139,-1,1257,1139,1258,-1,1258,1139,1137,-1,1258,1137,1259,-1,1259,1137,1135,-1,1259,1135,1260,-1,1260,1135,1133,-1,1260,1133,1261,-1,1261,1133,1131,-1,1261,1131,1262,-1,1262,1131,1128,-1,1262,1128,1263,-1,1263,1128,1125,-1,1263,1125,1264,-1,1264,1125,1122,-1,1264,1122,1265,-1,1265,1122,1119,-1,1265,1119,1266,-1,1266,1119,1116,-1,1266,1116,1267,-1,1267,1116,1113,-1,1267,1113,1268,-1,1268,1113,1111,-1,1268,1111,1269,-1,1269,1111,1109,-1,1269,1109,1270,-1,1270,1109,1107,-1,1270,1107,1271,-1,1271,1107,1105,-1,1271,1105,1272,-1,1272,1105,1103,-1,1272,1103,1273,-1,1273,1103,1101,-1,1273,1101,1274,-1,1274,1101,1096,-1,1274,1096,1275,-1,1275,1096,1099,-1,1275,1099,1252,-1,1252,1099,1153,-1,1276,1194,1277,-1,1277,1194,1196,-1,1277,1196,1278,-1,1278,1196,1198,-1,1278,1198,1279,-1,1279,1198,1200,-1,1279,1200,1280,-1,1280,1200,1202,-1,1280,1202,1281,-1,1281,1202,1156,-1,1281,1156,1282,-1,1282,1156,1158,-1,1282,1158,1283,-1,1283,1158,1160,-1,1283,1160,1284,-1,1284,1160,1162,-1,1284,1162,1285,-1,1285,1162,1164,-1,1285,1164,1286,-1,1286,1164,1166,-1,1286,1166,1287,-1,1287,1166,1168,-1,1287,1168,1288,-1,1288,1168,1170,-1,1288,1170,1289,-1,1289,1170,1172,-1,1289,1172,1290,-1,1290,1172,1174,-1,1290,1174,1291,-1,1291,1174,1176,-1,1291,1176,1292,-1,1292,1176,1178,-1,1292,1178,1293,-1,1293,1178,1180,-1,1293,1180,1294,-1,1294,1180,1182,-1,1294,1182,1295,-1,1295,1182,1184,-1,1295,1184,1296,-1,1296,1184,1186,-1,1296,1186,1297,-1,1297,1186,1188,-1,1297,1188,1298,-1,1298,1188,1190,-1,1298,1190,1299,-1,1299,1190,1192,-1,1299,1192,1276,-1,1276,1192,1194,-1,1300,1301,1302,-1,1302,1301,1303,-1,1302,1303,1304,-1,1305,1306,1302,-1,1302,1306,1307,-1,1302,1307,1300,-1,1308,1309,1302,-1,1302,1309,1310,-1,1302,1310,1305,-1,1311,1312,1302,-1,1302,1312,1313,-1,1302,1313,1308,-1,1314,1315,1302,-1,1302,1315,1316,-1,1302,1316,1311,-1,1317,1318,1302,-1,1302,1318,1319,-1,1302,1319,1314,-1,1320,1321,1302,-1,1302,1321,1322,-1,1302,1322,1317,-1,1304,1323,1302,-1,1302,1323,1324,-1,1302,1324,1320,-1,1303,1325,1304,-1,1304,1325,1326,-1,1304,1326,1323,-1,1323,1326,1327,-1,1323,1327,1324,-1,1324,1327,1328,-1,1324,1328,1320,-1,1320,1328,1329,-1,1320,1329,1321,-1,1321,1329,1330,-1,1321,1330,1322,-1,1322,1330,1331,-1,1322,1331,1317,-1,1317,1331,1332,-1,1317,1332,1318,-1,1318,1332,1333,-1,1318,1333,1319,-1,1319,1333,1334,-1,1319,1334,1314,-1,1314,1334,1335,-1,1314,1335,1315,-1,1315,1335,1336,-1,1315,1336,1316,-1,1316,1336,1337,-1,1316,1337,1311,-1,1311,1337,1338,-1,1311,1338,1312,-1,1312,1338,1339,-1,1312,1339,1313,-1,1313,1339,1340,-1,1313,1340,1308,-1,1308,1340,1341,-1,1308,1341,1309,-1,1309,1341,1342,-1,1309,1342,1310,-1,1310,1342,1343,-1,1310,1343,1305,-1,1305,1343,1344,-1,1305,1344,1306,-1,1306,1344,1345,-1,1306,1345,1307,-1,1307,1345,1346,-1,1307,1346,1300,-1,1300,1346,1347,-1,1300,1347,1301,-1,1301,1347,1348,-1,1301,1348,1303,-1,1303,1348,1325,-1,1349,1350,1351,-1,1352,1353,1354,-1,1349,1351,1353,-1,1353,1351,1355,-1,1353,1355,1354,-1,1354,1356,1357,-1,1357,1358,1354,-1,1354,1358,1359,-1,1354,1359,1360,-1,1360,1361,1354,-1,1354,1361,1362,-1,1354,1362,1352,-1,1361,1363,1362,-1,1362,1363,1364,-1,1362,1364,1352,-1,1352,1364,1365,-1,1352,1365,1353,-1,1353,1365,1349,-1,1360,1366,1361,-1,1361,1366,1367,-1,1361,1367,1363,-1,1359,1368,1360,-1,1360,1368,1369,-1,1360,1369,1366,-1,1358,1370,1359,-1,1359,1370,1371,-1,1359,1371,1368,-1,1357,1372,1358,-1,1358,1372,1373,-1,1358,1373,1370,-1,1350,1374,1351,-1,1351,1374,1375,-1,1351,1375,1355,-1,1355,1375,1376,-1,1355,1376,1354,-1,1354,1376,1377,-1,1354,1377,1356,-1,1356,1377,1378,-1,1356,1378,1357,-1,1357,1378,1379,-1,1357,1379,1372,-1,1380,1381,1382,-1,1383,1384,1385,-1,1386,1387,1388,-1,1386,1388,1389,-1,1387,1386,1390,-1,1390,1386,1391,-1,1390,1391,1392,-1,1392,1391,1393,-1,1393,1391,1394,-1,1393,1394,1395,-1,1396,1397,1394,-1,1394,1397,1398,-1,1394,1398,1395,-1,1399,1400,1396,-1,1396,1400,1401,-1,1396,1401,1397,-1,1402,1403,1399,-1,1399,1403,1404,-1,1399,1404,1400,-1,1405,1406,1402,-1,1402,1406,1407,-1,1402,1407,1403,-1,1405,1402,1408,-1,1408,1402,1409,-1,1408,1409,1410,-1,1410,1409,1411,-1,1410,1411,1412,-1,1412,1411,1413,-1,1413,1411,1414,-1,1413,1414,1415,-1,1416,1417,1418,-1,1418,1417,1419,-1,1419,1420,1418,-1,1418,1420,1421,-1,1418,1421,1414,-1,1414,1421,1422,-1,1414,1422,1415,-1,1384,1423,1385,-1,1385,1423,1424,-1,1385,1424,1416,-1,1416,1424,1425,-1,1416,1425,1417,-1,1426,1427,1428,-1,1429,1430,1431,-1,1429,1431,1427,-1,1427,1431,1432,-1,1427,1432,1428,-1,1433,1434,1435,-1,1435,1434,1436,-1,1435,1436,1429,-1,1429,1436,1437,-1,1429,1437,1430,-1,1438,1439,1440,-1,1440,1439,1441,-1,1440,1441,1433,-1,1433,1441,1442,-1,1433,1442,1434,-1,1438,1440,1443,-1,1443,1440,1444,-1,1443,1444,1445,-1,1446,1447,1448,-1,1448,1447,1449,-1,1448,1449,1450,-1,1450,1449,1451,-1,1451,1449,1452,-1,1451,1452,1453,-1,1453,1452,1454,-1,1454,1452,1455,-1,1454,1455,1456,-1,1380,1457,1381,-1,1381,1457,1458,-1,1381,1458,1455,-1,1455,1458,1459,-1,1455,1459,1456,-1,1388,1460,1389,-1,1389,1460,1461,-1,1389,1461,1382,-1,1382,1461,1462,-1,1382,1462,1380,-1,1446,1445,1447,-1,1447,1445,1444,-1,1447,1444,1449,-1,1449,1444,1463,-1,1449,1463,1452,-1,1452,1463,1464,-1,1452,1464,1455,-1,1455,1464,1465,-1,1455,1465,1381,-1,1381,1465,1466,-1,1381,1466,1382,-1,1382,1466,1467,-1,1382,1467,1389,-1,1389,1467,1468,-1,1389,1468,1386,-1,1386,1468,1469,-1,1386,1469,1391,-1,1391,1469,1470,-1,1391,1470,1394,-1,1394,1470,1471,-1,1394,1471,1396,-1,1396,1471,1472,-1,1396,1472,1399,-1,1399,1472,1473,-1,1399,1473,1402,-1,1402,1473,1474,-1,1402,1474,1409,-1,1409,1474,1475,-1,1409,1475,1411,-1,1411,1475,1476,-1,1411,1476,1414,-1,1414,1476,1477,-1,1414,1477,1418,-1,1418,1477,1478,-1,1418,1478,1416,-1,1416,1478,1479,-1,1416,1479,1385,-1,1385,1479,1426,-1,1385,1426,1383,-1,1383,1426,1428,-1,1435,1480,1433,-1,1433,1480,1481,-1,1433,1481,1440,-1,1440,1481,1482,-1,1440,1482,1444,-1,1444,1482,1483,-1,1444,1483,1463,-1,1463,1483,1484,-1,1463,1484,1464,-1,1464,1484,1485,-1,1464,1485,1465,-1,1465,1485,1486,-1,1465,1486,1466,-1,1466,1486,1487,-1,1466,1487,1467,-1,1467,1487,1488,-1,1467,1488,1468,-1,1468,1488,1489,-1,1468,1489,1469,-1,1469,1489,1490,-1,1469,1490,1470,-1,1470,1490,1491,-1,1470,1491,1471,-1,1471,1491,1492,-1,1471,1492,1472,-1,1472,1492,1493,-1,1472,1493,1473,-1,1473,1493,1494,-1,1473,1494,1474,-1,1474,1494,1495,-1,1474,1495,1475,-1,1475,1495,1496,-1,1475,1496,1476,-1,1476,1496,1497,-1,1476,1497,1477,-1,1477,1497,1498,-1,1477,1498,1478,-1,1478,1498,1499,-1,1478,1499,1479,-1,1479,1499,1500,-1,1479,1500,1426,-1,1426,1500,1501,-1,1426,1501,1427,-1,1427,1501,1502,-1,1427,1502,1429,-1,1429,1502,1503,-1,1429,1503,1435,-1,1435,1503,1480,-1,1502,1504,1505,-1,1502,1505,1503,-1,1504,1502,1506,-1,1506,1502,1501,-1,1506,1501,1507,-1,1507,1501,1500,-1,1507,1500,1508,-1,1508,1500,1499,-1,1508,1499,1509,-1,1509,1499,1498,-1,1509,1498,1510,-1,1510,1498,1497,-1,1510,1497,1511,-1,1511,1497,1496,-1,1511,1496,1512,-1,1512,1496,1495,-1,1512,1495,1513,-1,1513,1495,1514,-1,1514,1495,1494,-1,1514,1494,1515,-1,1515,1494,1516,-1,1516,1494,1493,-1,1516,1493,1517,-1,1517,1493,1518,-1,1518,1493,1492,-1,1518,1492,1519,-1,1519,1492,1520,-1,1520,1492,1491,-1,1520,1491,1521,-1,1521,1491,1522,-1,1522,1491,1490,-1,1522,1490,1523,-1,1523,1490,1524,-1,1524,1490,1489,-1,1524,1489,1525,-1,1525,1489,1488,-1,1525,1488,1526,-1,1526,1488,1487,-1,1526,1487,1527,-1,1527,1487,1486,-1,1527,1486,1528,-1,1528,1486,1485,-1,1528,1485,1529,-1,1529,1485,1484,-1,1529,1484,1530,-1,1530,1484,1483,-1,1530,1483,1531,-1,1482,1481,1532,-1,1532,1533,1482,-1,1482,1533,1534,-1,1482,1534,1483,-1,1483,1534,1535,-1,1483,1535,1531,-1,1505,1536,1503,-1,1503,1536,1537,-1,1503,1537,1480,-1,1480,1537,1538,-1,1480,1538,1481,-1,1481,1538,1539,-1,1481,1539,1532,-1,1540,1541,1542,-1,1542,1541,1543,-1,1542,1543,1544,-1,1544,1543,1545,-1,1544,1545,1546,-1,1546,1545,1547,-1,1546,1547,1548,-1,1548,1547,1549,-1,1548,1549,1550,-1,1550,1549,1551,-1,1550,1551,1552,-1,1552,1551,1553,-1,1552,1553,1554,-1,1555,1556,1557,-1,1557,1556,1558,-1,1557,1558,1559,-1,1559,1558,1560,-1,1559,1560,1540,-1,1540,1560,1561,-1,1540,1561,1541,-1,1562,1563,1564,-1,1564,1563,1565,-1,1564,1565,1566,-1,1566,1565,1567,-1,1566,1567,1568,-1,1568,1567,1569,-1,1568,1569,1570,-1,1570,1569,1571,-1,1570,1571,1572,-1,1572,1571,1573,-1,1572,1573,1574,-1,1574,1573,1575,-1,1574,1575,1576,-1,1576,1575,1577,-1,1576,1577,1578,-1,1578,1577,1579,-1,1578,1579,1580,-1,1580,1579,1581,-1,1580,1581,1582,-1,1582,1581,1583,-1,1582,1583,1555,-1,1555,1583,1584,-1,1555,1584,1556,-1,1553,1585,1554,-1,1554,1585,1586,-1,1554,1586,1587,-1,1587,1586,1588,-1,1587,1588,1589,-1,1589,1588,1590,-1,1589,1590,1562,-1,1562,1590,1591,-1,1562,1591,1563,-1,1568,1570,1592,-1,1592,1570,1572,-1,1592,1572,1574,-1,1562,1564,1592,-1,1592,1564,1566,-1,1592,1566,1568,-1,1554,1587,1592,-1,1592,1587,1589,-1,1592,1589,1562,-1,1548,1550,1592,-1,1592,1550,1552,-1,1592,1552,1554,-1,1542,1544,1592,-1,1592,1544,1546,-1,1592,1546,1548,-1,1557,1559,1592,-1,1592,1559,1540,-1,1592,1540,1542,-1,1580,1582,1592,-1,1592,1582,1555,-1,1592,1555,1557,-1,1574,1576,1592,-1,1592,1576,1578,-1,1592,1578,1580,-1,1593,1594,1595,-1,1595,1594,1596,-1,1595,1596,1597,-1,1593,1598,1594,-1,1594,1598,1599,-1,1594,1599,1600,-1,1601,1602,1603,-1,1603,1602,1604,-1,1600,1605,1594,-1,1594,1605,1604,-1,1594,1604,1606,-1,1606,1604,1602,-1,1601,1607,1602,-1,1602,1607,1608,-1,1602,1608,1606,-1,1606,1608,1609,-1,1606,1609,1594,-1,1594,1609,1596,-1,1603,1610,1601,-1,1601,1610,1611,-1,1601,1611,1607,-1,1604,1612,1603,-1,1603,1612,1613,-1,1603,1613,1610,-1,1605,1614,1604,-1,1604,1614,1615,-1,1604,1615,1612,-1,1600,1616,1605,-1,1605,1616,1617,-1,1605,1617,1614,-1,1597,1618,1595,-1,1595,1618,1619,-1,1595,1619,1593,-1,1593,1619,1620,-1,1593,1620,1598,-1,1598,1620,1621,-1,1598,1621,1599,-1,1599,1621,1622,-1,1599,1622,1600,-1,1600,1622,1623,-1,1600,1623,1616,-1,1624,1625,1626,-1,1627,1628,1629,-1,1630,1631,1632,-1,1630,1632,1633,-1,1631,1630,1634,-1,1634,1630,1635,-1,1634,1635,1636,-1,1636,1635,1637,-1,1637,1635,1638,-1,1637,1638,1639,-1,1640,1641,1638,-1,1638,1641,1642,-1,1638,1642,1639,-1,1643,1644,1640,-1,1640,1644,1645,-1,1640,1645,1641,-1,1646,1647,1643,-1,1643,1647,1648,-1,1643,1648,1644,-1,1649,1650,1646,-1,1646,1650,1651,-1,1646,1651,1647,-1,1649,1646,1652,-1,1652,1646,1653,-1,1652,1653,1654,-1,1654,1653,1655,-1,1654,1655,1656,-1,1656,1655,1657,-1,1657,1655,1658,-1,1657,1658,1659,-1,1660,1661,1662,-1,1662,1661,1663,-1,1663,1664,1662,-1,1662,1664,1665,-1,1662,1665,1658,-1,1658,1665,1666,-1,1658,1666,1659,-1,1628,1667,1629,-1,1629,1667,1668,-1,1629,1668,1660,-1,1660,1668,1669,-1,1660,1669,1661,-1,1670,1671,1672,-1,1673,1674,1675,-1,1673,1675,1671,-1,1671,1675,1676,-1,1671,1676,1672,-1,1677,1678,1679,-1,1679,1678,1680,-1,1679,1680,1673,-1,1673,1680,1681,-1,1673,1681,1674,-1,1682,1683,1684,-1,1684,1683,1685,-1,1684,1685,1677,-1,1677,1685,1686,-1,1677,1686,1678,-1,1682,1684,1687,-1,1687,1684,1688,-1,1687,1688,1689,-1,1690,1691,1692,-1,1692,1691,1693,-1,1692,1693,1694,-1,1694,1693,1695,-1,1695,1693,1696,-1,1695,1696,1697,-1,1697,1696,1698,-1,1698,1696,1699,-1,1698,1699,1700,-1,1624,1701,1625,-1,1625,1701,1702,-1,1625,1702,1699,-1,1699,1702,1703,-1,1699,1703,1700,-1,1632,1704,1633,-1,1633,1704,1705,-1,1633,1705,1626,-1,1626,1705,1706,-1,1626,1706,1624,-1,1690,1689,1691,-1,1691,1689,1688,-1,1691,1688,1693,-1,1693,1688,1707,-1,1693,1707,1696,-1,1696,1707,1708,-1,1696,1708,1699,-1,1699,1708,1709,-1,1699,1709,1625,-1,1625,1709,1710,-1,1625,1710,1626,-1,1626,1710,1711,-1,1626,1711,1633,-1,1633,1711,1712,-1,1633,1712,1630,-1,1630,1712,1713,-1,1630,1713,1635,-1,1635,1713,1714,-1,1635,1714,1638,-1,1638,1714,1715,-1,1638,1715,1640,-1,1640,1715,1716,-1,1640,1716,1643,-1,1643,1716,1717,-1,1643,1717,1646,-1,1646,1717,1718,-1,1646,1718,1653,-1,1653,1718,1719,-1,1653,1719,1655,-1,1655,1719,1720,-1,1655,1720,1658,-1,1658,1720,1721,-1,1658,1721,1662,-1,1662,1721,1722,-1,1662,1722,1660,-1,1660,1722,1723,-1,1660,1723,1629,-1,1629,1723,1670,-1,1629,1670,1627,-1,1627,1670,1672,-1,1679,1724,1677,-1,1677,1724,1725,-1,1677,1725,1684,-1,1684,1725,1726,-1,1684,1726,1688,-1,1688,1726,1727,-1,1688,1727,1707,-1,1707,1727,1728,-1,1707,1728,1708,-1,1708,1728,1729,-1,1708,1729,1709,-1,1709,1729,1730,-1,1709,1730,1710,-1,1710,1730,1731,-1,1710,1731,1711,-1,1711,1731,1732,-1,1711,1732,1712,-1,1712,1732,1733,-1,1712,1733,1713,-1,1713,1733,1734,-1,1713,1734,1714,-1,1714,1734,1735,-1,1714,1735,1715,-1,1715,1735,1736,-1,1715,1736,1716,-1,1716,1736,1737,-1,1716,1737,1717,-1,1717,1737,1738,-1,1717,1738,1718,-1,1718,1738,1739,-1,1718,1739,1719,-1,1719,1739,1740,-1,1719,1740,1720,-1,1720,1740,1741,-1,1720,1741,1721,-1,1721,1741,1742,-1,1721,1742,1722,-1,1722,1742,1743,-1,1722,1743,1723,-1,1723,1743,1744,-1,1723,1744,1670,-1,1670,1744,1745,-1,1670,1745,1671,-1,1671,1745,1746,-1,1671,1746,1673,-1,1673,1746,1747,-1,1673,1747,1679,-1,1679,1747,1724,-1,1746,1748,1749,-1,1746,1749,1747,-1,1748,1746,1750,-1,1750,1746,1745,-1,1750,1745,1751,-1,1751,1745,1744,-1,1751,1744,1752,-1,1752,1744,1743,-1,1752,1743,1753,-1,1753,1743,1742,-1,1753,1742,1754,-1,1754,1742,1741,-1,1754,1741,1755,-1,1755,1741,1740,-1,1755,1740,1756,-1,1756,1740,1739,-1,1756,1739,1757,-1,1757,1739,1758,-1,1758,1739,1738,-1,1758,1738,1759,-1,1759,1738,1760,-1,1760,1738,1737,-1,1760,1737,1761,-1,1761,1737,1762,-1,1762,1737,1736,-1,1762,1736,1763,-1,1763,1736,1764,-1,1764,1736,1735,-1,1764,1735,1765,-1,1765,1735,1766,-1,1766,1735,1734,-1,1766,1734,1767,-1,1767,1734,1768,-1,1768,1734,1733,-1,1768,1733,1769,-1,1769,1733,1732,-1,1769,1732,1770,-1,1770,1732,1731,-1,1770,1731,1771,-1,1771,1731,1730,-1,1771,1730,1772,-1,1772,1730,1729,-1,1772,1729,1773,-1,1773,1729,1728,-1,1773,1728,1774,-1,1774,1728,1727,-1,1774,1727,1775,-1,1726,1725,1776,-1,1776,1777,1726,-1,1726,1777,1778,-1,1726,1778,1727,-1,1727,1778,1779,-1,1727,1779,1775,-1,1749,1780,1747,-1,1747,1780,1781,-1,1747,1781,1724,-1,1724,1781,1782,-1,1724,1782,1725,-1,1725,1782,1783,-1,1725,1783,1776,-1,1784,1785,1786,-1,1786,1785,1787,-1,1786,1787,1788,-1,1788,1787,1789,-1,1788,1789,1790,-1,1790,1789,1791,-1,1790,1791,1792,-1,1792,1791,1793,-1,1792,1793,1794,-1,1794,1793,1795,-1,1794,1795,1796,-1,1796,1795,1797,-1,1796,1797,1798,-1,1798,1797,1799,-1,1798,1799,1800,-1,1800,1799,1801,-1,1800,1801,1802,-1,1802,1801,1803,-1,1802,1803,1804,-1,1804,1803,1805,-1,1804,1805,1806,-1,1806,1805,1807,-1,1806,1807,1808,-1,1808,1807,1809,-1,1808,1809,1810,-1,1810,1809,1811,-1,1810,1811,1812,-1,1812,1811,1813,-1,1812,1813,1814,-1,1814,1813,1815,-1,1814,1815,1816,-1,1816,1815,1817,-1,1816,1817,1818,-1,1818,1817,1819,-1,1818,1819,1820,-1,1820,1819,1821,-1,1820,1821,1822,-1,1822,1821,1823,-1,1822,1823,1824,-1,1824,1823,1825,-1,1824,1825,1826,-1,1826,1825,1827,-1,1826,1827,1828,-1,1828,1827,1829,-1,1828,1829,1830,-1,1830,1829,1831,-1,1830,1831,1784,-1,1784,1831,1785,-1,1792,1794,1832,-1,1832,1794,1796,-1,1832,1796,1798,-1,1786,1788,1832,-1,1832,1788,1790,-1,1832,1790,1792,-1,1828,1830,1832,-1,1832,1830,1784,-1,1832,1784,1786,-1,1822,1824,1832,-1,1832,1824,1826,-1,1832,1826,1828,-1,1816,1818,1832,-1,1832,1818,1820,-1,1832,1820,1822,-1,1810,1812,1832,-1,1832,1812,1814,-1,1832,1814,1816,-1,1804,1806,1832,-1,1832,1806,1808,-1,1832,1808,1810,-1,1798,1800,1832,-1,1832,1800,1802,-1,1832,1802,1804,-1,1833,1834,1835,-1,1835,1834,1836,-1,1835,1836,1837,-1,1838,1839,1840,-1,1841,1842,1835,-1,1835,1842,1843,-1,1838,1840,1835,-1,1835,1840,1844,-1,1835,1844,1841,-1,1843,1845,1835,-1,1835,1845,1846,-1,1835,1846,1833,-1,1845,1847,1846,-1,1846,1847,1848,-1,1846,1848,1833,-1,1833,1848,1849,-1,1833,1849,1834,-1,1834,1849,1836,-1,1843,1850,1845,-1,1845,1850,1851,-1,1845,1851,1847,-1,1842,1852,1843,-1,1843,1852,1853,-1,1843,1853,1850,-1,1841,1854,1842,-1,1842,1854,1855,-1,1842,1855,1852,-1,1844,1856,1841,-1,1841,1856,1857,-1,1841,1857,1854,-1,1837,1858,1835,-1,1835,1858,1859,-1,1835,1859,1838,-1,1838,1859,1860,-1,1838,1860,1839,-1,1839,1860,1861,-1,1839,1861,1840,-1,1840,1861,1862,-1,1840,1862,1844,-1,1844,1862,1863,-1,1844,1863,1856,-1,1864,1865,1866,-1,1867,1868,1869,-1,1869,1868,1870,-1,1871,1872,1869,-1,1869,1872,1873,-1,1869,1873,1867,-1,1874,1875,1871,-1,1871,1875,1876,-1,1871,1876,1872,-1,1877,1878,1879,-1,1879,1878,1880,-1,1879,1880,1874,-1,1874,1880,1881,-1,1874,1881,1875,-1,1882,1883,1884,-1,1884,1883,1885,-1,1884,1885,1879,-1,1879,1885,1886,-1,1879,1886,1877,-1,1887,1888,1882,-1,1882,1888,1889,-1,1882,1889,1883,-1,1890,1891,1892,-1,1892,1891,1893,-1,1892,1893,1887,-1,1887,1893,1894,-1,1887,1894,1888,-1,1890,1892,1895,-1,1895,1892,1896,-1,1895,1896,1897,-1,1897,1896,1898,-1,1897,1898,1899,-1,1866,1865,1898,-1,1898,1865,1900,-1,1898,1900,1899,-1,1901,1902,1903,-1,1903,1902,1904,-1,1903,1904,1866,-1,1866,1904,1905,-1,1866,1905,1864,-1,1906,1907,1908,-1,1908,1907,1909,-1,1908,1909,1910,-1,1911,1912,1913,-1,1913,1912,1914,-1,1913,1914,1909,-1,1909,1914,1915,-1,1909,1915,1910,-1,1911,1913,1916,-1,1916,1913,1917,-1,1916,1917,1918,-1,1918,1917,1919,-1,1918,1919,1920,-1,1920,1919,1921,-1,1921,1919,1922,-1,1921,1922,1923,-1,1923,1922,1924,-1,1924,1922,1925,-1,1924,1925,1926,-1,1927,1928,1929,-1,1929,1928,1930,-1,1929,1930,1931,-1,1932,1933,1930,-1,1930,1933,1934,-1,1930,1934,1931,-1,1935,1936,1932,-1,1932,1936,1937,-1,1932,1937,1933,-1,1938,1939,1940,-1,1940,1939,1941,-1,1940,1941,1935,-1,1935,1941,1942,-1,1935,1942,1936,-1,1938,1940,1943,-1,1943,1940,1944,-1,1943,1944,1945,-1,1868,1946,1870,-1,1870,1946,1947,-1,1870,1947,1944,-1,1944,1947,1948,-1,1944,1948,1945,-1,1927,1926,1928,-1,1928,1926,1925,-1,1928,1925,1930,-1,1930,1925,1949,-1,1930,1949,1932,-1,1932,1949,1950,-1,1932,1950,1935,-1,1935,1950,1951,-1,1935,1951,1940,-1,1940,1951,1952,-1,1940,1952,1944,-1,1944,1952,1953,-1,1944,1953,1870,-1,1870,1953,1954,-1,1870,1954,1869,-1,1869,1954,1955,-1,1869,1955,1871,-1,1871,1955,1956,-1,1871,1956,1874,-1,1874,1956,1957,-1,1874,1957,1879,-1,1879,1957,1958,-1,1879,1958,1884,-1,1884,1958,1959,-1,1884,1959,1882,-1,1882,1959,1960,-1,1882,1960,1887,-1,1887,1960,1961,-1,1887,1961,1892,-1,1892,1961,1962,-1,1892,1962,1896,-1,1896,1962,1963,-1,1896,1963,1898,-1,1898,1963,1964,-1,1898,1964,1866,-1,1866,1964,1965,-1,1866,1965,1903,-1,1903,1965,1907,-1,1903,1907,1901,-1,1901,1907,1906,-1,1917,1966,1919,-1,1919,1966,1967,-1,1919,1967,1922,-1,1922,1967,1968,-1,1922,1968,1925,-1,1925,1968,1969,-1,1925,1969,1949,-1,1949,1969,1970,-1,1949,1970,1950,-1,1950,1970,1971,-1,1950,1971,1951,-1,1951,1971,1972,-1,1951,1972,1952,-1,1952,1972,1973,-1,1952,1973,1953,-1,1953,1973,1974,-1,1953,1974,1954,-1,1954,1974,1975,-1,1954,1975,1955,-1,1955,1975,1976,-1,1955,1976,1956,-1,1956,1976,1977,-1,1956,1977,1957,-1,1957,1977,1978,-1,1957,1978,1958,-1,1958,1978,1979,-1,1958,1979,1959,-1,1959,1979,1980,-1,1959,1980,1960,-1,1960,1980,1981,-1,1960,1981,1961,-1,1961,1981,1982,-1,1961,1982,1962,-1,1962,1982,1983,-1,1962,1983,1963,-1,1963,1983,1984,-1,1963,1984,1964,-1,1964,1984,1985,-1,1964,1985,1965,-1,1965,1985,1986,-1,1965,1986,1907,-1,1907,1986,1987,-1,1907,1987,1909,-1,1909,1987,1988,-1,1909,1988,1913,-1,1913,1988,1989,-1,1913,1989,1917,-1,1917,1989,1966,-1,1988,1990,1991,-1,1988,1991,1989,-1,1990,1988,1992,-1,1992,1988,1987,-1,1992,1987,1993,-1,1993,1987,1986,-1,1993,1986,1994,-1,1994,1986,1985,-1,1994,1985,1995,-1,1995,1985,1984,-1,1995,1984,1996,-1,1996,1984,1983,-1,1996,1983,1997,-1,1997,1983,1982,-1,1997,1982,1998,-1,1998,1982,1981,-1,1998,1981,1999,-1,1999,1981,2000,-1,2000,1981,1980,-1,2000,1980,2001,-1,2001,1980,2002,-1,2002,1980,1979,-1,2002,1979,2003,-1,2003,1979,2004,-1,2004,1979,1978,-1,2004,1978,2005,-1,2005,1978,2006,-1,2006,1978,1977,-1,2006,1977,2007,-1,2007,1977,2008,-1,2008,1977,1976,-1,2008,1976,2009,-1,2009,1976,2010,-1,2010,1976,1975,-1,2010,1975,2011,-1,2011,1975,1974,-1,2011,1974,2012,-1,2012,1974,1973,-1,2012,1973,2013,-1,2013,1973,1972,-1,2013,1972,2014,-1,2014,1972,1971,-1,2014,1971,2015,-1,2015,1971,1970,-1,2015,1970,2016,-1,2016,1970,1969,-1,2016,1969,2017,-1,1968,1967,2018,-1,2018,2019,1968,-1,1968,2019,2020,-1,1968,2020,1969,-1,1969,2020,2021,-1,1969,2021,2017,-1,1991,2022,1989,-1,1989,2022,2023,-1,1989,2023,1966,-1,1966,2023,2024,-1,1966,2024,1967,-1,1967,2024,2025,-1,1967,2025,2018,-1,2026,2027,2028,-1,2028,2027,2029,-1,2028,2029,2030,-1,2030,2029,2031,-1,2030,2031,2032,-1,2032,2031,2033,-1,2032,2033,2034,-1,2034,2033,2035,-1,2034,2035,2036,-1,2036,2035,2037,-1,2036,2037,2038,-1,2038,2037,2039,-1,2038,2039,2040,-1,2040,2039,2041,-1,2040,2041,2042,-1,2042,2041,2043,-1,2042,2043,2044,-1,2044,2043,2045,-1,2044,2045,2046,-1,2046,2045,2047,-1,2046,2047,2048,-1,2048,2047,2049,-1,2048,2049,2050,-1,2050,2049,2051,-1,2050,2051,2052,-1,2052,2051,2053,-1,2052,2053,2054,-1,2054,2053,2055,-1,2054,2055,2056,-1,2056,2055,2057,-1,2056,2057,2058,-1,2058,2057,2059,-1,2058,2059,2060,-1,2060,2059,2061,-1,2060,2061,2062,-1,2062,2061,2063,-1,2062,2063,2064,-1,2064,2063,2065,-1,2064,2065,2066,-1,2066,2065,2067,-1,2066,2067,2068,-1,2068,2067,2069,-1,2068,2069,2070,-1,2070,2069,2071,-1,2070,2071,2072,-1,2072,2071,2073,-1,2072,2073,2026,-1,2026,2073,2027,-1,2034,2036,2074,-1,2074,2036,2038,-1,2074,2038,2040,-1,2028,2030,2074,-1,2074,2030,2032,-1,2074,2032,2034,-1,2070,2072,2074,-1,2074,2072,2026,-1,2074,2026,2028,-1,2064,2066,2074,-1,2074,2066,2068,-1,2074,2068,2070,-1,2058,2060,2074,-1,2074,2060,2062,-1,2074,2062,2064,-1,2052,2054,2074,-1,2074,2054,2056,-1,2074,2056,2058,-1,2046,2048,2074,-1,2074,2048,2050,-1,2074,2050,2052,-1,2040,2042,2074,-1,2074,2042,2044,-1,2074,2044,2046,-1,2075,2076,2077,-1,2078,2079,2080,-1,2080,2079,2081,-1,2075,2077,2079,-1,2079,2077,2082,-1,2079,2082,2081,-1,2083,2084,2080,-1,2080,2084,2085,-1,2080,2085,2086,-1,2086,2087,2080,-1,2080,2087,2088,-1,2080,2088,2078,-1,2087,2089,2088,-1,2088,2089,2090,-1,2088,2090,2078,-1,2078,2090,2091,-1,2078,2091,2079,-1,2079,2091,2075,-1,2086,2092,2087,-1,2087,2092,2093,-1,2087,2093,2089,-1,2085,2094,2086,-1,2086,2094,2095,-1,2086,2095,2092,-1,2084,2096,2085,-1,2085,2096,2097,-1,2085,2097,2094,-1,2083,2098,2084,-1,2084,2098,2099,-1,2084,2099,2096,-1,2076,2100,2077,-1,2077,2100,2101,-1,2077,2101,2082,-1,2082,2101,2102,-1,2082,2102,2081,-1,2081,2102,2103,-1,2081,2103,2080,-1,2080,2103,2104,-1,2080,2104,2083,-1,2083,2104,2105,-1,2083,2105,2098,-1,2106,2107,2108,-1,2108,2107,2109,-1,2110,2111,2106,-1,2106,2111,2107,-1,2112,2113,2110,-1,2110,2113,2111,-1,2114,2115,2112,-1,2112,2115,2113,-1,2116,2117,2114,-1,2114,2117,2115,-1,2118,2119,2116,-1,2116,2119,2117,-1,2120,2121,2118,-1,2118,2121,2119,-1,2120,2108,2121,-1,2121,2108,2109,-1,2122,2110,2123,-1,2123,2110,2106,-1,2124,2116,2122,-1,2122,2116,2114,-1,2122,2114,2110,-1,2110,2114,2112,-1,2124,2125,2116,-1,2116,2125,2126,-1,2116,2126,2118,-1,2118,2126,2127,-1,2118,2127,2128,-1,2128,2129,2118,-1,2118,2129,2123,-1,2118,2123,2120,-1,2120,2123,2106,-1,2120,2106,2108,-1,2127,2130,2131,-1,2127,2131,2128,-1,2128,2131,2132,-1,2128,2132,2129,-1,2126,2133,2127,-1,2127,2133,2130,-1,2124,2134,2135,-1,2124,2135,2125,-1,2125,2135,2133,-1,2125,2133,2126,-1,2122,2136,2124,-1,2124,2136,2134,-1,2123,2137,2122,-1,2122,2137,2136,-1,2132,2137,2129,-1,2129,2137,2123,-1,2138,2139,2140,-1,2140,2139,2141,-1,2142,2143,2144,-1,2142,2144,2145,-1,2145,2144,2146,-1,2145,2146,2147,-1,2147,2146,2148,-1,2147,2148,2149,-1,2149,2148,2150,-1,2149,2150,2151,-1,2151,2150,2152,-1,2151,2152,2153,-1,2153,2152,2154,-1,2153,2154,2155,-1,2155,2154,2156,-1,2155,2156,2157,-1,2157,2156,2139,-1,2157,2139,2138,-1,2158,2159,2160,-1,2158,2160,2161,-1,2161,2160,2162,-1,2161,2162,2163,-1,2163,2162,2164,-1,2163,2164,2165,-1,2165,2164,2166,-1,2165,2166,2167,-1,2167,2166,2168,-1,2167,2168,2169,-1,2169,2168,2170,-1,2169,2170,2171,-1,2171,2170,2143,-1,2171,2143,2142,-1,2172,2173,2158,-1,2158,2173,2159,-1,2172,2140,2173,-1,2173,2140,2141,-1,2171,2142,2174,-1,2174,2142,2145,-1,2174,2145,2175,-1,2175,2145,2147,-1,2175,2147,2176,-1,2176,2147,2149,-1,2176,2149,2177,-1,2177,2149,2151,-1,2177,2151,2178,-1,2178,2151,2153,-1,2178,2153,2179,-1,2179,2153,2155,-1,2179,2155,2180,-1,2180,2155,2157,-1,2180,2157,2181,-1,2181,2157,2138,-1,2181,2138,2182,-1,2182,2138,2140,-1,2182,2140,2183,-1,2183,2140,2172,-1,2183,2172,2184,-1,2184,2172,2158,-1,2184,2158,2185,-1,2185,2158,2161,-1,2185,2161,2186,-1,2186,2161,2163,-1,2186,2163,2187,-1,2187,2163,2165,-1,2187,2165,2188,-1,2188,2165,2167,-1,2188,2167,2189,-1,2189,2167,2169,-1,2189,2169,2190,-1,2190,2169,2171,-1,2190,2171,2174,-1,2184,2191,2183,-1,2183,2191,2192,-1,2174,2193,2194,-1,2174,2194,2190,-1,2190,2194,2195,-1,2190,2195,2189,-1,2189,2195,2196,-1,2189,2196,2188,-1,2188,2196,2197,-1,2188,2197,2187,-1,2187,2197,2198,-1,2187,2198,2186,-1,2186,2198,2199,-1,2186,2199,2185,-1,2185,2199,2191,-1,2185,2191,2184,-1,2181,2200,2201,-1,2181,2201,2180,-1,2180,2201,2202,-1,2180,2202,2179,-1,2179,2202,2203,-1,2179,2203,2178,-1,2178,2203,2204,-1,2178,2204,2177,-1,2177,2204,2205,-1,2177,2205,2176,-1,2176,2205,2206,-1,2176,2206,2175,-1,2175,2206,2193,-1,2175,2193,2174,-1,2182,2207,2181,-1,2181,2207,2200,-1,2192,2207,2183,-1,2183,2207,2182,-1,2208,2209,2210,-1,2210,2209,2211,-1,2212,2213,2208,-1,2208,2213,2209,-1,2214,2215,2212,-1,2212,2215,2213,-1,2216,2217,2214,-1,2214,2217,2215,-1,2218,2219,2216,-1,2216,2219,2217,-1,2220,2221,2218,-1,2218,2221,2219,-1,2222,2223,2220,-1,2220,2223,2221,-1,2224,2225,2222,-1,2222,2225,2223,-1,2226,2227,2224,-1,2224,2227,2225,-1,2228,2229,2226,-1,2226,2229,2227,-1,2230,2231,2228,-1,2228,2231,2229,-1,2230,2210,2231,-1,2231,2210,2211,-1,2210,2230,2228,-1,2228,2226,2210,-1,2210,2226,2224,-1,2210,2224,2208,-1,2214,2212,2216,-1,2216,2212,2208,-1,2216,2208,2218,-1,2218,2208,2224,-1,2218,2224,2220,-1,2220,2224,2222,-1,2232,2233,2234,-1,2232,2234,2235,-1,2235,2234,2236,-1,2235,2236,2237,-1,2237,2236,2238,-1,2237,2238,2239,-1,2239,2238,2240,-1,2239,2240,2241,-1,2241,2240,2242,-1,2241,2242,2243,-1,2243,2242,2244,-1,2243,2244,2245,-1,2245,2244,2246,-1,2245,2246,2247,-1,2248,2249,2250,-1,2248,2250,2251,-1,2251,2250,2252,-1,2251,2252,2253,-1,2253,2252,2254,-1,2253,2254,2255,-1,2255,2254,2256,-1,2255,2256,2257,-1,2257,2256,2258,-1,2257,2258,2259,-1,2259,2258,2260,-1,2259,2260,2261,-1,2261,2260,2233,-1,2261,2233,2232,-1,2262,2263,2264,-1,2262,2264,2265,-1,2265,2264,2249,-1,2265,2249,2248,-1,2266,2267,2262,-1,2262,2267,2263,-1,2268,2269,2270,-1,2268,2270,2271,-1,2271,2270,2267,-1,2271,2267,2266,-1,2272,2273,2274,-1,2272,2274,2275,-1,2275,2274,2276,-1,2275,2276,2277,-1,2277,2276,2278,-1,2277,2278,2279,-1,2279,2278,2280,-1,2279,2280,2281,-1,2281,2280,2282,-1,2281,2282,2283,-1,2283,2282,2284,-1,2283,2284,2285,-1,2285,2284,2269,-1,2285,2269,2268,-1,2286,2287,2288,-1,2286,2288,2289,-1,2289,2288,2290,-1,2289,2290,2291,-1,2291,2290,2292,-1,2291,2292,2293,-1,2293,2292,2294,-1,2293,2294,2295,-1,2295,2294,2296,-1,2295,2296,2297,-1,2297,2296,2298,-1,2297,2298,2299,-1,2299,2298,2273,-1,2299,2273,2272,-1,2300,2301,2302,-1,2300,2302,2303,-1,2303,2302,2304,-1,2303,2304,2305,-1,2305,2304,2287,-1,2305,2287,2286,-1,2306,2307,2300,-1,2300,2307,2301,-1,2247,2246,2308,-1,2247,2308,2309,-1,2309,2308,2310,-1,2309,2310,2311,-1,2311,2310,2307,-1,2311,2307,2306,-1,2289,2247,2286,-1,2286,2247,2309,-1,2286,2309,2305,-1,2305,2309,2311,-1,2305,2311,2303,-1,2303,2311,2306,-1,2303,2306,2300,-1,2266,2262,2271,-1,2271,2262,2265,-1,2271,2265,2268,-1,2268,2265,2248,-1,2268,2248,2285,-1,2285,2248,2251,-1,2285,2251,2283,-1,2283,2251,2253,-1,2283,2253,2281,-1,2281,2253,2255,-1,2281,2255,2279,-1,2279,2255,2257,-1,2279,2257,2277,-1,2277,2257,2259,-1,2277,2259,2275,-1,2275,2259,2261,-1,2275,2261,2272,-1,2272,2261,2232,-1,2272,2232,2299,-1,2299,2232,2235,-1,2299,2235,2297,-1,2297,2235,2237,-1,2297,2237,2295,-1,2295,2237,2239,-1,2295,2239,2293,-1,2293,2239,2241,-1,2293,2241,2291,-1,2291,2241,2243,-1,2291,2243,2289,-1,2289,2243,2245,-1,2289,2245,2247,-1,2312,2313,2314,-1,2314,2313,2315,-1,2316,2317,2312,-1,2312,2317,2313,-1,2318,2319,2316,-1,2316,2319,2317,-1,2320,2321,2318,-1,2318,2321,2319,-1,2322,2323,2320,-1,2320,2323,2321,-1,2322,2314,2323,-1,2323,2314,2315,-1,2316,2312,2318,-1,2318,2312,2314,-1,2318,2314,2320,-1,2320,2314,2322,-1,
        ]
    }
}
Shape{
    appearance Appearance {
        material  Material 	{
            diffuseColor 0.10980392156862745 0.10980392156862745 0.10980392156862745
            specularColor 0.0784313725490196 0.0784313725490196 0.0784313725490196
            ambientIntensity 0.2
            transparency 0
            shininess 0.5
        }
    }
    geometry IndexedFaceSet {
        ccw TRUE
        solid FALSE
        coord DEF co Coordinate {
            point [
                0.42 -1.1222 0.0394, 0.4595 -1.1222 0.0394, 0.4376 -1.1716 0.0394, 0.4417 -1.1716 0.0394, 0.4387 -1.1757 0.0394, 0.4407 -1.1757 0.0394, 0.4395 -1.1798 0.0394, 0.4399 -1.1798 0.0394, 0.2996 -1.1813 0.0394, 0.2996 -1.0891 0.0394, 0.317 -1.1813 0.0394, 0.3164 -1.0891 0.0394, 0.3615 -1.1221 0.0394, 0.363 -1.1363 0.0394, 0.362 -1.1481 0.0394, 0.3592 -1.1574 0.0394, 0.3311 -1.1798 0.0394, 0.3288 -1.0903 0.0394, 0.3388 -1.0934 0.0394, 0.3468 -1.0981 0.0394, 0.3552 -1.1647 0.0394, 0.3494 -1.1708 0.0394, 0.3408 -1.1763 0.0394, 0.3534 -1.1047 0.0394, 0.3584 -1.1127 0.0394, 0.3584 -1.1127 0.0394
            ]
        }
        coordIndex [
            0,1,2,-1,2,1,3,-1,2,3,4,-1,4,3,5,-1,4,5,6,-1,6,5,7,-1,8,9,10,-1,10,9,11,-1,12,13,10,-1,13,14,10,-1,10,14,15,-1,10,15,16,-1,11,17,10,-1,10,17,18,-1,10,18,19,-1,20,21,15,-1,15,21,22,-1,15,22,16,-1,19,23,10,-1,10,23,24,-1,10,24,12,-1,
        ]
    }
}